"WaveOrder","WaveSlot","SlotPosition","Area","Topic","KnowledgeId","Unit","File","InitialPriority","Status","CompletedOn"
"1","1","1","frontend","javascript","javascript.timers-tasks-microtasks-and-abortable-delay","Timers, tasks, microtasks, and abortable delay","_ai-conspects/_knowledge/javascript/timers-tasks-microtasks-and-abortable-delay.md","HIGH","NOT_REVIEWED",""
"2","1","2","backend","aspnet-core","aspnet-core.middleware-ordering-short-circuit-and-json","Middleware ordering, short-circuiting, and JSON responses","_ai-conspects/_knowledge/aspnet-core/middleware-ordering-short-circuit-and-json.md","HIGH","NOT_REVIEWED",""
"3","1","3","data","sql-server","sql-server.logical-query-processing-order","SQL logical query processing order","_ai-conspects/_knowledge/sql-server/logical-query-processing-order.md","HIGH","NOT_REVIEWED",""
"4","1","4","frontend","react","react.render-snapshots-batching-and-memoization","Render snapshots, batching, and memoization","_ai-conspects/_knowledge/react/render-snapshots-batching-and-memoization.md","HIGH","NOT_REVIEWED",""
"5","1","5","cross-cutting","dotnet","dotnet.async-concurrency-and-task-start","Async concurrency, parallelism, and when tasks start","_ai-conspects/_knowledge/dotnet/async-concurrency-and-task-start.md","HIGH","NOT_REVIEWED",""
"6","1","6","data","ef-core","ef-core.tracking-queries-identity-resolution-and-projections","Tracking queries, identity resolution, and read projections","_ai-conspects/_knowledge/ef-core/tracking-queries-identity-resolution-and-projections.md","HIGH","NOT_REVIEWED",""
"7","2","1","backend","http","http.rest-constraints-resource-and-method-semantics","REST constraints, resource contracts, and method semantics","_ai-conspects/_knowledge/http/rest-constraints-resource-and-method-semantics.md","HIGH","NOT_REVIEWED",""
"8","2","2","backend","aspnet-core","aspnet-core.endpoint-matching-phases-and-route-precedence","Endpoint matching phases and route precedence","_ai-conspects/_knowledge/aspnet-core/endpoint-matching-phases-and-route-precedence.md","HIGH","NOT_REVIEWED",""
"9","2","3","cross-cutting","dotnet","dotnet.disposable-ownership-and-deterministic-cleanup","Disposable ownership and deterministic cleanup","_ai-conspects/_knowledge/dotnet/disposable-ownership-and-deterministic-cleanup.md","HIGH","NOT_REVIEWED",""
"10","2","4","frontend","javascript","javascript.fetch-response-contract-and-wrapper-policy","Fetch response contract and wrapper policy","_ai-conspects/_knowledge/javascript/fetch-response-contract-and-wrapper-policy.md","HIGH","NOT_REVIEWED",""
"11","2","5","data","sql-server","sql-server.transactions-trancount-and-boundaries","SQL Server transactions, TRANCOUNT, and boundaries","_ai-conspects/_knowledge/sql-server/transactions-trancount-and-boundaries.md","HIGH","NOT_REVIEWED",""
"12","2","6","security","security","security.cors-and-antiforgery-boundaries","CORS and antiforgery solve different browser boundaries","_ai-conspects/_knowledge/security/cors-and-antiforgery-boundaries.md","HIGH","NOT_REVIEWED",""
"13","3","1","backend","aspnet-core","aspnet-core.di-scope-lifetime-and-disposal","DI scope lifetime and disposal ownership","_ai-conspects/_knowledge/aspnet-core/di-scope-lifetime-and-disposal.md","HIGH","NOT_REVIEWED",""
"14","3","2","data","ef-core","ef-core.linq-relational-translation-shapes","LINQ relational translation shapes","_ai-conspects/_knowledge/ef-core/linq-relational-translation-shapes.md","HIGH","NOT_REVIEWED",""
"15","3","3","frontend","react","react.strict-mode-effect-cleanup","Strict Mode and effect cleanup","_ai-conspects/_knowledge/react/strict-mode-effect-cleanup.md","HIGH","NOT_REVIEWED",""
"16","3","4","cross-cutting","dotnet","dotnet.deferred-enumeration-replay-and-materialization","Deferred enumeration, replay, and materialization","_ai-conspects/_knowledge/dotnet/deferred-enumeration-replay-and-materialization.md","HIGH","NOT_REVIEWED",""
"17","3","5","frontend","typescript","typescript.control-flow-type-narrowing","Control-flow type narrowing","_ai-conspects/_knowledge/typescript/control-flow-type-narrowing.md","HIGH","NOT_REVIEWED",""
"18","3","6","data","sql-server","sql-server.index-design-and-query-cost","SQL Server index design and query cost","_ai-conspects/_knowledge/sql-server/index-design-and-query-cost.md","HIGH","NOT_REVIEWED",""
"19","4","1","cross-cutting","dotnet","dotnet.httpclient-response-streaming","HttpClient response buffering and progressive streaming","_ai-conspects/_knowledge/dotnet/httpclient-response-streaming.md","UNASSESSED","NOT_REVIEWED",""
"20","4","2","frontend","javascript","javascript.set-basics","JavaScript Set basics and value identity","_ai-conspects/_knowledge/javascript/set-basics.md","UNASSESSED","NOT_REVIEWED",""
"21","4","3","backend","aspnet-core","aspnet-core.cors-middleware-preflight","CORS middleware and preflight handling","_ai-conspects/_knowledge/aspnet-core/cors-middleware-preflight.md","UNASSESSED","NOT_REVIEWED",""
"22","4","4","data","ef-core","ef-core.search-with-like","EF Core substring and LIKE search","_ai-conspects/_knowledge/ef-core/search-with-like.md","UNASSESSED","NOT_REVIEWED",""
"23","4","5","cross-cutting","dotnet","dotnet.httpcontent-read-stream-buffering","HttpContent ReadAsStream buffering and direct stream creation","_ai-conspects/_knowledge/dotnet/httpcontent-read-stream-buffering.md","UNASSESSED","NOT_REVIEWED",""
"24","4","6","frontend","react-query","react-query.cache-observers-and-auth-refresh","Cache observers and auth refresh","_ai-conspects/_knowledge/react-query/cache-observers-and-auth-refresh.md","UNASSESSED","NOT_REVIEWED",""
"25","5","1","backend","aspnet-core","aspnet-core.httpcontext-items","HttpContext.Items and collision-safe request data","_ai-conspects/_knowledge/aspnet-core/httpcontext-items.md","UNASSESSED","NOT_REVIEWED",""
"26","5","2","cross-cutting","dotnet","dotnet.streaming-gzip-httpcontent","Streaming gzip JSON with custom HttpContent","_ai-conspects/_knowledge/dotnet/streaming-gzip-httpcontent.md","UNASSESSED","NOT_REVIEWED",""
"27","5","3","data","sql-server","sql-server.full-text-search","SQL Server full-text search model and APIs","_ai-conspects/_knowledge/sql-server/full-text-search.md","UNASSESSED","NOT_REVIEWED",""
"28","5","4","frontend","react","react.router-location-state-and-effects","React Router location state and effects","_ai-conspects/_knowledge/react/router-location-state-and-effects.md","UNASSESSED","NOT_REVIEWED",""
"29","5","5","backend","http","http.dotnet-header-representation","HTTP header ownership and .NET representations","_ai-conspects/_knowledge/http/dotnet-header-representation.md","UNASSESSED","NOT_REVIEWED",""
"30","5","6","cross-cutting","dotnet","dotnet.string-slicing","C# substring, ranges, spans, and text boundaries","_ai-conspects/_knowledge/dotnet/string-slicing.md","UNASSESSED","NOT_REVIEWED",""
"31","6","1","frontend","typescript","typescript.class-members-and-accessors","Static members, getters, and setters","_ai-conspects/_knowledge/typescript/class-members-and-accessors.md","UNASSESSED","NOT_REVIEWED",""
"32","6","2","backend","aspnet-core","aspnet-core.httpcontext-features","HttpContext.Features and typed capability contracts","_ai-conspects/_knowledge/aspnet-core/httpcontext-features.md","UNASSESSED","NOT_REVIEWED",""
"33","6","3","data","ef-core","ef-core.split-query-tradeoffs","EF Core split-query tradeoffs","_ai-conspects/_knowledge/ef-core/split-query-tradeoffs.md","UNASSESSED","NOT_REVIEWED",""
"34","6","4","cross-cutting","dotnet","dotnet.binary-to-text-encodings","Binary-to-text encodings for storage and transport","_ai-conspects/_knowledge/dotnet/binary-to-text-encodings.md","UNASSESSED","NOT_REVIEWED",""
"35","6","5","frontend","javascript","javascript.set-iteration-conversion","Set iteration and conversion","_ai-conspects/_knowledge/javascript/set-iteration-conversion.md","UNASSESSED","NOT_REVIEWED",""
"36","6","6","backend","architecture","architecture.server-resource-saturation","Finite server resources and saturation","_ai-conspects/_knowledge/architecture/server-resource-saturation.md","UNASSESSED","NOT_REVIEWED",""
"37","7","1","cross-cutting","dotnet","dotnet.csharp-pointers-pinning-and-alternatives","C# pointers, pinning, and managed alternatives","_ai-conspects/_knowledge/dotnet/csharp-pointers-pinning-and-alternatives.md","UNASSESSED","NOT_REVIEWED",""
"38","7","2","security","security","security.html-sanitization-and-contextual-output","HTML sanitization and contextual output","_ai-conspects/_knowledge/security/html-sanitization-and-contextual-output.md","UNASSESSED","NOT_REVIEWED",""
"39","7","3","frontend","css","css.pseudo-element-positioning-and-stacking","Pseudo-element positioning, stacking, and clipping","_ai-conspects/_knowledge/css/pseudo-element-positioning-and-stacking.md","UNASSESSED","NOT_REVIEWED",""
"40","7","4","data","ef-core","ef-core.index-configuration","EF Core index configuration","_ai-conspects/_knowledge/ef-core/index-configuration.md","UNASSESSED","NOT_REVIEWED",""
"41","7","5","backend","aspnet-core","aspnet-core.exception-handler-features","Exception-handler features and original request context","_ai-conspects/_knowledge/aspnet-core/exception-handler-features.md","UNASSESSED","NOT_REVIEWED",""
"42","7","6","cross-cutting","dotnet","dotnet.ado-net-abstractions-portability-and-lifecycle","ADO.NET abstractions, portability, and resource lifecycle","_ai-conspects/_knowledge/dotnet/ado-net-abstractions-portability-and-lifecycle.md","UNASSESSED","NOT_REVIEWED",""
"43","8","1","frontend","javascript","javascript.set-algebra","Portable Set algebra","_ai-conspects/_knowledge/javascript/set-algebra.md","UNASSESSED","NOT_REVIEWED",""
"44","8","2","cross-cutting","dotnet","dotnet.ado-net-command-execution-and-row-mapping","ADO.NET command execution, parameters, and row mapping","_ai-conspects/_knowledge/dotnet/ado-net-command-execution-and-row-mapping.md","UNASSESSED","NOT_REVIEWED",""
"45","8","3","backend","aspnet-core","aspnet-core.razor-service-injection","Service injection and request context in Razor views","_ai-conspects/_knowledge/aspnet-core/razor-service-injection.md","UNASSESSED","NOT_REVIEWED",""
"46","8","4","data","sql-server","sql-server.row-string-aggregation","SQL Server row string aggregation","_ai-conspects/_knowledge/sql-server/row-string-aggregation.md","UNASSESSED","NOT_REVIEWED",""
"47","8","5","frontend","react-query","react-query.cache-http-and-browser-boundaries","React Query cache, browser cache, and HTTP cache boundaries","_ai-conspects/_knowledge/react-query/cache-http-and-browser-boundaries.md","UNASSESSED","NOT_REVIEWED",""
"48","8","6","cross-cutting","dotnet","dotnet.ado-net-transactions-and-ef-core-state","ADO.NET transactions and EF Core connection state","_ai-conspects/_knowledge/dotnet/ado-net-transactions-and-ef-core-state.md","UNASSESSED","NOT_REVIEWED",""
"49","9","1","backend","http","http.browser-header-controls-and-cors-visibility","Browser-controlled headers and CORS visibility","_ai-conspects/_knowledge/http/browser-header-controls-and-cors-visibility.md","UNASSESSED","NOT_REVIEWED",""
"50","9","2","frontend","react-hook-form","react-hook-form.field-registration-and-lifecycle","Field registration, unregistration, and submission lifecycle","_ai-conspects/_knowledge/react-hook-form/field-registration-and-lifecycle.md","UNASSESSED","NOT_REVIEWED",""
"51","9","3","data","ef-core","ef-core.dbcontext-pooling-tenant-and-connection-state","DbContext pooling, tenant state, and connection cleanup","_ai-conspects/_knowledge/ef-core/dbcontext-pooling-tenant-and-connection-state.md","UNASSESSED","NOT_REVIEWED",""
"52","9","4","cross-cutting","dotnet","dotnet.bounded-async-concurrency","Bounded async concurrency with SemaphoreSlim and Parallel.ForEachAsync","_ai-conspects/_knowledge/dotnet/bounded-async-concurrency.md","UNASSESSED","NOT_REVIEWED",""
"53","9","5","backend","aspnet-core","aspnet-core.razor-layouts-viewdata-tempdata-tag-helpers-and-fragments","Razor layouts, ViewData, TempData, tag helpers, and reusable view fragments","_ai-conspects/_knowledge/aspnet-core/razor-layouts-viewdata-tempdata-tag-helpers-and-fragments.md","UNASSESSED","NOT_REVIEWED",""
"54","9","6","frontend","react","react.latest-callback-ref","Stable subscriptions with the latest callback ref","_ai-conspects/_knowledge/react/latest-callback-ref.md","UNASSESSED","NOT_REVIEWED",""
"55","10","1","cross-cutting","dotnet","dotnet.async-failure-ordering-and-server-safety","Async failure policy, ordering, and server safety","_ai-conspects/_knowledge/dotnet/async-failure-ordering-and-server-safety.md","UNASSESSED","NOT_REVIEWED",""
"56","10","2","frontend","javascript","javascript.set-vs-array","Choosing Set or Array","_ai-conspects/_knowledge/javascript/set-vs-array.md","UNASSESSED","NOT_REVIEWED",""
"57","10","3","backend","aspnet-core","aspnet-core.cross-property-model-validation","Cross-property validation with IValidatableObject and ValidationAttribute","_ai-conspects/_knowledge/aspnet-core/cross-property-model-validation.md","UNASSESSED","NOT_REVIEWED",""
"58","10","4","data","ef-core","ef-core.lazy-loading-and-query-shaping","Lazy loading and query shaping","_ai-conspects/_knowledge/ef-core/lazy-loading-and-query-shaping.md","UNASSESSED","NOT_REVIEWED",""
"59","10","5","cross-cutting","dotnet","dotnet.csharp-event-declaration-and-raising","C# event declaration, payloads, and raiser pattern","_ai-conspects/_knowledge/dotnet/csharp-event-declaration-and-raising.md","UNASSESSED","NOT_REVIEWED",""
"60","10","6","frontend","typescript","typescript.interfaces-and-class-contracts","Interfaces and implements","_ai-conspects/_knowledge/typescript/interfaces-and-class-contracts.md","UNASSESSED","NOT_REVIEWED",""
"61","11","1","backend","aspnet-core","aspnet-core.localizer-resource-resolution","IStringLocalizer and IViewLocalizer resource resolution","_ai-conspects/_knowledge/aspnet-core/localizer-resource-resolution.md","UNASSESSED","NOT_REVIEWED",""
"62","11","2","cross-cutting","dotnet","dotnet.csharp-event-subscription-lifetime-and-failure","C# event subscription lifetime, cancellation, and failure","_ai-conspects/_knowledge/dotnet/csharp-event-subscription-lifetime-and-failure.md","UNASSESSED","NOT_REVIEWED",""
"63","11","3","data","sql-server","sql-server.offset-fetch-and-top","SQL Server OFFSET/FETCH and TOP","_ai-conspects/_knowledge/sql-server/offset-fetch-and-top.md","UNASSESSED","NOT_REVIEWED",""
"64","11","4","frontend","axios","axios.request-configuration-and-instance-defaults","Axios request configuration and instance defaults","_ai-conspects/_knowledge/axios/request-configuration-and-instance-defaults.md","UNASSESSED","NOT_REVIEWED",""
"65","11","5","backend","http","http.authentication-headers","Authentication credentials and challenges","_ai-conspects/_knowledge/http/authentication-headers.md","UNASSESSED","NOT_REVIEWED",""
"66","11","6","cross-cutting","dotnet","dotnet.built-in-delegate-shapes","Action, Func, and Predicate delegate shapes","_ai-conspects/_knowledge/dotnet/built-in-delegate-shapes.md","UNASSESSED","NOT_REVIEWED",""
"67","12","1","frontend","javascript","javascript.intl-collator","Locale-aware comparison with Intl.Collator","_ai-conspects/_knowledge/javascript/intl-collator.md","UNASSESSED","NOT_REVIEWED",""
"68","12","2","backend","aspnet-core","aspnet-core.request-aborted-propagation","RequestAborted propagation in middleware and filters","_ai-conspects/_knowledge/aspnet-core/request-aborted-propagation.md","UNASSESSED","NOT_REVIEWED",""
"69","12","3","cross-cutting","dotnet","dotnet.async-callbacks-vs-events","Async callback hooks versus classic C# events","_ai-conspects/_knowledge/dotnet/async-callbacks-vs-events.md","UNASSESSED","NOT_REVIEWED",""
"70","12","4","data","ef-core","ef-core.global-query-filters-and-required-navigations","Global query filters and required navigations","_ai-conspects/_knowledge/ef-core/global-query-filters-and-required-navigations.md","UNASSESSED","NOT_REVIEWED",""
"71","12","5","frontend","react-query","react-query.cache-removal-reset-and-invalidation","React Query cache removal, reset, and invalidation","_ai-conspects/_knowledge/react-query/cache-removal-reset-and-invalidation.md","UNASSESSED","NOT_REVIEWED",""
"72","12","6","cross-cutting","dotnet","dotnet.accept-general-return-specific","Accept general inputs and return specific results","_ai-conspects/_knowledge/dotnet/accept-general-return-specific.md","UNASSESSED","NOT_REVIEWED",""
"73","13","1","backend","aspnet-core","aspnet-core.safe-return-url-login-flow","Safe returnUrl flow for Razor login","_ai-conspects/_knowledge/aspnet-core/safe-return-url-login-flow.md","UNASSESSED","NOT_REVIEWED",""
"74","13","2","frontend","redux","redux.actions-slices-and-store","Actions, slices, store, Provider, and selectors","_ai-conspects/_knowledge/redux/actions-slices-and-store.md","UNASSESSED","NOT_REVIEWED",""
"75","13","3","data","redis","redis.connection-and-data-structures","Redis connection model and data structures","_ai-conspects/_knowledge/redis/connection-and-data-structures.md","UNASSESSED","NOT_REVIEWED",""
"76","13","4","cross-cutting","dotnet","dotnet.ascii-and-utf8-compatibility","ASCII codes and UTF-8 compatibility","_ai-conspects/_knowledge/dotnet/ascii-and-utf8-compatibility.md","UNASSESSED","NOT_REVIEWED",""
"77","13","5","backend","architecture","architecture.horizontal-scaling-and-state","Horizontal scaling, shared state, and downstream capacity","_ai-conspects/_knowledge/architecture/horizontal-scaling-and-state.md","UNASSESSED","NOT_REVIEWED",""
"78","13","6","security","security","security.xss-sources-sinks-and-attack-flows","XSS sources, sinks, and attack flows","_ai-conspects/_knowledge/security/xss-sources-sinks-and-attack-flows.md","UNASSESSED","NOT_REVIEWED",""
"79","14","1","frontend","react","react.context-provider-identity-and-splitting","Context provider identity and splitting","_ai-conspects/_knowledge/react/context-provider-identity-and-splitting.md","UNASSESSED","NOT_REVIEWED",""
"80","14","2","cross-cutting","dotnet","dotnet.binary-primitives-endianness","BinaryPrimitives and explicit endianness","_ai-conspects/_knowledge/dotnet/binary-primitives-endianness.md","UNASSESSED","NOT_REVIEWED",""
"81","14","3","backend","aspnet-core","aspnet-core.system-text-json-configuration","System.Text.Json configuration in ASP.NET Core","_ai-conspects/_knowledge/aspnet-core/system-text-json-configuration.md","UNASSESSED","NOT_REVIEWED",""
"82","14","4","data","ef-core","ef-core.dbcontext-configuration-encapsulation","DbContext configuration encapsulation","_ai-conspects/_knowledge/ef-core/dbcontext-configuration-encapsulation.md","UNASSESSED","NOT_REVIEWED",""
"83","14","5","frontend","javascript","javascript.collation-sort-vs-search","Collation for sorting versus search matching","_ai-conspects/_knowledge/javascript/collation-sort-vs-search.md","UNASSESSED","NOT_REVIEWED",""
"84","14","6","cross-cutting","dotnet","dotnet.semaphore-vs-channel","SemaphoreSlim versus Channel<T>","_ai-conspects/_knowledge/dotnet/semaphore-vs-channel.md","UNASSESSED","NOT_REVIEWED",""
"85","15","1","backend","http","http.location-header","Location header semantics","_ai-conspects/_knowledge/http/location-header.md","UNASSESSED","NOT_REVIEWED",""
"86","15","2","frontend","css","css.fullscreen-modal-overlay","Fullscreen modal overlay and accessible backdrop","_ai-conspects/_knowledge/css/fullscreen-modal-overlay.md","UNASSESSED","NOT_REVIEWED",""
"87","15","3","cross-cutting","testing","testing.vitest-module-mocking","Vitest module mocking","_ai-conspects/_knowledge/testing/vitest-module-mocking.md","UNASSESSED","NOT_REVIEWED",""
"88","15","4","data","sql-server","sql-server.keyset-pagination","SQL Server keyset pagination","_ai-conspects/_knowledge/sql-server/keyset-pagination.md","UNASSESSED","NOT_REVIEWED",""
"89","15","5","backend","aspnet-core","aspnet-core.link-generator-and-public-origin","LinkGenerator, named endpoints, and public origin","_ai-conspects/_knowledge/aspnet-core/link-generator-and-public-origin.md","UNASSESSED","NOT_REVIEWED",""
"90","15","6","frontend","typescript","typescript.constructor-inheritance-and-definite-assignment","Parameter properties, inheritance, and definite assignment","_ai-conspects/_knowledge/typescript/constructor-inheritance-and-definite-assignment.md","UNASSESSED","NOT_REVIEWED",""
"91","16","1","cross-cutting","dotnet","dotnet.utf8-string-literals","C# UTF-8 string literals","_ai-conspects/_knowledge/dotnet/utf8-string-literals.md","UNASSESSED","NOT_REVIEWED",""
"92","16","2","frontend","react-query","react-query.conditional-query-execution-and-ui","Conditional React Query execution and UI","_ai-conspects/_knowledge/react-query/conditional-query-execution-and-ui.md","UNASSESSED","NOT_REVIEWED",""
"93","16","3","backend","aspnet-core","aspnet-core.razor-tag-helpers-and-partials","Built-in Razor Tag Helpers and partials","_ai-conspects/_knowledge/aspnet-core/razor-tag-helpers-and-partials.md","UNASSESSED","NOT_REVIEWED",""
"94","16","4","cross-cutting","dotnet","dotnet.target-typed-new-in-return-context","Target-typed new in return expressions","_ai-conspects/_knowledge/dotnet/target-typed-new-in-return-context.md","UNASSESSED","NOT_REVIEWED",""
"95","16","5","data","ef-core","ef-core.executeintransactionasync-ambiguous-commit-verification","EF Core ExecuteInTransactionAsync and ambiguous commit verification","_ai-conspects/_knowledge/ef-core/executeintransactionasync-ambiguous-commit-verification.md","UNASSESSED","NOT_REVIEWED",""
"96","16","6","frontend","javascript","javascript.generator-control-flow","Generator execution, yield, and completion","_ai-conspects/_knowledge/javascript/generator-control-flow.md","UNASSESSED","NOT_REVIEWED",""
"97","17","1","cross-cutting","dotnet","dotnet.string-padding-and-alignment","C# string padding and alignment","_ai-conspects/_knowledge/dotnet/string-padding-and-alignment.md","UNASSESSED","NOT_REVIEWED",""
"98","17","2","backend","aspnet-core","aspnet-core.mvc-display-editor-templates","MVC display and editor templates","_ai-conspects/_knowledge/aspnet-core/mvc-display-editor-templates.md","UNASSESSED","NOT_REVIEWED",""
"99","17","3","data","ef-core","ef-core.execution-strategies-retry-behavior-and-configuration","EF Core execution strategies, retry behavior, and configuration","_ai-conspects/_knowledge/ef-core/execution-strategies-retry-behavior-and-configuration.md","UNASSESSED","NOT_REVIEWED",""
"100","17","4","cross-cutting","dotnet","dotnet.user-defined-conversion-operators","User-defined implicit and explicit conversions","_ai-conspects/_knowledge/dotnet/user-defined-conversion-operators.md","UNASSESSED","NOT_REVIEWED",""
"101","17","5","frontend","javascript","javascript.async-generators-and-cancellation","Async generators and responsive cancellation","_ai-conspects/_knowledge/javascript/async-generators-and-cancellation.md","UNASSESSED","NOT_REVIEWED",""
"102","17","6","backend","aspnet-core","aspnet-core.explicit-head-endpoints","Explicit ASP.NET Core HEAD endpoints","_ai-conspects/_knowledge/aspnet-core/explicit-head-endpoints.md","UNASSESSED","NOT_REVIEWED",""
"103","18","1","cross-cutting","dotnet","dotnet.string-character-views","C# string characters, spans, and runes","_ai-conspects/_knowledge/dotnet/string-character-views.md","UNASSESSED","NOT_REVIEWED",""
"104","18","2","frontend","react","react.svg-import-contracts-and-accessibility","React SVG import contracts and accessibility","_ai-conspects/_knowledge/react/svg-import-contracts-and-accessibility.md","UNASSESSED","NOT_REVIEWED",""
"105","18","3","backend","http","http.cache-validation-headers","HTTP cache freshness and validation headers","_ai-conspects/_knowledge/http/cache-validation-headers.md","UNASSESSED","NOT_REVIEWED",""
"106","18","4","data","sql-server","sql-server.pivot-unpivot-shaping","SQL Server PIVOT and UNPIVOT shaping","_ai-conspects/_knowledge/sql-server/pivot-unpivot-shaping.md","UNASSESSED","NOT_REVIEWED",""
"107","18","5","cross-cutting","dotnet","dotnet.string-remove-and-insert","C# String.Remove and String.Insert","_ai-conspects/_knowledge/dotnet/string-remove-and-insert.md","UNASSESSED","NOT_REVIEWED",""
"108","18","6","frontend","react-query","react-query.core-architecture-and-practical-patterns","React Query core architecture and practical patterns","_ai-conspects/_knowledge/react-query/core-architecture-and-practical-patterns.md","UNASSESSED","NOT_REVIEWED",""
"109","19","1","backend","aspnet-core","aspnet-core.cookie-policy-consent-and-defaults","Cookie policy, consent, and defaults","_ai-conspects/_knowledge/aspnet-core/cookie-policy-consent-and-defaults.md","UNASSESSED","NOT_REVIEWED",""
"110","19","2","cross-cutting","dotnet","dotnet.string-split-and-parser-boundary","C# String.Split and parser boundaries","_ai-conspects/_knowledge/dotnet/string-split-and-parser-boundary.md","UNASSESSED","NOT_REVIEWED",""
"111","19","3","data","ef-core","ef-core.isolation-levels-and-retry-semantics","EF Core isolation levels and retry semantics","_ai-conspects/_knowledge/ef-core/isolation-levels-and-retry-semantics.md","UNASSESSED","NOT_REVIEWED",""
"112","19","4","frontend","typescript","typescript.keyof-property-extraction","Generic property extraction with keyof","_ai-conspects/_knowledge/typescript/keyof-property-extraction.md","UNASSESSED","NOT_REVIEWED",""
"113","19","5","backend","aspnet-core","aspnet-core.cookie-policy-callbacks-and-deletion","Cookie policy callbacks and deletion symmetry","_ai-conspects/_knowledge/aspnet-core/cookie-policy-callbacks-and-deletion.md","UNASSESSED","NOT_REVIEWED",""
"114","19","6","cross-cutting","dotnet","dotnet.string-replacement","C# string replacement choices","_ai-conspects/_knowledge/dotnet/string-replacement.md","UNASSESSED","NOT_REVIEWED",""
"115","20","1","frontend","javascript","javascript.generator-finally-cleanup","Generator return and finally cleanup","_ai-conspects/_knowledge/javascript/generator-finally-cleanup.md","UNASSESSED","NOT_REVIEWED",""
"116","20","2","data","ef-core","ef-core.query-performance-shape-diagnostics-and-batching","Query shape, diagnostics, and batching","_ai-conspects/_knowledge/ef-core/query-performance-shape-diagnostics-and-batching.md","UNASSESSED","NOT_REVIEWED",""
"117","20","3","backend","architecture","architecture.microservices-boundaries-and-costs","Microservice boundaries, benefits, and distributed-system costs","_ai-conspects/_knowledge/architecture/microservices-boundaries-and-costs.md","UNASSESSED","NOT_REVIEWED",""
"118","20","4","cross-cutting","dotnet","dotnet.utf8-decoding-prefixes","UTF-8 decoding prefixes and byte boundaries","_ai-conspects/_knowledge/dotnet/utf8-decoding-prefixes.md","UNASSESSED","NOT_REVIEWED",""
"119","20","5","security","security","security.csp-trusted-types-and-browser-storage-boundaries","CSP, Trusted Types, and browser-storage boundaries","_ai-conspects/_knowledge/security/csp-trusted-types-and-browser-storage-boundaries.md","UNASSESSED","NOT_REVIEWED",""
"120","20","6","frontend","react-hook-form","react-hook-form.validation-errors-and-criteria","Validation errors, criteria modes, and server error mapping","_ai-conspects/_knowledge/react-hook-form/validation-errors-and-criteria.md","UNASSESSED","NOT_REVIEWED",""
"121","21","1","cross-cutting","dotnet","dotnet.string-sorting-and-comparers","C# string sorting and comparer choice","_ai-conspects/_knowledge/dotnet/string-sorting-and-comparers.md","UNASSESSED","NOT_REVIEWED",""
"122","21","2","backend","aspnet-core","aspnet-core.request-decompression-stream-ownership","Request decompression and stream ownership","_ai-conspects/_knowledge/aspnet-core/request-decompression-stream-ownership.md","UNASSESSED","NOT_REVIEWED",""
"123","21","3","frontend","javascript","javascript.array-flat","Array flattening depth and semantics","_ai-conspects/_knowledge/javascript/array-flat.md","UNASSESSED","NOT_REVIEWED",""
"124","21","4","data","ef-core","ef-core.migrations-development-and-deployment-workflows","Migrations in development and deployment","_ai-conspects/_knowledge/ef-core/migrations-development-and-deployment-workflows.md","UNASSESSED","NOT_REVIEWED",""
"125","21","5","cross-cutting","dotnet","dotnet.interlocked-atomic-transitions","Interlocked atomic transitions and flag operations","_ai-conspects/_knowledge/dotnet/interlocked-atomic-transitions.md","UNASSESSED","NOT_REVIEWED",""
"126","21","6","backend","http","http.cookie-and-set-cookie","Cookie and Set-Cookie header models","_ai-conspects/_knowledge/http/cookie-and-set-cookie.md","UNASSESSED","NOT_REVIEWED",""
"127","22","1","frontend","css","css.programmatic-inline-styles","Programmatic inline CSS styles","_ai-conspects/_knowledge/css/programmatic-inline-styles.md","UNASSESSED","NOT_REVIEWED",""
"128","22","2","cross-cutting","dotnet","dotnet.string-index-search","C# string index search","_ai-conspects/_knowledge/dotnet/string-index-search.md","UNASSESSED","NOT_REVIEWED",""
"129","22","3","data","sql-server","sql-server.delete-duplicate-rows-safely","Safely deleting duplicate rows","_ai-conspects/_knowledge/sql-server/delete-duplicate-rows-safely.md","UNASSESSED","NOT_REVIEWED",""
"130","22","4","backend","aspnet-core","aspnet-core.antiforgery-token-lifecycle","Antiforgery token lifecycle","_ai-conspects/_knowledge/aspnet-core/antiforgery-token-lifecycle.md","UNASSESSED","NOT_REVIEWED",""
"131","22","5","frontend","react","react.intersection-observer-lifecycle","IntersectionObserver lifecycle in React","_ai-conspects/_knowledge/react/intersection-observer-lifecycle.md","UNASSESSED","NOT_REVIEWED",""
"132","22","6","cross-cutting","dotnet","dotnet.regex-operations-and-safety",".NET Regex operations and safety","_ai-conspects/_knowledge/dotnet/regex-operations-and-safety.md","UNASSESSED","NOT_REVIEWED",""
"133","23","1","frontend","react-query","react-query.error-boundaries-throwonerror-and-reset","React Query error boundaries, throwOnError, and reset","_ai-conspects/_knowledge/react-query/error-boundaries-throwonerror-and-reset.md","UNASSESSED","NOT_REVIEWED",""
"134","23","2","backend","aspnet-core","aspnet-core.data-protection-reset-tokens","Data Protection password-reset tokens","_ai-conspects/_knowledge/aspnet-core/data-protection-reset-tokens.md","UNASSESSED","NOT_REVIEWED",""
"135","23","3","cross-cutting","dotnet","dotnet.string-trimming-boundaries","C# string trimming boundaries","_ai-conspects/_knowledge/dotnet/string-trimming-boundaries.md","UNASSESSED","NOT_REVIEWED",""
"136","23","4","data","ef-core","ef-core.composite-keys-relationships-and-indexes","Composite keys, relationships, and indexes","_ai-conspects/_knowledge/ef-core/composite-keys-relationships-and-indexes.md","UNASSESSED","NOT_REVIEWED",""
"137","23","5","frontend","javascript","javascript.array-flatmap","One-to-many transformations with flatMap","_ai-conspects/_knowledge/javascript/array-flatmap.md","UNASSESSED","NOT_REVIEWED",""
"138","23","6","backend","aspnet-core","aspnet-core.collection-filter-search-query-composition","Collection filtering and search query composition","_ai-conspects/_knowledge/aspnet-core/collection-filter-search-query-composition.md","UNASSESSED","NOT_REVIEWED",""
"139","24","1","cross-cutting","dotnet","dotnet.flag-combination-enumeration","Enumerating flag combinations with bit masks","_ai-conspects/_knowledge/dotnet/flag-combination-enumeration.md","UNASSESSED","NOT_REVIEWED",""
"140","24","2","frontend","typescript","typescript.constructor-and-instance-types","Constructor and instance types","_ai-conspects/_knowledge/typescript/constructor-and-instance-types.md","UNASSESSED","NOT_REVIEWED",""
"141","24","3","data","ef-core","ef-core.transactions-isolation-savepoints-and-retries","Transactions, isolation, savepoints, and retries","_ai-conspects/_knowledge/ef-core/transactions-isolation-savepoints-and-retries.md","UNASSESSED","NOT_REVIEWED",""
"142","24","4","backend","http","http.sse-event-stream-reconnection","SSE event framing, retry, and reconnection","_ai-conspects/_knowledge/http/sse-event-stream-reconnection.md","UNASSESSED","NOT_REVIEWED",""
"143","24","5","cross-cutting","dotnet","dotnet.regex-balancing-groups",".NET Regex balancing groups","_ai-conspects/_knowledge/dotnet/regex-balancing-groups.md","UNASSESSED","NOT_REVIEWED",""
"144","24","6","frontend","javascript","javascript.last-array-and-iterable-element","Reading the last array or iterable element","_ai-conspects/_knowledge/javascript/last-array-and-iterable-element.md","UNASSESSED","NOT_REVIEWED",""
"145","25","1","cross-cutting","dotnet","dotnet.numeric-string-parsing","Parsing numeric strings in .NET","_ai-conspects/_knowledge/dotnet/numeric-string-parsing.md","UNASSESSED","NOT_REVIEWED",""
"146","25","2","backend","aspnet-core","aspnet-core.razor-presentation-security-boundary","Presentation decisions versus security enforcement in Razor","_ai-conspects/_knowledge/aspnet-core/razor-presentation-security-boundary.md","UNASSESSED","NOT_REVIEWED",""
"147","25","3","data","sql-server","sql-server.window-functions-ranking-navigation-frames","Window ranking, navigation, and frames","_ai-conspects/_knowledge/sql-server/window-functions-ranking-navigation-frames.md","UNASSESSED","NOT_REVIEWED",""
"148","25","4","frontend","react","react.use-ref-lifecycle-and-latest-values","useRef lifecycle and latest values","_ai-conspects/_knowledge/react/use-ref-lifecycle-and-latest-values.md","UNASSESSED","NOT_REVIEWED",""
"149","25","5","cross-cutting","dotnet","dotnet.regex-reuse-compilation-and-timeouts","Regex reuse, compilation, and timeouts","_ai-conspects/_knowledge/dotnet/regex-reuse-compilation-and-timeouts.md","UNASSESSED","NOT_REVIEWED",""
"150","25","6","backend","aspnet-core","aspnet-core.custom-route-constraints","Custom route constraints and endpoint matching","_ai-conspects/_knowledge/aspnet-core/custom-route-constraints.md","UNASSESSED","NOT_REVIEWED",""
"151","26","1","frontend","react-query","react-query.mutation-callbacks-and-optimistic-updates","React Query mutation callbacks and optimistic updates","_ai-conspects/_knowledge/react-query/mutation-callbacks-and-optimistic-updates.md","UNASSESSED","NOT_REVIEWED",""
"152","26","2","cross-cutting","dotnet","dotnet.channels-producer-consumer-lifecycle","Channel producer-consumer lifecycle","_ai-conspects/_knowledge/dotnet/channels-producer-consumer-lifecycle.md","UNASSESSED","NOT_REVIEWED",""
"153","26","3","data","ef-core","ef-core.keyless-models-vs-direct-sql-results","Keyless models versus direct SQL results","_ai-conspects/_knowledge/ef-core/keyless-models-vs-direct-sql-results.md","UNASSESSED","NOT_REVIEWED",""
"154","26","4","backend","aspnet-core","aspnet-core.dynamic-data-shaping","ASP.NET Core dynamic data shaping","_ai-conspects/_knowledge/aspnet-core/dynamic-data-shaping.md","UNASSESSED","NOT_REVIEWED",""
"155","26","5","frontend","axios","axios.payload-transforms-and-interceptor-boundaries","Axios payload transforms and interceptor boundaries","_ai-conspects/_knowledge/axios/payload-transforms-and-interceptor-boundaries.md","UNASSESSED","NOT_REVIEWED",""
"156","26","6","cross-cutting","algorithms","algorithms.binary-code-coverage-sliding-window","Binary-code coverage with a rolling sliding window","_ai-conspects/_knowledge/algorithms/binary-code-coverage-sliding-window.md","UNASSESSED","NOT_REVIEWED",""
"157","27","1","backend","architecture","architecture.projections-vs-partial-aggregates","Projections versus partially initialized aggregates","_ai-conspects/_knowledge/architecture/projections-vs-partial-aggregates.md","UNASSESSED","NOT_REVIEWED",""
"158","27","2","security","security","security.oauth-oidc-token-roles-and-code-pkce","OAuth, OIDC, token roles, and code with PKCE","_ai-conspects/_knowledge/security/oauth-oidc-token-roles-and-code-pkce.md","UNASSESSED","NOT_REVIEWED",""
"159","27","3","frontend","javascript","javascript.web-storage-api","Web Storage API and string serialization","_ai-conspects/_knowledge/javascript/web-storage-api.md","UNASSESSED","NOT_REVIEWED",""
"160","27","4","data","ef-core","ef-core.alternate-keys-and-principal-key-targets","Alternate keys and principal-key relationship targets","_ai-conspects/_knowledge/ef-core/alternate-keys-and-principal-key-targets.md","UNASSESSED","NOT_REVIEWED",""
"161","27","5","cross-cutting","dotnet","dotnet.membernotnull-flow-contracts","MemberNotNull nullable-flow contracts","_ai-conspects/_knowledge/dotnet/membernotnull-flow-contracts.md","UNASSESSED","NOT_REVIEWED",""
"162","27","6","backend","aspnet-core","aspnet-core.route-and-query-collection-binding","Route and query collection binding","_ai-conspects/_knowledge/aspnet-core/route-and-query-collection-binding.md","UNASSESSED","NOT_REVIEWED",""
"163","28","1","frontend","typescript","typescript.type-aliases-unions-and-interfaces","Type aliases, unions, and interfaces","_ai-conspects/_knowledge/typescript/type-aliases-unions-and-interfaces.md","UNASSESSED","NOT_REVIEWED",""
"164","28","2","cross-cutting","dotnet","dotnet.regex-inline-option-scopes",".NET Regex inline option scopes","_ai-conspects/_knowledge/dotnet/regex-inline-option-scopes.md","UNASSESSED","NOT_REVIEWED",""
"165","28","3","data","sql-server","sql-server.openjson-relational-shaping","OPENJSON relational shaping","_ai-conspects/_knowledge/sql-server/openjson-relational-shaping.md","UNASSESSED","NOT_REVIEWED",""
"166","28","4","backend","http","http.content-disposition-filenames","Content-Disposition behavior and safe filenames","_ai-conspects/_knowledge/http/content-disposition-filenames.md","UNASSESSED","NOT_REVIEWED",""
"167","28","5","frontend","css","css.bem-component-naming","BEM component naming and Sass organization","_ai-conspects/_knowledge/css/bem-component-naming.md","UNASSESSED","NOT_REVIEWED",""
"168","28","6","cross-cutting","dotnet","dotnet.string-comparison-and-collection-comparers","String comparison and collection comparers","_ai-conspects/_knowledge/dotnet/string-comparison-and-collection-comparers.md","UNASSESSED","NOT_REVIEWED",""
"169","29","1","frontend","javascript","javascript.browser-storage-lifetimes-and-security","Memory, sessionStorage, and localStorage lifetimes","_ai-conspects/_knowledge/javascript/browser-storage-lifetimes-and-security.md","UNASSESSED","NOT_REVIEWED",""
"170","29","2","backend","aspnet-core","aspnet-core.nested-resource-route-design","Nested resource route design","_ai-conspects/_knowledge/aspnet-core/nested-resource-route-design.md","UNASSESSED","NOT_REVIEWED",""
"171","29","3","cross-cutting","dotnet","dotnet.string-contains-startswith-endswith","Contains, StartsWith, and EndsWith","_ai-conspects/_knowledge/dotnet/string-contains-startswith-endswith.md","UNASSESSED","NOT_REVIEWED",""
"172","29","4","data","ef-core","ef-core.model-configuration-conventions-and-discovery","Model configuration, conventions, and discovery","_ai-conspects/_knowledge/ef-core/model-configuration-conventions-and-discovery.md","UNASSESSED","NOT_REVIEWED",""
"173","29","5","frontend","react-query","react-query.mutation-lifecycle-and-state","React Query mutation lifecycle and state","_ai-conspects/_knowledge/react-query/mutation-lifecycle-and-state.md","UNASSESSED","NOT_REVIEWED",""
"174","29","6","cross-cutting","dotnet","dotnet.stringbuilder-mutation-and-sizing","StringBuilder mutation and sizing","_ai-conspects/_knowledge/dotnet/stringbuilder-mutation-and-sizing.md","UNASSESSED","NOT_REVIEWED",""
"175","30","1","backend","aspnet-core","aspnet-core.public-sorting-property-mapping","Public sorting and property mapping","_ai-conspects/_knowledge/aspnet-core/public-sorting-property-mapping.md","UNASSESSED","NOT_REVIEWED",""
"176","30","2","frontend","react","react.transitions-suspense-and-query-cancellation","Transitions, Suspense, and query cancellation","_ai-conspects/_knowledge/react/transitions-suspense-and-query-cancellation.md","UNASSESSED","NOT_REVIEWED",""
"177","30","3","cross-cutting","dotnet","dotnet.array-removal-and-copying","C# array removal and copying","_ai-conspects/_knowledge/dotnet/array-removal-and-copying.md","UNASSESSED","NOT_REVIEWED",""
"178","30","4","data","ef-core","ef-core.relational-property-types-collations-and-metadata","Relational property types, collations, and metadata","_ai-conspects/_knowledge/ef-core/relational-property-types-collations-and-metadata.md","UNASSESSED","NOT_REVIEWED",""
"179","30","5","backend","aspnet-core","aspnet-core.identity-account-and-jwt-flows","Identity account and JWT flows","_ai-conspects/_knowledge/aspnet-core/identity-account-and-jwt-flows.md","UNASSESSED","NOT_REVIEWED",""
"180","30","6","cross-cutting","dotnet","dotnet.last-element-semantics-and-cost","LINQ and indexed last-element semantics","_ai-conspects/_knowledge/dotnet/last-element-semantics-and-cost.md","UNASSESSED","NOT_REVIEWED",""
"181","31","1","frontend","javascript","javascript.web-storage-events-and-failures","Storage events, quotas, and failure handling","_ai-conspects/_knowledge/javascript/web-storage-events-and-failures.md","UNASSESSED","NOT_REVIEWED",""
"182","31","2","backend","http","http.api-root-document-discovery","API root document and link discovery","_ai-conspects/_knowledge/http/api-root-document-discovery.md","UNASSESSED","NOT_REVIEWED",""
"183","31","3","data","redis","redis.values-and-command-atomicity","Redis values, pipelining, and command atomicity","_ai-conspects/_knowledge/redis/values-and-command-atomicity.md","UNASSESSED","NOT_REVIEWED",""
"184","31","4","cross-cutting","dotnet","dotnet.list-range-slicing-and-windows","List range slicing, clamping, chunks, and windows","_ai-conspects/_knowledge/dotnet/list-range-slicing-and-windows.md","UNASSESSED","NOT_REVIEWED",""
"185","31","5","frontend","redux","redux.async-thunk-lifecycle","createAsyncThunk lifecycle and request state","_ai-conspects/_knowledge/redux/async-thunk-lifecycle.md","UNASSESSED","NOT_REVIEWED",""
"186","31","6","backend","aspnet-core","aspnet-core.api-behavior-validation-and-client-errors","API behavior, validation, and client errors","_ai-conspects/_knowledge/aspnet-core/api-behavior-validation-and-client-errors.md","UNASSESSED","NOT_REVIEWED",""
"187","32","1","cross-cutting","dotnet","dotnet.pooling-objects-arrays-and-memory","ObjectPool, ArrayPool, and MemoryPool ownership","_ai-conspects/_knowledge/dotnet/pooling-objects-arrays-and-memory.md","UNASSESSED","NOT_REVIEWED",""
"188","32","2","frontend","typescript","typescript.decorator-wrapping-and-semantics","Decorator wrapping and semantics","_ai-conspects/_knowledge/typescript/decorator-wrapping-and-semantics.md","UNASSESSED","NOT_REVIEWED",""
"189","32","3","data","sql-server","sql-server.date-extraction-formatting-and-sargability","Date extraction, formatting, and SARGability","_ai-conspects/_knowledge/sql-server/date-extraction-formatting-and-sargability.md","UNASSESSED","NOT_REVIEWED",""
"190","32","4","backend","aspnet-core","aspnet-core.modelstate-binding-validation-and-revalidation","ModelState binding, validation, and revalidation","_ai-conspects/_knowledge/aspnet-core/modelstate-binding-validation-and-revalidation.md","UNASSESSED","NOT_REVIEWED",""
"191","32","5","cross-cutting","dotnet","dotnet.xor-semantics-and-collection-equality","XOR semantics and collection equality alternatives","_ai-conspects/_knowledge/dotnet/xor-semantics-and-collection-equality.md","UNASSESSED","NOT_REVIEWED",""
"192","32","6","frontend","javascript","javascript.eventsource-client-lifecycle","Browser EventSource client lifecycle","_ai-conspects/_knowledge/javascript/eventsource-client-lifecycle.md","UNASSESSED","NOT_REVIEWED",""
"193","33","1","backend","aspnet-core","aspnet-core.view-components-server-rendered-widgets","View Components as server-rendered widgets","_ai-conspects/_knowledge/aspnet-core/view-components-server-rendered-widgets.md","UNASSESSED","NOT_REVIEWED",""
"194","33","2","cross-cutting","dotnet","dotnet.format-strings-culture-and-round-trip","Format strings, culture, and round-trip output","_ai-conspects/_knowledge/dotnet/format-strings-culture-and-round-trip.md","UNASSESSED","NOT_REVIEWED",""
"195","33","3","frontend","react-hook-form","react-hook-form.subscriptions-and-render-isolation","Value subscriptions, form-state subscriptions, and render isolation","_ai-conspects/_knowledge/react-hook-form/subscriptions-and-render-isolation.md","UNASSESSED","NOT_REVIEWED",""
"196","33","4","data","ef-core","ef-core.value-generation-defaults-and-save-behavior","Value generation, defaults, and save behavior","_ai-conspects/_knowledge/ef-core/value-generation-defaults-and-save-behavior.md","UNASSESSED","NOT_REVIEWED",""
"197","33","5","security","security","security.identityserver-resources-claims-and-client-registration","IdentityServer resources, claims, and client registration","_ai-conspects/_knowledge/security/identityserver-resources-claims-and-client-registration.md","UNASSESSED","NOT_REVIEWED",""
"198","33","6","cross-cutting","dotnet","dotnet.identity-sentinels-and-transferable-ids","Identity sentinels and transferable IDs","_ai-conspects/_knowledge/dotnet/identity-sentinels-and-transferable-ids.md","UNASSESSED","NOT_REVIEWED",""
"199","34","1","backend","architecture","architecture.relationship-ownership-and-association-entities","Relationship ownership and association entities","_ai-conspects/_knowledge/architecture/relationship-ownership-and-association-entities.md","UNASSESSED","NOT_REVIEWED",""
"200","34","2","frontend","react-query","react-query.network-mode-offline-validation-and-resume","React Query network modes, offline state, and paused-work resumption","_ai-conspects/_knowledge/react-query/network-mode-offline-validation-and-resume.md","UNASSESSED","NOT_REVIEWED",""
"201","34","3","data","ef-core","ef-core.backing-fields-and-property-access-modes","Backing fields and property access modes","_ai-conspects/_knowledge/ef-core/backing-fields-and-property-access-modes.md","UNASSESSED","NOT_REVIEWED",""
"202","34","4","cross-cutting","dotnet","dotnet.record-value-semantics-and-representation","Record value semantics and representation","_ai-conspects/_knowledge/dotnet/record-value-semantics-and-representation.md","UNASSESSED","NOT_REVIEWED",""
"203","34","5","backend","http","http.options-and-cors-preflight","OPTIONS and browser CORS preflight","_ai-conspects/_knowledge/http/options-and-cors-preflight.md","UNASSESSED","NOT_REVIEWED",""
"204","34","6","frontend","react","react.root-error-lifetime-and-route-clearing","Root error lifetime and route clearing","_ai-conspects/_knowledge/react/root-error-lifetime-and-route-clearing.md","UNASSESSED","NOT_REVIEWED",""
"205","35","1","cross-cutting","dotnet","dotnet.regex-replacement-options-and-state","Regex replacement options and per-call state","_ai-conspects/_knowledge/dotnet/regex-replacement-options-and-state.md","UNASSESSED","NOT_REVIEWED",""
"206","35","2","frontend","javascript","javascript.fetch-requestinit-and-request-object","Fetch RequestInit and Request browser controls","_ai-conspects/_knowledge/javascript/fetch-requestinit-and-request-object.md","UNASSESSED","NOT_REVIEWED",""
"207","35","3","backend","aspnet-core","aspnet-core.action-parameter-binding-sources","Action parameter binding sources","_ai-conspects/_knowledge/aspnet-core/action-parameter-binding-sources.md","UNASSESSED","NOT_REVIEWED",""
"208","35","4","data","sql-server","sql-server.collation-search-and-sargability","Collation, search, and SARGability","_ai-conspects/_knowledge/sql-server/collation-search-and-sargability.md","UNASSESSED","NOT_REVIEWED",""
"209","35","5","cross-cutting","dotnet","dotnet.rectangular-jagged-arrays-and-enumeration","Rectangular and jagged arrays, enumeration, and boxing","_ai-conspects/_knowledge/dotnet/rectangular-jagged-arrays-and-enumeration.md","UNASSESSED","NOT_REVIEWED",""
"210","35","6","frontend","css","css.animation-keyframes-and-motion","CSS animation keyframes and motion","_ai-conspects/_knowledge/css/animation-keyframes-and-motion.md","UNASSESSED","NOT_REVIEWED",""
"211","36","1","backend","aspnet-core","aspnet-core.cookie-auth-api-challenge-responses","Cookie authentication responses for pages and APIs","_ai-conspects/_knowledge/aspnet-core/cookie-auth-api-challenge-responses.md","UNASSESSED","NOT_REVIEWED",""
"212","36","2","cross-cutting","dotnet","dotnet.span-memory-and-ref-safety","Span, Memory, and ref safety","_ai-conspects/_knowledge/dotnet/span-memory-and-ref-safety.md","UNASSESSED","NOT_REVIEWED",""
"213","36","3","data","ef-core","ef-core.many-to-many-join-entities-and-delete-behavior","Many-to-many join entities and delete behavior","_ai-conspects/_knowledge/ef-core/many-to-many-join-entities-and-delete-behavior.md","UNASSESSED","NOT_REVIEWED",""
"214","36","4","frontend","javascript","javascript.array-index-iteration","JavaScript array index iteration","_ai-conspects/_knowledge/javascript/array-index-iteration.md","UNASSESSED","NOT_REVIEWED",""
"215","36","5","backend","aspnet-core","aspnet-core.totp-enrollment-and-verification","TOTP enrollment and verification","_ai-conspects/_knowledge/aspnet-core/totp-enrollment-and-verification.md","UNASSESSED","NOT_REVIEWED",""
"216","36","6","cross-cutting","dotnet","dotnet.enumerable-static-methods-and-execution","Enumerable static methods and execution","_ai-conspects/_knowledge/dotnet/enumerable-static-methods-and-execution.md","UNASSESSED","NOT_REVIEWED",""
"217","37","1","frontend","react-query","react-query.observer-cache-lifecycle-gctime-and-polling","React Query observer lifecycle, gcTime, and polling","_ai-conspects/_knowledge/react-query/observer-cache-lifecycle-gctime-and-polling.md","UNASSESSED","NOT_REVIEWED",""
"218","37","2","backend","http","http.vary-origin-cache-variants","Vary: Origin and CORS cache variants","_ai-conspects/_knowledge/http/vary-origin-cache-variants.md","UNASSESSED","NOT_REVIEWED",""
"219","37","3","cross-cutting","dotnet","dotnet.hashset-operations-and-ownership","HashSet operations and ownership","_ai-conspects/_knowledge/dotnet/hashset-operations-and-ownership.md","UNASSESSED","NOT_REVIEWED",""
"220","37","4","data","ef-core","ef-core.identity-sequences-and-hilo-key-generation","Identity, sequences, and HiLo key generation","_ai-conspects/_knowledge/ef-core/identity-sequences-and-hilo-key-generation.md","UNASSESSED","NOT_REVIEWED",""
"221","37","5","frontend","typescript","typescript.satisfies-inference-and-runtime-boundary","satisfies inference and runtime boundary","_ai-conspects/_knowledge/typescript/satisfies-inference-and-runtime-boundary.md","UNASSESSED","NOT_REVIEWED",""
"222","37","6","cross-cutting","dotnet","dotnet.explicit-interface-implementation","Explicit interface implementation","_ai-conspects/_knowledge/dotnet/explicit-interface-implementation.md","UNASSESSED","NOT_REVIEWED",""
"223","38","1","backend","aspnet-core","aspnet-core.otpauth-uri-construction","otpauth URI construction for TOTP provisioning","_ai-conspects/_knowledge/aspnet-core/otpauth-uri-construction.md","UNASSESSED","NOT_REVIEWED",""
"224","38","2","frontend","react","react.use-sync-external-store-contract","useSyncExternalStore contract","_ai-conspects/_knowledge/react/use-sync-external-store-contract.md","UNASSESSED","NOT_REVIEWED",""
"225","38","3","data","sql-server","sql-server.computed-columns-persistence-and-indexing","Computed columns, persistence, and indexing","_ai-conspects/_knowledge/sql-server/computed-columns-persistence-and-indexing.md","UNASSESSED","NOT_REVIEWED",""
"226","38","4","cross-cutting","dotnet","dotnet.password-hashing-verification-and-upgrades","Password hashing, verification, and upgrades","_ai-conspects/_knowledge/dotnet/password-hashing-verification-and-upgrades.md","UNASSESSED","NOT_REVIEWED",""
"227","38","5","backend","aspnet-core","aspnet-core.request-cancellation-and-pipeline-short-circuiting","Request cancellation and pipeline short-circuiting","_ai-conspects/_knowledge/aspnet-core/request-cancellation-and-pipeline-short-circuiting.md","UNASSESSED","NOT_REVIEWED",""
"228","38","6","frontend","javascript","javascript.index-search-apis","JavaScript index and search APIs","_ai-conspects/_knowledge/javascript/index-search-apis.md","UNASSESSED","NOT_REVIEWED",""
"229","39","1","cross-cutting","testing","testing.vitest-react-environment-errors","Diagnosing Vitest React environment errors","_ai-conspects/_knowledge/testing/vitest-react-environment-errors.md","UNASSESSED","NOT_REVIEWED",""
"230","39","2","backend","aspnet-core","aspnet-core.view-component-partial-updates","Partial updates for View Components","_ai-conspects/_knowledge/aspnet-core/view-component-partial-updates.md","UNASSESSED","NOT_REVIEWED",""
"231","39","3","data","ef-core","ef-core.inheritance-mapping-tph-tpt-tpc","Inheritance mapping with TPH, TPT, and TPC","_ai-conspects/_knowledge/ef-core/inheritance-mapping-tph-tpt-tpc.md","UNASSESSED","NOT_REVIEWED",""
"232","39","4","frontend","react-query","react-query.pagination-and-infinite-queries","React Query pagination and infinite queries","_ai-conspects/_knowledge/react-query/pagination-and-infinite-queries.md","UNASSESSED","NOT_REVIEWED",""
"233","39","5","cross-cutting","dotnet","dotnet.hexadecimal-byte-representation","Hexadecimal and byte representation","_ai-conspects/_knowledge/dotnet/hexadecimal-byte-representation.md","UNASSESSED","NOT_REVIEWED",""
"234","39","6","backend","architecture","architecture.execution-memory-and-failure-boundaries","Execution, memory, and failure boundaries","_ai-conspects/_knowledge/architecture/execution-memory-and-failure-boundaries.md","UNASSESSED","NOT_REVIEWED",""
"235","40","1","frontend","javascript","javascript.array-join-and-serialization","JavaScript array join and serialization boundaries","_ai-conspects/_knowledge/javascript/array-join-and-serialization.md","UNASSESSED","NOT_REVIEWED",""
"236","40","2","cross-cutting","dotnet","dotnet.exhaustiveness-enums-records-and-unions","Exhaustiveness with enums, records, and explicit unions","_ai-conspects/_knowledge/dotnet/exhaustiveness-enums-records-and-unions.md","UNASSESSED","NOT_REVIEWED",""
"237","40","3","data","ef-core","ef-core.owned-references-collections-and-relational-identity","Owned references, collections, and relational identity","_ai-conspects/_knowledge/ef-core/owned-references-collections-and-relational-identity.md","UNASSESSED","NOT_REVIEWED",""
"238","40","4","security","security","security.token-validation-signing-and-identity-deployment","Token validation, signing, and identity deployment","_ai-conspects/_knowledge/security/token-validation-signing-and-identity-deployment.md","UNASSESSED","NOT_REVIEWED",""
"239","40","5","backend","aspnet-core","aspnet-core.request-response-streams-and-pipelines","Request and response streams with pipelines","_ai-conspects/_knowledge/aspnet-core/request-response-streams-and-pipelines.md","UNASSESSED","NOT_REVIEWED",""
"240","40","6","frontend","typescript","typescript.index-signatures-assertions-and-records","Index signatures, assertions, and finite records","_ai-conspects/_knowledge/typescript/index-signatures-assertions-and-records.md","UNASSESSED","NOT_REVIEWED",""
"241","41","1","cross-cutting","dotnet","dotnet.cryptographic-randomness-and-unbiased-ranges","Cryptographic randomness and unbiased ranges","_ai-conspects/_knowledge/dotnet/cryptographic-randomness-and-unbiased-ranges.md","UNASSESSED","NOT_REVIEWED",""
"242","41","2","frontend","javascript","javascript.svg-getbbox-geometry","SVG geometry with getBBox","_ai-conspects/_knowledge/javascript/svg-getbbox-geometry.md","UNASSESSED","NOT_REVIEWED",""
"243","41","3","backend","http","http.vary-representation-cache-keys","Vary and representation cache keys","_ai-conspects/_knowledge/http/vary-representation-cache-keys.md","UNASSESSED","NOT_REVIEWED",""
"244","41","4","cross-cutting","dotnet","dotnet.stringreader-line-processing-and-memory","StringReader line processing and memory","_ai-conspects/_knowledge/dotnet/stringreader-line-processing-and-memory.md","UNASSESSED","NOT_REVIEWED",""
"245","41","5","data","sql-server","sql-server.sqlbulkcopy-api-options-and-mappings","SqlBulkCopy API, options, and column mappings","_ai-conspects/_knowledge/sql-server/sqlbulkcopy-api-options-and-mappings.md","UNASSESSED","NOT_REVIEWED",""
"246","41","6","frontend","react","react.deferred-value-background-rendering","Deferred values and background rendering","_ai-conspects/_knowledge/react/deferred-value-background-rendering.md","UNASSESSED","NOT_REVIEWED",""
"247","42","1","cross-cutting","dotnet","dotnet.server-threadpool-async-io-and-background-work","Server thread pool, asynchronous I/O, and background-work ownership","_ai-conspects/_knowledge/dotnet/server-threadpool-async-io-and-background-work.md","UNASSESSED","NOT_REVIEWED",""
"248","42","2","backend","aspnet-core","aspnet-core.jquery-unobtrusive-validation-for-dynamic-forms","jQuery unobtrusive validation for dynamic forms","_ai-conspects/_knowledge/aspnet-core/jquery-unobtrusive-validation-for-dynamic-forms.md","UNASSESSED","NOT_REVIEWED",""
"249","42","3","data","ef-core","ef-core.optional-nested-owned-values-and-requiredness","Optional nested owned values and requiredness","_ai-conspects/_knowledge/ef-core/optional-nested-owned-values-and-requiredness.md","UNASSESSED","NOT_REVIEWED",""
"250","42","4","frontend","axios","axios.adapters-progress-and-streaming","Axios adapters, progress, and streaming","_ai-conspects/_knowledge/axios/adapters-progress-and-streaming.md","UNASSESSED","NOT_REVIEWED",""
"251","42","5","cross-cutting","dotnet","dotnet.byref-parameters-aliases-and-lifetimes","By-reference parameters, aliases, and lifetimes","_ai-conspects/_knowledge/dotnet/byref-parameters-aliases-and-lifetimes.md","UNASSESSED","NOT_REVIEWED",""
"252","42","6","backend","aspnet-core","aspnet-core.cookie-authentication-ticket-and-principal-lifecycle","Cookie authentication ticket and principal lifecycle","_ai-conspects/_knowledge/aspnet-core/cookie-authentication-ticket-and-principal-lifecycle.md","UNASSESSED","NOT_REVIEWED",""
"253","43","1","frontend","css","css.scroll-containers-scrollbars-and-locking","Scroll containers, scrollbar visibility, and locking","_ai-conspects/_knowledge/css/scroll-containers-scrollbars-and-locking.md","UNASSESSED","NOT_REVIEWED",""
"254","43","2","cross-cutting","dotnet","dotnet.httpcontent-media-type-charset-and-content-encoding","HttpContent media type, charset, and content encoding","_ai-conspects/_knowledge/dotnet/httpcontent-media-type-charset-and-content-encoding.md","UNASSESSED","NOT_REVIEWED",""
"255","43","3","backend","aspnet-core","aspnet-core.basic-authentication-handler-and-clients","Basic authentication handler and clients","_ai-conspects/_knowledge/aspnet-core/basic-authentication-handler-and-clients.md","UNASSESSED","NOT_REVIEWED",""
"256","43","4","data","ef-core","ef-core.value-converters-and-mutable-value-comparers","Value converters and mutable value comparers","_ai-conspects/_knowledge/ef-core/value-converters-and-mutable-value-comparers.md","UNASSESSED","NOT_REVIEWED",""
"257","43","5","frontend","react-query","react-query.persistence-hydration-and-cache-pruning","React Query persistence, hydration, and cache pruning","_ai-conspects/_knowledge/react-query/persistence-hydration-and-cache-pruning.md","UNASSESSED","NOT_REVIEWED",""
"258","43","6","cross-cutting","dotnet","dotnet.system-text-json-optional-converter-factory","System.Text.Json Optional converter factory","_ai-conspects/_knowledge/dotnet/system-text-json-optional-converter-factory.md","UNASSESSED","NOT_REVIEWED",""
"259","44","1","backend","http","http.head-conditional-metadata","HEAD requests, validators, and representation metadata","_ai-conspects/_knowledge/http/head-conditional-metadata.md","UNASSESSED","NOT_REVIEWED",""
"260","44","2","cross-cutting","dotnet","dotnet.linq-query-syntax-joins-and-continuations","LINQ query syntax, joins, and continuations","_ai-conspects/_knowledge/dotnet/linq-query-syntax-joins-and-continuations.md","UNASSESSED","NOT_REVIEWED",""
"261","44","3","frontend","javascript","javascript.url-encoding-components","JavaScript URL and component encoding","_ai-conspects/_knowledge/javascript/url-encoding-components.md","UNASSESSED","NOT_REVIEWED",""
"262","44","4","data","sql-server","sql-server.bulk-import-staging-validation-and-recovery","Bulk-import staging, validation, and recovery","_ai-conspects/_knowledge/sql-server/bulk-import-staging-validation-and-recovery.md","UNASSESSED","NOT_REVIEWED",""
"263","44","5","backend","aspnet-core","aspnet-core.patch-models-application-and-validation","PATCH models, application, and validation","_ai-conspects/_knowledge/aspnet-core/patch-models-application-and-validation.md","UNASSESSED","NOT_REVIEWED",""
"264","44","6","cross-cutting","dotnet","dotnet.allocations-gc-pressure-and-hot-paths","Allocations, GC pressure, and hot-path decisions","_ai-conspects/_knowledge/dotnet/allocations-gc-pressure-and-hot-paths.md","UNASSESSED","NOT_REVIEWED",""
"265","45","1","frontend","react-hook-form","react-hook-form.defaults-reset-and-async-edit-flows","Defaults, reset semantics, and asynchronous edit flows","_ai-conspects/_knowledge/react-hook-form/defaults-reset-and-async-edit-flows.md","UNASSESSED","NOT_REVIEWED",""
"266","45","2","backend","aspnet-core","aspnet-core.json-patch-formatters-and-content-negotiation","JSON Patch formatters and content negotiation","_ai-conspects/_knowledge/aspnet-core/json-patch-formatters-and-content-negotiation.md","UNASSESSED","NOT_REVIEWED",""
"267","45","3","data","ef-core","ef-core.json-converted-collections-and-sql-server-querying","JSON-converted collections and SQL Server querying","_ai-conspects/_knowledge/ef-core/json-converted-collections-and-sql-server-querying.md","UNASSESSED","NOT_REVIEWED",""
"268","45","4","cross-cutting","dotnet","dotnet.encoding-conversion-overloads-and-buffer-sizing",".NET text encoding APIs and destination sizing","_ai-conspects/_knowledge/dotnet/encoding-conversion-overloads-and-buffer-sizing.md","UNASSESSED","NOT_REVIEWED",""
"269","45","5","frontend","javascript","javascript.map-and-weakmap-semantics","JavaScript Map and WeakMap semantics","_ai-conspects/_knowledge/javascript/map-and-weakmap-semantics.md","UNASSESSED","NOT_REVIEWED",""
"270","45","6","backend","aspnet-core","aspnet-core.response-and-output-caching-policies","Response and output caching policies","_ai-conspects/_knowledge/aspnet-core/response-and-output-caching-policies.md","UNASSESSED","NOT_REVIEWED",""
"271","46","1","cross-cutting","dotnet","dotnet.incremental-text-decoding","Incremental text decoding across arbitrary byte chunks","_ai-conspects/_knowledge/dotnet/incremental-text-decoding.md","UNASSESSED","NOT_REVIEWED",""
"272","46","2","frontend","typescript","typescript.never-and-discriminated-union-exhaustiveness","never and discriminated-union exhaustiveness","_ai-conspects/_knowledge/typescript/never-and-discriminated-union-exhaustiveness.md","UNASSESSED","NOT_REVIEWED",""
"273","46","3","data","ef-core","ef-core.stored-procedure-query-command-and-composition","EF Core stored-procedure query, command, and composition boundaries","_ai-conspects/_knowledge/ef-core/stored-procedure-query-command-and-composition.md","UNASSESSED","NOT_REVIEWED",""
"274","46","4","cross-cutting","dotnet","dotnet.string-case-conversion-and-comparison","String case conversion and comparison","_ai-conspects/_knowledge/dotnet/string-case-conversion-and-comparison.md","UNASSESSED","NOT_REVIEWED",""
"275","46","5","backend","architecture","architecture.runtime-compiler-and-sdk-responsibilities","Runtime, compiler, and SDK responsibilities","_ai-conspects/_knowledge/architecture/runtime-compiler-and-sdk-responsibilities.md","UNASSESSED","NOT_REVIEWED",""
"276","46","6","frontend","react","react.debounce-hooks-and-request-cleanup","Debounce hooks and request cleanup","_ai-conspects/_knowledge/react/debounce-hooks-and-request-cleanup.md","UNASSESSED","NOT_REVIEWED",""
"277","47","1","security","security","security.cross-origin-embedding-and-side-channels","Cross-origin embedding and limited browser side channels","_ai-conspects/_knowledge/security/cross-origin-embedding-and-side-channels.md","UNASSESSED","NOT_REVIEWED",""
"278","47","2","cross-cutting","dotnet","dotnet.stackalloc-lifetime-and-stack-pressure","stackalloc lifetime, stack pressure, and heap-safe fallback","_ai-conspects/_knowledge/dotnet/stackalloc-lifetime-and-stack-pressure.md","UNASSESSED","NOT_REVIEWED",""
"279","47","3","frontend","react-query","react-query.prefetch-initialdata-placeholderdata-and-ensure","React Query prefetch, initialData, placeholderData, and ensure APIs","_ai-conspects/_knowledge/react-query/prefetch-initialdata-placeholderdata-and-ensure.md","UNASSESSED","NOT_REVIEWED",""
"280","47","4","backend","http","http.content-coding-direction-and-negotiation","HTTP content coding direction and negotiation","_ai-conspects/_knowledge/http/content-coding-direction-and-negotiation.md","UNASSESSED","NOT_REVIEWED",""
"281","47","5","data","sql-server","sql-server.mars-reader-interleaving-and-yield-points","MARS reader interleaving and yield points","_ai-conspects/_knowledge/sql-server/mars-reader-interleaving-and-yield-points.md","UNASSESSED","NOT_REVIEWED",""
"282","47","6","cross-cutting","dotnet","dotnet.unmanaged-size-and-struct-layout","Unmanaged types, size APIs, and struct layout","_ai-conspects/_knowledge/dotnet/unmanaged-size-and-struct-layout.md","UNASSESSED","NOT_REVIEWED",""
"283","48","1","frontend","javascript","javascript.promise-all-concurrency-and-outcomes","Promise.all concurrency and outcomes","_ai-conspects/_knowledge/javascript/promise-all-concurrency-and-outcomes.md","UNASSESSED","NOT_REVIEWED",""
"284","48","2","backend","aspnet-core","aspnet-core.output-cache-admission-and-policy-lifecycle","Output Cache admission and policy lifecycle","_ai-conspects/_knowledge/aspnet-core/output-cache-admission-and-policy-lifecycle.md","UNASSESSED","NOT_REVIEWED",""
"285","48","3","cross-cutting","dotnet","dotnet.linq-projection-flattening-and-ordering","LINQ projection, flattening, and ordering","_ai-conspects/_knowledge/dotnet/linq-projection-flattening-and-ordering.md","UNASSESSED","NOT_REVIEWED",""
"286","48","4","data","ef-core","ef-core.stored-procedure-cud-mapping-and-concurrency","EF Core stored-procedure CUD mapping and concurrency","_ai-conspects/_knowledge/ef-core/stored-procedure-cud-mapping-and-concurrency.md","UNASSESSED","NOT_REVIEWED",""
"287","48","5","frontend","javascript","javascript.regex-operations-and-state","JavaScript regex operations and state","_ai-conspects/_knowledge/javascript/regex-operations-and-state.md","UNASSESSED","NOT_REVIEWED",""
"288","48","6","backend","aspnet-core","aspnet-core.claims-transformation-lifecycle","Claims transformation lifecycle","_ai-conspects/_knowledge/aspnet-core/claims-transformation-lifecycle.md","UNASSESSED","NOT_REVIEWED",""
"289","49","1","cross-cutting","dotnet","dotnet.linq-grouping-lookup-and-joins","LINQ grouping, lookup, and joins","_ai-conspects/_knowledge/dotnet/linq-grouping-lookup-and-joins.md","UNASSESSED","NOT_REVIEWED",""
"290","49","2","frontend","css","css.flex-item-shrink-and-basis","Flex item shrinking and basis","_ai-conspects/_knowledge/css/flex-item-shrink-and-basis.md","UNASSESSED","NOT_REVIEWED",""
"291","49","3","backend","aspnet-core","aspnet-core.media-type-formatters-and-406-415","Media-type formatters and 406/415","_ai-conspects/_knowledge/aspnet-core/media-type-formatters-and-406-415.md","UNASSESSED","NOT_REVIEWED",""
"292","49","4","data","ef-core","ef-core.iqueryable-repository-and-resource-boundaries","IQueryable repository and resource boundaries","_ai-conspects/_knowledge/ef-core/iqueryable-repository-and-resource-boundaries.md","UNASSESSED","NOT_REVIEWED",""
"293","49","5","cross-cutting","dotnet","dotnet.linq-aggregation-quantifiers-and-membership","LINQ aggregation, quantifiers, and membership","_ai-conspects/_knowledge/dotnet/linq-aggregation-quantifiers-and-membership.md","UNASSESSED","NOT_REVIEWED",""
"294","49","6","frontend","react","react.reducer-state-transitions-and-initialization","Reducer state transitions and lazy initialization","_ai-conspects/_knowledge/react/reducer-state-transitions-and-initialization.md","UNASSESSED","NOT_REVIEWED",""
"295","50","1","backend","aspnet-core","aspnet-core.imemorycache-expiration-invalidation-and-stampede","IMemoryCache expiration, invalidation, and stampede control","_ai-conspects/_knowledge/aspnet-core/imemorycache-expiration-invalidation-and-stampede.md","UNASSESSED","NOT_REVIEWED",""
"296","50","2","cross-cutting","dotnet","dotnet.linq-element-selection-and-set-semantics","LINQ element selection and set semantics","_ai-conspects/_knowledge/dotnet/linq-element-selection-and-set-semantics.md","UNASSESSED","NOT_REVIEWED",""
"297","50","3","data","redis","redis.server-key-scanning","Redis server facades and key scanning","_ai-conspects/_knowledge/redis/server-key-scanning.md","UNASSESSED","NOT_REVIEWED",""
"298","50","4","frontend","react-query","react-query.query-cancellation-and-abortsignal","React Query cancellation and AbortSignal","_ai-conspects/_knowledge/react-query/query-cancellation-and-abortsignal.md","UNASSESSED","NOT_REVIEWED",""
"299","50","5","cross-cutting","dotnet","dotnet.linq-partitioning-and-sequence-generation","LINQ partitioning and sequence generation","_ai-conspects/_knowledge/dotnet/linq-partitioning-and-sequence-generation.md","UNASSESSED","NOT_REVIEWED",""
"300","50","6","backend","http","http.last-modified-revalidation-and-freshness","Last-Modified revalidation and freshness","_ai-conspects/_knowledge/http/last-modified-revalidation-and-freshness.md","UNASSESSED","NOT_REVIEWED",""
"301","51","1","frontend","redux","redux.extra-reducers","Cross-slice and async reactions with extraReducers","_ai-conspects/_knowledge/redux/extra-reducers.md","UNASSESSED","NOT_REVIEWED",""
"302","51","2","cross-cutting","dotnet","dotnet.linq-materialization-casting-and-provider-boundaries","LINQ materialization, casting, and provider boundaries","_ai-conspects/_knowledge/dotnet/linq-materialization-casting-and-provider-boundaries.md","UNASSESSED","NOT_REVIEWED",""
"303","51","3","data","sql","sql.subquery-membership-and-existence","IN, EXISTS, ANY, and anti-join semantics","_ai-conspects/_knowledge/sql/subquery-membership-and-existence.md","UNASSESSED","NOT_REVIEWED",""
"304","51","4","backend","aspnet-core","aspnet-core.razor-view-discovery-conventions","Razor view discovery conventions","_ai-conspects/_knowledge/aspnet-core/razor-view-discovery-conventions.md","UNASSESSED","NOT_REVIEWED",""
"305","51","5","frontend","typescript","typescript.any-vs-unknown-external-data","any versus unknown at external-data boundaries","_ai-conspects/_knowledge/typescript/any-vs-unknown-external-data.md","UNASSESSED","NOT_REVIEWED",""
"306","51","6","cross-cutting","dotnet","dotnet.expression-tree-structure-and-visitors","Expression-tree structure and visitors","_ai-conspects/_knowledge/dotnet/expression-tree-structure-and-visitors.md","UNASSESSED","NOT_REVIEWED",""
"307","52","1","backend","aspnet-core","aspnet-core.output-cache-safety-value-and-locking","Output Cache safety, value, and locking decisions","_ai-conspects/_knowledge/aspnet-core/output-cache-safety-value-and-locking.md","UNASSESSED","NOT_REVIEWED",""
"308","52","2","frontend","javascript","javascript.function-defaults-rest-and-spread","Function defaults, rest, and spread","_ai-conspects/_knowledge/javascript/function-defaults-rest-and-spread.md","UNASSESSED","NOT_REVIEWED",""
"309","52","3","data","ef-core","ef-core.database-view-and-defining-query-mapping","EF Core database-view and defining-query mapping","_ai-conspects/_knowledge/ef-core/database-view-and-defining-query-mapping.md","UNASSESSED","NOT_REVIEWED",""
"310","52","4","cross-cutting","dotnet","dotnet.expression-tree-members-parameters-and-binary-operators","Expression-tree members, parameters, and binary operators","_ai-conspects/_knowledge/dotnet/expression-tree-members-parameters-and-binary-operators.md","UNASSESSED","NOT_REVIEWED",""
"311","52","5","backend","aspnet-core","aspnet-core.endpoint-metadata-and-mvc-action-descriptors","Endpoint metadata and MVC action descriptors","_ai-conspects/_knowledge/aspnet-core/endpoint-metadata-and-mvc-action-descriptors.md","UNASSESSED","NOT_REVIEWED",""
"312","52","6","frontend","javascript","javascript.array-creation-holes-and-fixed-storage","Array creation, holes, and fixed storage","_ai-conspects/_knowledge/javascript/array-creation-holes-and-fixed-storage.md","UNASSESSED","NOT_REVIEWED",""
"313","53","1","cross-cutting","dotnet","dotnet.expression-tree-method-calls-and-provider-boundaries","Expression-tree method calls and provider boundaries","_ai-conspects/_knowledge/dotnet/expression-tree-method-calls-and-provider-boundaries.md","UNASSESSED","NOT_REVIEWED",""
"314","53","2","data","sql-server","sql-server.mars-transactions-savepoints-and-tradeoffs","MARS transactions, savepoints, and tradeoffs","_ai-conspects/_knowledge/sql-server/mars-transactions-savepoints-and-tradeoffs.md","UNASSESSED","NOT_REVIEWED",""
"315","53","3","backend","http","http.browser-cookie-delivery-and-security","Browser cookie delivery and security","_ai-conspects/_knowledge/http/browser-cookie-delivery-and-security.md","UNASSESSED","NOT_REVIEWED",""
"316","53","4","frontend","react-query","react-query.queryclient-filters-and-core-methods","QueryClient filters and core methods","_ai-conspects/_knowledge/react-query/queryclient-filters-and-core-methods.md","UNASSESSED","NOT_REVIEWED",""
"317","53","5","cross-cutting","dotnet","dotnet.valuetask-synchronous-completion-and-consumption","ValueTask synchronous completion and consumption","_ai-conspects/_knowledge/dotnet/valuetask-synchronous-completion-and-consumption.md","UNASSESSED","NOT_REVIEWED",""
"318","53","6","security","security","security.windows-integrated-authentication-and-domain-infrastructure","Windows integrated authentication and domain infrastructure","_ai-conspects/_knowledge/security/windows-integrated-authentication-and-domain-infrastructure.md","UNASSESSED","NOT_REVIEWED",""
"319","54","1","frontend","react","react.zustand-store-creation-and-update-semantics","Zustand store creation and update semantics","_ai-conspects/_knowledge/react/zustand-store-creation-and-update-semantics.md","UNASSESSED","NOT_REVIEWED",""
"320","54","2","backend","architecture","architecture.abstraction-hierarchy-and-intent","Abstraction hierarchy and intention-revealing code","_ai-conspects/_knowledge/architecture/abstraction-hierarchy-and-intent.md","UNASSESSED","NOT_REVIEWED",""
"321","54","3","cross-cutting","dotnet","dotnet.dictionary-equality-and-key-set-operations","Dictionary equality and key-set operations","_ai-conspects/_knowledge/dotnet/dictionary-equality-and-key-set-operations.md","UNASSESSED","NOT_REVIEWED",""
"322","54","4","data","ef-core","ef-core.rowversion-http-etag-concurrency","SQL Server rowversion as an HTTP ETag concurrency token","_ai-conspects/_knowledge/ef-core/rowversion-http-etag-concurrency.md","UNASSESSED","NOT_REVIEWED",""
"323","54","5","frontend","typescript","typescript.generic-default-type-arguments","Generic default type arguments","_ai-conspects/_knowledge/typescript/generic-default-type-arguments.md","UNASSESSED","NOT_REVIEWED",""
"324","54","6","cross-cutting","dotnet","dotnet.dictionary-capacity-and-api-contracts","Dictionary capacity and API contracts","_ai-conspects/_knowledge/dotnet/dictionary-capacity-and-api-contracts.md","UNASSESSED","NOT_REVIEWED",""
"325","55","1","backend","aspnet-core","aspnet-core.rate-limiter-policies-and-endpoint-middleware","Rate-limiter policies and endpoint middleware","_ai-conspects/_knowledge/aspnet-core/rate-limiter-policies-and-endpoint-middleware.md","UNASSESSED","NOT_REVIEWED",""
"326","55","2","frontend","javascript","javascript.xhr-lifecycle-progress-and-streaming","XMLHttpRequest lifecycle, progress, and streaming limits","_ai-conspects/_knowledge/javascript/xhr-lifecycle-progress-and-streaming.md","UNASSESSED","NOT_REVIEWED",""
"327","55","3","cross-cutting","dotnet","dotnet.conditionalweaktable-lifetime-associations","ConditionalWeakTable lifetime associations","_ai-conspects/_knowledge/dotnet/conditionalweaktable-lifetime-associations.md","UNASSESSED","NOT_REVIEWED",""
"328","55","4","data","ef-core","ef-core.aggregate-version-etag-propagation","Aggregate-version ETags across root and child changes","_ai-conspects/_knowledge/ef-core/aggregate-version-etag-propagation.md","UNASSESSED","NOT_REVIEWED",""
"329","55","5","backend","aspnet-core","aspnet-core.account-lockout-and-failed-login-throttling","Account lockout and failed-login throttling","_ai-conspects/_knowledge/aspnet-core/account-lockout-and-failed-login-throttling.md","UNASSESSED","NOT_REVIEWED",""
"330","55","6","frontend","react-hook-form","react-hook-form.controlled-field-adapters","Controlled component adapters with Controller and useController","_ai-conspects/_knowledge/react-hook-form/controlled-field-adapters.md","UNASSESSED","NOT_REVIEWED",""
"331","56","1","cross-cutting","dotnet","dotnet.monitor-mutual-exclusion-and-lock-ownership","Monitor mutual exclusion and lock ownership","_ai-conspects/_knowledge/dotnet/monitor-mutual-exclusion-and-lock-ownership.md","UNASSESSED","NOT_REVIEWED",""
"332","56","2","backend","aspnet-core","aspnet-core.account-activation-email-confirmation-flow","Account activation email confirmation flow","_ai-conspects/_knowledge/aspnet-core/account-activation-email-confirmation-flow.md","UNASSESSED","NOT_REVIEWED",""
"333","56","3","data","sql-server","sql-server.stored-procedure-contracts-and-result-channels","SQL Server stored-procedure contracts and result channels","_ai-conspects/_knowledge/sql-server/stored-procedure-contracts-and-result-channels.md","UNASSESSED","NOT_REVIEWED",""
"334","56","4","frontend","javascript","javascript.symbol-identity-and-registry","Symbol identity and registry","_ai-conspects/_knowledge/javascript/symbol-identity-and-registry.md","UNASSESSED","NOT_REVIEWED",""
"335","56","5","cross-cutting","dotnet","dotnet.monitor-condition-waiting-and-signaling","Monitor condition waiting and signaling","_ai-conspects/_knowledge/dotnet/monitor-condition-waiting-and-signaling.md","UNASSESSED","NOT_REVIEWED",""
"336","56","6","backend","http","http.cookie-session-vs-jwt-credentials","Cookie sessions versus JWT credentials","_ai-conspects/_knowledge/http/cookie-session-vs-jwt-credentials.md","UNASSESSED","NOT_REVIEWED",""
"337","57","1","cross-cutting","dotnet","dotnet.per-key-async-single-flight","Per-key async single-flight with gates and shared tasks","_ai-conspects/_knowledge/dotnet/per-key-async-single-flight.md","UNASSESSED","NOT_REVIEWED",""
"338","57","2","frontend","react-query","react-query.queryclient-outside-react-and-shape-discipline","Using QueryClient outside React and preserving cache shape","_ai-conspects/_knowledge/react-query/queryclient-outside-react-and-shape-discipline.md","UNASSESSED","NOT_REVIEWED",""
"339","57","3","data","ef-core","ef-core.changetracker-detection-cascade-and-save-lifecycle","ChangeTracker detection, cascade timing, and save lifecycle","_ai-conspects/_knowledge/ef-core/changetracker-detection-cascade-and-save-lifecycle.md","UNASSESSED","NOT_REVIEWED",""
"340","57","4","backend","aspnet-core","aspnet-core.authorization-policy-requirements-and-pending-lifecycle","Authorization policy requirements and the PendingRequirements lifecycle","_ai-conspects/_knowledge/aspnet-core/authorization-policy-requirements-and-pending-lifecycle.md","UNASSESSED","NOT_REVIEWED",""
"341","57","5","cross-cutting","dotnet","dotnet.sockets-http-handler-connection-pooling-and-proxies","SocketsHttpHandler connection pooling, proxies, and primary-handler ownership","_ai-conspects/_knowledge/dotnet/sockets-http-handler-connection-pooling-and-proxies.md","UNASSESSED","NOT_REVIEWED",""
"342","57","6","frontend","css","css.positioning-constraint-equations","CSS positioning constraint equations","_ai-conspects/_knowledge/css/positioning-constraint-equations.md","UNASSESSED","NOT_REVIEWED",""
"343","58","1","backend","aspnet-core","aspnet-core.authorization-middleware-policy-evaluator-and-result-handler","Authorization middleware, policy evaluator, and result-handler flow","_ai-conspects/_knowledge/aspnet-core/authorization-middleware-policy-evaluator-and-result-handler.md","UNASSESSED","NOT_REVIEWED",""
"344","58","2","cross-cutting","dotnet","dotnet.sockets-http-handler-cookies-and-credentials","SocketsHttpHandler cookies, credentials, and authentication ownership","_ai-conspects/_knowledge/dotnet/sockets-http-handler-cookies-and-credentials.md","UNASSESSED","NOT_REVIEWED",""
"345","58","3","frontend","axios","axios.typed-client-boundaries","Typed Axios clients and runtime boundaries","_ai-conspects/_knowledge/axios/typed-client-boundaries.md","UNASSESSED","NOT_REVIEWED",""
"346","58","4","data","ef-core","ef-core.entityentry-state-values-and-property-control","EntityEntry state, values, and property control","_ai-conspects/_knowledge/ef-core/entityentry-state-values-and-property-control.md","UNASSESSED","NOT_REVIEWED",""
"347","58","5","backend","aspnet-core","aspnet-core.cache-control-headers-responsecache-attribute-and-middleware","Cache-Control headers, ResponseCacheAttribute, and Response Caching middleware","_ai-conspects/_knowledge/aspnet-core/cache-control-headers-responsecache-attribute-and-middleware.md","UNASSESSED","NOT_REVIEWED",""
"348","58","6","cross-cutting","dotnet","dotnet.sockets-http-handler-response-upload-and-tls-options","SocketsHttpHandler response, upload, and TLS options","_ai-conspects/_knowledge/dotnet/sockets-http-handler-response-upload-and-tls-options.md","UNASSESSED","NOT_REVIEWED",""
"349","59","1","frontend","react","react.zustand-selectors-async-actions-and-subscriptions","Zustand selectors, async actions, and subscriptions","_ai-conspects/_knowledge/react/zustand-selectors-async-actions-and-subscriptions.md","UNASSESSED","NOT_REVIEWED",""
"350","59","2","data","sql-server","sql-server.views-read-contracts-and-query-abstractions","SQL Server views as read contracts and query abstractions","_ai-conspects/_knowledge/sql-server/views-read-contracts-and-query-abstractions.md","UNASSESSED","NOT_REVIEWED",""
"351","59","3","cross-cutting","dotnet","dotnet.jwt-descriptors-handlers-and-validation","JWT descriptors, handlers, and validation in .NET","_ai-conspects/_knowledge/dotnet/jwt-descriptors-handlers-and-validation.md","UNASSESSED","NOT_REVIEWED",""
"352","59","4","backend","http","http.websocket-message-framing","WebSocket message framing","_ai-conspects/_knowledge/http/websocket-message-framing.md","UNASSESSED","NOT_REVIEWED",""
"353","59","5","frontend","javascript","javascript.splice-mutation-and-iteration","splice mutation and iteration","_ai-conspects/_knowledge/javascript/splice-mutation-and-iteration.md","UNASSESSED","NOT_REVIEWED",""
"354","59","6","cross-cutting","dotnet","dotnet.clientwebsocket-options-and-connection-state","ClientWebSocket options and connection state","_ai-conspects/_knowledge/dotnet/clientwebsocket-options-and-connection-state.md","UNASSESSED","NOT_REVIEWED",""
"355","60","1","frontend","typescript","typescript.built-in-object-and-union-utility-types","Built-in object and union utility types","_ai-conspects/_knowledge/typescript/built-in-object-and-union-utility-types.md","UNASSESSED","NOT_REVIEWED",""
"356","60","2","backend","aspnet-core","aspnet-core.authentication-schemes-oidc-events-and-tickets","Authentication schemes, OIDC events, and tickets","_ai-conspects/_knowledge/aspnet-core/authentication-schemes-oidc-events-and-tickets.md","UNASSESSED","NOT_REVIEWED",""
"357","60","3","security","security","security.signed-download-url-handoff","Short-lived signed download URL handoff","_ai-conspects/_knowledge/security/signed-download-url-handoff.md","UNASSESSED","NOT_REVIEWED",""
"358","60","4","data","ef-core","ef-core.entityentry-navigations-explicit-load-and-query","EntityEntry navigations, explicit load, and Query()","_ai-conspects/_knowledge/ef-core/entityentry-navigations-explicit-load-and-query.md","UNASSESSED","NOT_REVIEWED",""
"359","60","5","cross-cutting","dotnet","dotnet.cancellation-tokens-linked-sources-and-causes","Cancellation tokens, linked sources, and cause detection","_ai-conspects/_knowledge/dotnet/cancellation-tokens-linked-sources-and-causes.md","UNASSESSED","NOT_REVIEWED",""
"360","60","6","frontend","javascript","javascript.text-encoding-and-stream-framing","Text encoding and stream framing","_ai-conspects/_knowledge/javascript/text-encoding-and-stream-framing.md","UNASSESSED","NOT_REVIEWED",""
"361","61","1","backend","architecture","architecture.encapsulation-invariants-and-legal-transitions","Encapsulation, invariants, and legal state transitions","_ai-conspects/_knowledge/architecture/encapsulation-invariants-and-legal-transitions.md","UNASSESSED","NOT_REVIEWED",""
"362","61","2","cross-cutting","dotnet","dotnet.fluentvalidation-built-in-rules-conditions-and-cascade","FluentValidation built-in rules, conditions, and cascade control","_ai-conspects/_knowledge/dotnet/fluentvalidation-built-in-rules-conditions-and-cascade.md","UNASSESSED","NOT_REVIEWED",""
"363","61","3","frontend","react-query","react-query.queryclient-refetch-cancel-and-cache-helpers","QueryClient refetch, cancellation, and cache helpers","_ai-conspects/_knowledge/react-query/queryclient-refetch-cancel-and-cache-helpers.md","UNASSESSED","NOT_REVIEWED",""
"364","61","4","data","ef-core","ef-core.trackgraph-disconnected-graphs-and-nodestate","TrackGraph, disconnected graphs, and NodeState","_ai-conspects/_knowledge/ef-core/trackgraph-disconnected-graphs-and-nodestate.md","UNASSESSED","NOT_REVIEWED",""
"365","61","5","backend","aspnet-core","aspnet-core.status-code-pages-and-problem-details","Status Code Pages and Problem Details responses","_ai-conspects/_knowledge/aspnet-core/status-code-pages-and-problem-details.md","UNASSESSED","NOT_REVIEWED",""
"366","61","6","cross-cutting","testing","testing.testing-library-query-and-wait-semantics","Testing Library query and wait semantics","_ai-conspects/_knowledge/testing/testing-library-query-and-wait-semantics.md","UNASSESSED","NOT_REVIEWED",""
"367","62","1","frontend","javascript","javascript.numeric-conversion-and-prefix-parsing","Numeric conversion and prefix parsing","_ai-conspects/_knowledge/javascript/numeric-conversion-and-prefix-parsing.md","UNASSESSED","NOT_REVIEWED",""
"368","62","2","backend","aspnet-core","aspnet-core.createdat-route-generation","CreatedAt route generation for creation endpoints","_ai-conspects/_knowledge/aspnet-core/createdat-route-generation.md","UNASSESSED","NOT_REVIEWED",""
"369","62","3","cross-cutting","dotnet","dotnet.fluentvalidation-collections-children-and-polymorphism","FluentValidation collections, child validators, and polymorphic properties","_ai-conspects/_knowledge/dotnet/fluentvalidation-collections-children-and-polymorphism.md","UNASSESSED","NOT_REVIEWED",""
"370","62","4","data","sql-server","sql-server.indexed-view-materialization-and-write-cost","SQL Server indexed-view materialization and write cost","_ai-conspects/_knowledge/sql-server/indexed-view-materialization-and-write-cost.md","UNASSESSED","NOT_REVIEWED",""
"371","62","5","frontend","react","react.zustand-immer-persist-and-custom-middleware","Zustand Immer, persistence, and custom middleware boundaries","_ai-conspects/_knowledge/react/zustand-immer-persist-and-custom-middleware.md","UNASSESSED","NOT_REVIEWED",""
"372","62","6","backend","aspnet-core","aspnet-core.windows-authentication-negotiate-hosting","Windows Authentication with Negotiate and hosting","_ai-conspects/_knowledge/aspnet-core/windows-authentication-negotiate-hosting.md","UNASSESSED","NOT_REVIEWED",""
"373","63","1","cross-cutting","dotnet","dotnet.fluentvalidation-custom-rules-domain-errors-and-dependencies","FluentValidation custom rules, domain errors, and validator dependencies","_ai-conspects/_knowledge/dotnet/fluentvalidation-custom-rules-domain-errors-and-dependencies.md","UNASSESSED","NOT_REVIEWED",""
"374","63","2","frontend","typescript","typescript.function-signature-and-async-utility-types","Function signature and async utility types","_ai-conspects/_knowledge/typescript/function-signature-and-async-utility-types.md","UNASSESSED","NOT_REVIEWED",""
"375","63","3","data","ef-core","ef-core.changetracker-tracking-and-state-events","ChangeTracker Tracking, Tracked, and state-change events","_ai-conspects/_knowledge/ef-core/changetracker-tracking-and-state-events.md","UNASSESSED","NOT_REVIEWED",""
"376","63","4","cross-cutting","dotnet","dotnet.fluentvalidation-rulesets-reuse-and-failure-results","FluentValidation rule sets, reuse boundaries, and failure results","_ai-conspects/_knowledge/dotnet/fluentvalidation-rulesets-reuse-and-failure-results.md","UNASSESSED","NOT_REVIEWED",""
"377","63","5","backend","http","http.cookie-scope-and-secure-prefixes","Cookie host scope, path, names, and secure prefixes","_ai-conspects/_knowledge/http/cookie-scope-and-secure-prefixes.md","UNASSESSED","NOT_REVIEWED",""
"378","63","6","frontend","react-query","react-query.query-composition-usequeries-and-dependencies","React Query composition with useQueries and dependent queries","_ai-conspects/_knowledge/react-query/query-composition-usequeries-and-dependencies.md","UNASSESSED","NOT_REVIEWED",""
"379","64","1","cross-cutting","dotnet","dotnet.async-enumerable-replay-and-single-use-streams","Async-enumerable replay and single-use streams","_ai-conspects/_knowledge/dotnet/async-enumerable-replay-and-single-use-streams.md","UNASSESSED","NOT_REVIEWED",""
"380","64","2","backend","aspnet-core","aspnet-core.hateoas-link-generation-and-resource-envelopes","HATEOAS link generation and resource envelopes","_ai-conspects/_knowledge/aspnet-core/hateoas-link-generation-and-resource-envelopes.md","UNASSESSED","NOT_REVIEWED",""
"381","64","3","frontend","javascript","javascript.web-workers-messaging-and-module-loading","Web Workers, messaging, and module-relative loading","_ai-conspects/_knowledge/javascript/web-workers-messaging-and-module-loading.md","UNASSESSED","NOT_REVIEWED",""
"382","64","4","data","ef-core","ef-core.savechanges-interceptor-lifecycle-and-audit","SaveChangesInterceptor lifecycle, event data, and audit stamping","_ai-conspects/_knowledge/ef-core/savechanges-interceptor-lifecycle-and-audit.md","UNASSESSED","NOT_REVIEWED",""
"383","64","5","cross-cutting","dotnet","dotnet.iterator-disposal-and-finally-cleanup","Iterator disposal and finally cleanup","_ai-conspects/_knowledge/dotnet/iterator-disposal-and-finally-cleanup.md","UNASSESSED","NOT_REVIEWED",""
"384","64","6","backend","aspnet-core","aspnet-core.paged-list-query-and-consistency","Paged-list query execution and consistency","_ai-conspects/_knowledge/aspnet-core/paged-list-query-and-consistency.md","UNASSESSED","NOT_REVIEWED",""
"385","65","1","frontend","css","css.header-positioning-and-centering","Header positioning and centering","_ai-conspects/_knowledge/css/header-positioning-and-centering.md","UNASSESSED","NOT_REVIEWED",""
"386","65","2","cross-cutting","dotnet","dotnet.dispose-pattern-and-suppress-finalize","Dispose pattern and SuppressFinalize","_ai-conspects/_knowledge/dotnet/dispose-pattern-and-suppress-finalize.md","UNASSESSED","NOT_REVIEWED",""
"387","65","3","data","sql-server","sql-server.indexed-view-schemabinding-and-eligibility","SQL Server indexed-view schemabinding and eligibility","_ai-conspects/_knowledge/sql-server/indexed-view-schemabinding-and-eligibility.md","UNASSESSED","NOT_REVIEWED",""
"388","65","4","backend","aspnet-core","aspnet-core.cookie-authentication-event-lifecycle","Cookie authentication event lifecycle","_ai-conspects/_knowledge/aspnet-core/cookie-authentication-event-lifecycle.md","UNASSESSED","NOT_REVIEWED",""
"389","65","5","frontend","javascript","javascript.browsing-contexts-popups-and-targets","Browsing contexts, popups, and navigation targets","_ai-conspects/_knowledge/javascript/browsing-contexts-popups-and-targets.md","UNASSESSED","NOT_REVIEWED",""
"390","65","6","cross-cutting","dotnet","dotnet.finalizer-lifecycle-costs-and-failure-boundaries","Finalizer lifecycle, costs, and failure boundaries","_ai-conspects/_knowledge/dotnet/finalizer-lifecycle-costs-and-failure-boundaries.md","UNASSESSED","NOT_REVIEWED",""
"391","66","1","frontend","react","react.recaptcha-v2-v3-widget-and-token-lifecycle","React reCAPTCHA v2/v3 widget and token lifecycle","_ai-conspects/_knowledge/react/recaptcha-v2-v3-widget-and-token-lifecycle.md","UNASSESSED","NOT_REVIEWED",""
"392","66","2","backend","http","http.put-patch-and-update-preconditions","PUT, PATCH, representations, and update preconditions","_ai-conspects/_knowledge/http/put-patch-and-update-preconditions.md","UNASSESSED","NOT_REVIEWED",""
"393","66","3","cross-cutting","dotnet","dotnet.unmanaged-ownership-safehandle-and-finalizer-decisions","Unmanaged ownership, SafeHandle, and finalizer decisions","_ai-conspects/_knowledge/dotnet/unmanaged-ownership-safehandle-and-finalizer-decisions.md","UNASSESSED","NOT_REVIEWED",""
"394","66","4","data","ef-core","ef-core.savechanges-interceptor-suppression-and-failure","SaveChangesInterceptor suppression, failure, and concurrency","_ai-conspects/_knowledge/ef-core/savechanges-interceptor-suppression-and-failure.md","UNASSESSED","NOT_REVIEWED",""
"395","66","5","frontend","react-query","react-query.query-defaults-key-and-option-factories","React Query defaults, key factories, and option factories","_ai-conspects/_knowledge/react-query/query-defaults-key-and-option-factories.md","UNASSESSED","NOT_REVIEWED",""
"396","66","6","backend","architecture","architecture.bff-token-storage-and-refresh-lifecycle","BFF token storage and refresh lifecycle","_ai-conspects/_knowledge/architecture/bff-token-storage-and-refresh-lifecycle.md","UNASSESSED","NOT_REVIEWED",""
"397","67","1","cross-cutting","dotnet","dotnet.gc-roots-reachability-and-disposal-state","GC roots, reachability, and disposal state","_ai-conspects/_knowledge/dotnet/gc-roots-reachability-and-disposal-state.md","UNASSESSED","NOT_REVIEWED",""
"398","67","2","security","security","security.refresh-token-family-rotation-and-reuse-detection","Refresh-token family rotation and reuse detection","_ai-conspects/_knowledge/security/refresh-token-family-rotation-and-reuse-detection.md","UNASSESSED","NOT_REVIEWED",""
"399","67","3","data","ef-core","ef-core.dbcommand-interceptor-callbacks-and-sql-mutation","DbCommandInterceptor callbacks, result shapes, and SQL mutation","_ai-conspects/_knowledge/ef-core/dbcommand-interceptor-callbacks-and-sql-mutation.md","UNASSESSED","NOT_REVIEWED",""
"400","67","4","frontend","react-hook-form","react-hook-form.field-array-identity-and-operations","Field-array identity, ordering, and structural operations","_ai-conspects/_knowledge/react-hook-form/field-array-identity-and-operations.md","UNASSESSED","NOT_REVIEWED",""
"401","67","5","cross-cutting","dotnet","dotnet.hybridcache-registration-getorcreate-and-single-flight","HybridCache registration, GetOrCreateAsync, and single-flight","_ai-conspects/_knowledge/dotnet/hybridcache-registration-getorcreate-and-single-flight.md","UNASSESSED","NOT_REVIEWED",""
"402","67","6","backend","aspnet-core","aspnet-core.jwt-bearer-event-lifecycle","JWT bearer event lifecycle","_ai-conspects/_knowledge/aspnet-core/jwt-bearer-event-lifecycle.md","UNASSESSED","NOT_REVIEWED",""
"403","68","1","frontend","javascript","javascript.cross-window-postmessage-security","Secure cross-window communication with postMessage","_ai-conspects/_knowledge/javascript/cross-window-postmessage-security.md","UNASSESSED","NOT_REVIEWED",""
"404","68","2","cross-cutting","dotnet","dotnet.hybridcache-key-tag-invalidation","HybridCache key and tag invalidation","_ai-conspects/_knowledge/dotnet/hybridcache-key-tag-invalidation.md","UNASSESSED","NOT_REVIEWED",""
"405","68","3","backend","aspnet-core","aspnet-core.distributed-cache-storage-and-invalidation","Distributed cache storage, expiration, and invalidation","_ai-conspects/_knowledge/aspnet-core/distributed-cache-storage-and-invalidation.md","UNASSESSED","NOT_REVIEWED",""
"406","68","4","data","sql-server","sql-server.declarative-invariants-and-cross-row-enforcement","Declarative invariants and cross-row enforcement","_ai-conspects/_knowledge/sql-server/declarative-invariants-and-cross-row-enforcement.md","UNASSESSED","NOT_REVIEWED",""
"407","68","5","frontend","typescript","typescript.object-value-unions-and-literal-inference","Object value unions and literal inference","_ai-conspects/_knowledge/typescript/object-value-unions-and-literal-inference.md","UNASSESSED","NOT_REVIEWED",""
"408","68","6","cross-cutting","dotnet","dotnet.hybridcache-multi-instance-l1-l2-coherence","HybridCache multi-instance L1/L2 coherence","_ai-conspects/_knowledge/dotnet/hybridcache-multi-instance-l1-l2-coherence.md","UNASSESSED","NOT_REVIEWED",""
"409","69","1","backend","aspnet-core","aspnet-core.websocket-endpoint-lifecycle-and-security","ASP.NET Core WebSocket endpoint lifecycle and security","_ai-conspects/_knowledge/aspnet-core/websocket-endpoint-lifecycle-and-security.md","UNASSESSED","NOT_REVIEWED",""
"410","69","2","frontend","redux","redux.middleware-chain-and-manual-thunks","Redux middleware chains and manual thunk orchestration","_ai-conspects/_knowledge/redux/middleware-chain-and-manual-thunks.md","UNASSESSED","NOT_REVIEWED",""
"411","69","3","cross-cutting","dotnet","dotnet.hybridcache-local-cache-flags","HybridCache local-cache read/write flags","_ai-conspects/_knowledge/dotnet/hybridcache-local-cache-flags.md","UNASSESSED","NOT_REVIEWED",""
"412","69","4","data","redis","redis.expiring-counters-portability-and-distributed-throttling","Expiring counters, portability, and distributed throttling","_ai-conspects/_knowledge/redis/expiring-counters-portability-and-distributed-throttling.md","UNASSESSED","NOT_REVIEWED",""
"413","69","5","backend","http","http.problem-details-public-error-contracts","Problem Details as a public error contract","_ai-conspects/_knowledge/http/problem-details-public-error-contracts.md","UNASSESSED","NOT_REVIEWED",""
"414","69","6","frontend","javascript","javascript.async-semaphore-permits-and-waiter-lifecycle","Async semaphore permits and waiter lifecycle","_ai-conspects/_knowledge/javascript/async-semaphore-permits-and-waiter-lifecycle.md","UNASSESSED","NOT_REVIEWED",""
"415","70","1","cross-cutting","dotnet","dotnet.httpclient-request-content-and-representation","HttpClient request content types and representation costs","_ai-conspects/_knowledge/dotnet/httpclient-request-content-and-representation.md","UNASSESSED","NOT_REVIEWED",""
"416","70","2","backend","aspnet-core","aspnet-core.authentication-properties-operation-and-session-state","AuthenticationProperties operation and session state","_ai-conspects/_knowledge/aspnet-core/authentication-properties-operation-and-session-state.md","UNASSESSED","NOT_REVIEWED",""
"417","70","3","data","ef-core","ef-core.dbcommand-interceptor-event-data-and-command-properties","DbCommandInterceptor event data properties and DbCommand shortlist","_ai-conspects/_knowledge/ef-core/dbcommand-interceptor-event-data-and-command-properties.md","UNASSESSED","NOT_REVIEWED",""
"418","70","4","cross-cutting","dotnet","dotnet.httpclient-body-length-framing-and-compression","HttpClient body length, transfer framing, and compression","_ai-conspects/_knowledge/dotnet/httpclient-body-length-framing-and-compression.md","UNASSESSED","NOT_REVIEWED",""
"419","70","5","frontend","react","react.react-router-route-tree-and-navigation","React Router route trees and navigation","_ai-conspects/_knowledge/react/react-router-route-tree-and-navigation.md","UNASSESSED","NOT_REVIEWED",""
"420","70","6","backend","aspnet-core","aspnet-core.authentication-ticket-principal-and-request-user","AuthenticationTicket, ClaimsPrincipal, and the request user","_ai-conspects/_knowledge/aspnet-core/authentication-ticket-principal-and-request-user.md","UNASSESSED","NOT_REVIEWED",""
"421","71","1","cross-cutting","dotnet","dotnet.httpclient-request-replayability-and-retries","HttpClient request replayability and retries","_ai-conspects/_knowledge/dotnet/httpclient-request-replayability-and-retries.md","UNASSESSED","NOT_REVIEWED",""
"422","71","2","frontend","react-query","react-query.query-keys-refetch-and-declarative-dependencies","React Query keys, refetch, and declarative dependencies","_ai-conspects/_knowledge/react-query/query-keys-refetch-and-declarative-dependencies.md","UNASSESSED","NOT_REVIEWED",""
"423","71","3","data","ef-core","ef-core.fromsql-and-sqlquery-apis","EF Core FromSql and SqlQuery APIs","_ai-conspects/_knowledge/ef-core/fromsql-and-sqlquery-apis.md","UNASSESSED","NOT_REVIEWED",""
"424","71","4","cross-cutting","dotnet","dotnet.streamreader-decoding-buffering-and-read-contracts","StreamReader decoding, buffering, and read contracts","_ai-conspects/_knowledge/dotnet/streamreader-decoding-buffering-and-read-contracts.md","UNASSESSED","NOT_REVIEWED",""
"425","71","5","backend","aspnet-core","aspnet-core.mvc-application-model-convention-lifecycle","MVC application-model convention lifecycle and scope","_ai-conspects/_knowledge/aspnet-core/mvc-application-model-convention-lifecycle.md","UNASSESSED","NOT_REVIEWED",""
"426","71","6","frontend","javascript","javascript.pending-promises-and-external-completion","Pending promises and external completion","_ai-conspects/_knowledge/javascript/pending-promises-and-external-completion.md","UNASSESSED","NOT_REVIEWED",""
"427","72","1","cross-cutting","dotnet","dotnet.streamwriter-encoding-buffering-and-flush-contracts","StreamWriter encoding, buffering, and flush contracts","_ai-conspects/_knowledge/dotnet/streamwriter-encoding-buffering-and-flush-contracts.md","UNASSESSED","NOT_REVIEWED",""
"428","72","2","frontend","css","css.flex-centering-axes-and-defaults","Flex centering, axes, and defaults","_ai-conspects/_knowledge/css/flex-centering-axes-and-defaults.md","UNASSESSED","NOT_REVIEWED",""
"429","72","3","backend","http","http.hypermedia-links-and-representation-negotiation","Hypermedia links and representation negotiation","_ai-conspects/_knowledge/http/hypermedia-links-and-representation-negotiation.md","UNASSESSED","NOT_REVIEWED",""
"430","72","4","data","sql-server","sql-server.database-creation-files-system-databases-and-batches","SQL Server database creation, files, system databases, and batches","_ai-conspects/_knowledge/sql-server/database-creation-files-system-databases-and-batches.md","UNASSESSED","NOT_REVIEWED",""
"431","72","5","cross-cutting","dotnet","dotnet.pipewriter-buffer-advance-flush-and-batching","PipeWriter buffer ownership, Advance, Flush, and batching","_ai-conspects/_knowledge/dotnet/pipewriter-buffer-advance-flush-and-batching.md","UNASSESSED","NOT_REVIEWED",""
"432","72","6","frontend","typescript","typescript.deep-partial-recursive-contracts","DeepPartial recursive contracts","_ai-conspects/_knowledge/typescript/deep-partial-recursive-contracts.md","UNASSESSED","NOT_REVIEWED",""
"433","73","1","backend","aspnet-core","aspnet-core.mvc-application-controller-and-action-models","MVC ApplicationModel, ControllerModel, and ActionModel","_ai-conspects/_knowledge/aspnet-core/mvc-application-controller-and-action-models.md","UNASSESSED","NOT_REVIEWED",""
"434","73","2","cross-cutting","algorithms","algorithms.fixed-width-bitmask-window","Fixed-width rolling windows with a low-bit mask","_ai-conspects/_knowledge/algorithms/fixed-width-bitmask-window.md","UNASSESSED","NOT_REVIEWED",""
"435","73","3","data","ef-core","ef-core.fromsql-parameterization-and-dynamic-sql","EF Core FromSql parameterization and safe dynamic SQL","_ai-conspects/_knowledge/ef-core/fromsql-parameterization-and-dynamic-sql.md","UNASSESSED","NOT_REVIEWED",""
"436","73","4","frontend","axios","axios.files-and-query-serialization","Axios files, binary responses, and query serialization","_ai-conspects/_knowledge/axios/files-and-query-serialization.md","UNASSESSED","NOT_REVIEWED",""
"437","73","5","backend","architecture","architecture.client-state-persistence-snapshot-lifecycle","Client-state persistence snapshots, hydration, and write policy","_ai-conspects/_knowledge/architecture/client-state-persistence-snapshot-lifecycle.md","UNASSESSED","NOT_REVIEWED",""
"438","73","6","security","security","security.browser-access-and-refresh-token-lifecycle","Browser access-token and refresh-session lifecycle","_ai-conspects/_knowledge/security/browser-access-and-refresh-token-lifecycle.md","UNASSESSED","NOT_REVIEWED",""
"439","74","1","cross-cutting","dotnet","dotnet.pipereader-consumed-examined-and-segmented-framing","PipeReader consumed/examined positions and segmented framing","_ai-conspects/_knowledge/dotnet/pipereader-consumed-examined-and-segmented-framing.md","UNASSESSED","NOT_REVIEWED",""
"440","74","2","frontend","javascript","javascript.binary-storage-arraybuffer-typedarrays-and-blob","Binary storage with ArrayBuffer, typed arrays, and Blob","_ai-conspects/_knowledge/javascript/binary-storage-arraybuffer-typedarrays-and-blob.md","UNASSESSED","NOT_REVIEWED",""
"441","74","3","backend","aspnet-core","aspnet-core.mvc-parameter-selector-route-and-api-explorer-models","MVC parameter, selector, route, and API Explorer models","_ai-conspects/_knowledge/aspnet-core/mvc-parameter-selector-route-and-api-explorer-models.md","UNASSESSED","NOT_REVIEWED",""
"442","74","4","data","ef-core","ef-core.executeupdate-executedelete-and-set-based-dml","EF Core ExecuteUpdate, ExecuteDelete, and set-based DML","_ai-conspects/_knowledge/ef-core/executeupdate-executedelete-and-set-based-dml.md","UNASSESSED","NOT_REVIEWED",""
"443","74","5","cross-cutting","dotnet","dotnet.sequencereader-segmented-protocol-parsing","SequenceReader segmented protocol parsing","_ai-conspects/_knowledge/dotnet/sequencereader-segmented-protocol-parsing.md","UNASSESSED","NOT_REVIEWED",""
"444","74","6","frontend","react-query","react-query.query-state-status-error-and-cache-core","React Query state, status, errors, and cache core","_ai-conspects/_knowledge/react-query/query-state-status-error-and-cache-core.md","UNASSESSED","NOT_REVIEWED",""
"445","75","1","backend","aspnet-core","aspnet-core.options-binding-names-and-access-lifetimes","ASP.NET Core options binding, names, and access lifetimes","_ai-conspects/_knowledge/aspnet-core/options-binding-names-and-access-lifetimes.md","UNASSESSED","NOT_REVIEWED",""
"446","75","2","cross-cutting","dotnet","dotnet.stream-whole-content-buffering-and-byte-arrays","Stream whole-content buffering and byte arrays","_ai-conspects/_knowledge/dotnet/stream-whole-content-buffering-and-byte-arrays.md","UNASSESSED","NOT_REVIEWED",""
"447","75","3","frontend","react","react.react-router-loaders-actions-and-testing","React Router loaders, actions, and router-aware testing","_ai-conspects/_knowledge/react/react-router-loaders-actions-and-testing.md","UNASSESSED","NOT_REVIEWED",""
"448","75","4","data","sql-server","sql-server.logins-users-roles-and-permissions","SQL Server logins, users, roles, and permissions","_ai-conspects/_knowledge/sql-server/logins-users-roles-and-permissions.md","UNASSESSED","NOT_REVIEWED",""
"449","75","5","backend","aspnet-core","aspnet-core.options-validation-and-startup-failure","ASP.NET Core options validation and startup failure","_ai-conspects/_knowledge/aspnet-core/options-validation-and-startup-failure.md","UNASSESSED","NOT_REVIEWED",""
"450","75","6","cross-cutting","dotnet","dotnet.stream-partial-reads-and-bounded-loops","Stream partial reads and bounded read loops","_ai-conspects/_knowledge/dotnet/stream-partial-reads-and-bounded-loops.md","UNASSESSED","NOT_REVIEWED",""
"451","76","1","frontend","javascript","javascript.byte-values-and-endianness","Byte values and endianness","_ai-conspects/_knowledge/javascript/byte-values-and-endianness.md","UNASSESSED","NOT_REVIEWED",""
"452","76","2","cross-cutting","dotnet","dotnet.stream-readexactly-readatleast-fixed-count-reads","Stream ReadExactly, ReadAtLeast, and fixed-count reads","_ai-conspects/_knowledge/dotnet/stream-readexactly-readatleast-fixed-count-reads.md","UNASSESSED","NOT_REVIEWED",""
"453","76","3","backend","http","http.api-versioning-and-deprecation","API versioning and deprecation","_ai-conspects/_knowledge/http/api-versioning-and-deprecation.md","UNASSESSED","NOT_REVIEWED",""
"454","76","4","data","ef-core","ef-core.retry-buffering-and-streaming-behavior","EF Core retry buffering and streaming behavior","_ai-conspects/_knowledge/ef-core/retry-buffering-and-streaming-behavior.md","UNASSESSED","NOT_REVIEWED",""
"455","76","5","frontend","typescript","typescript.custom-mapped-utilities-prettify-and-xor","Custom mapped utilities: Prettify and XOR","_ai-conspects/_knowledge/typescript/custom-mapped-utilities-prettify-and-xor.md","UNASSESSED","NOT_REVIEWED",""
"456","76","6","cross-cutting","dotnet","dotnet.hashcode-equality-contract","GetHashCode contract, purpose, and mutable-key failure","_ai-conspects/_knowledge/dotnet/hashcode-equality-contract.md","UNASSESSED","NOT_REVIEWED",""
"457","77","1","backend","aspnet-core","aspnet-core.options-configuration-pipeline-and-di","ASP.NET Core options configuration pipeline and dependency injection","_ai-conspects/_knowledge/aspnet-core/options-configuration-pipeline-and-di.md","UNASSESSED","NOT_REVIEWED",""
"458","77","2","frontend","javascript","javascript.dataview-offsets-and-binary-layouts","DataView offsets and mixed binary layouts","_ai-conspects/_knowledge/javascript/dataview-offsets-and-binary-layouts.md","UNASSESSED","NOT_REVIEWED",""
"459","77","3","data","ef-core","ef-core.savepoints-savechanges-and-transaction-recovery","EF Core savepoints, SaveChanges, and transaction recovery","_ai-conspects/_knowledge/ef-core/savepoints-savechanges-and-transaction-recovery.md","UNASSESSED","NOT_REVIEWED",""
"460","77","4","cross-cutting","dotnet","dotnet.hashcode-api-and-implementation","GetHashCode and HashCode API implementation patterns","_ai-conspects/_knowledge/dotnet/hashcode-api-and-implementation.md","UNASSESSED","NOT_REVIEWED",""
"461","77","5","backend","aspnet-core","aspnet-core.options-monitor-reload-and-background-services","ASP.NET Core options monitoring, reload, and background services","_ai-conspects/_knowledge/aspnet-core/options-monitor-reload-and-background-services.md","UNASSESSED","NOT_REVIEWED",""
"462","77","6","frontend","react-query","react-query.select-notifications-and-structural-sharing","React Query select, notifications, and structural sharing","_ai-conspects/_knowledge/react-query/select-notifications-and-structural-sharing.md","UNASSESSED","NOT_REVIEWED",""
"463","78","1","cross-cutting","dotnet","dotnet.value-object-equality-and-component-streams","ValueObject equality and declarative component streams","_ai-conspects/_knowledge/dotnet/value-object-equality-and-component-streams.md","UNASSESSED","NOT_REVIEWED",""
"464","78","2","frontend","react","react.react-router-revalidation-navigation-state-and-redirects","React Router revalidation, navigation state, and redirects","_ai-conspects/_knowledge/react/react-router-revalidation-navigation-state-and-redirects.md","UNASSESSED","NOT_REVIEWED",""
"465","78","3","backend","aspnet-core","aspnet-core.json-xml-formatters-and-default-order","ASP.NET Core JSON/XML formatters and default order","_ai-conspects/_knowledge/aspnet-core/json-xml-formatters-and-default-order.md","UNASSESSED","NOT_REVIEWED",""
"466","78","4","data","sql-server","sql-server.procedural-control-flow-variables-and-errors","SQL Server procedural control flow, variables, and errors","_ai-conspects/_knowledge/sql-server/procedural-control-flow-variables-and-errors.md","UNASSESSED","NOT_REVIEWED",""
"467","78","5","cross-cutting","dotnet","dotnet.lazy-initialization-and-argument-patterns","Lazy<T> initialization, async tasks, and argument patterns","_ai-conspects/_knowledge/dotnet/lazy-initialization-and-argument-patterns.md","UNASSESSED","NOT_REVIEWED",""
"468","78","6","frontend","css","css.stacking-context-hierarchy-and-clipping","Stacking-context hierarchy and clipping","_ai-conspects/_knowledge/css/stacking-context-hierarchy-and-clipping.md","UNASSESSED","NOT_REVIEWED",""
"469","79","1","backend","http","http.rate-limit-responses-and-retry-after","Rate-limit responses and Retry-After","_ai-conspects/_knowledge/http/rate-limit-responses-and-retry-after.md","UNASSESSED","NOT_REVIEWED",""
"470","79","2","cross-cutting","dotnet","dotnet.lazy-thread-safety-modes-and-exception-caching","LazyThreadSafetyMode semantics and exception caching","_ai-conspects/_knowledge/dotnet/lazy-thread-safety-modes-and-exception-caching.md","UNASSESSED","NOT_REVIEWED",""
"471","79","3","data","ef-core","ef-core.autotransaction-currenttransaction-and-autosavepoints","EF Core AutoTransactionBehavior, CurrentTransaction, and AutoSavepoints","_ai-conspects/_knowledge/ef-core/autotransaction-currenttransaction-and-autosavepoints.md","UNASSESSED","NOT_REVIEWED",""
"472","79","4","frontend","javascript","javascript.browser-download-navigation-and-blob-urls","Browser download navigation and Blob URL lifecycle","_ai-conspects/_knowledge/javascript/browser-download-navigation-and-blob-urls.md","UNASSESSED","NOT_REVIEWED",""
"473","79","5","backend","aspnet-core","aspnet-core.semantic-media-types-and-formatter-contracts","ASP.NET Core semantic media types and formatter contracts","_ai-conspects/_knowledge/aspnet-core/semantic-media-types-and-formatter-contracts.md","UNASSESSED","NOT_REVIEWED",""
"474","79","6","cross-cutting","dotnet","dotnet.totp-secret-generation-and-base32-encoding","TOTP secret generation and Base32 encoding","_ai-conspects/_knowledge/dotnet/totp-secret-generation-and-base32-encoding.md","UNASSESSED","NOT_REVIEWED",""
"475","80","1","frontend","react-hook-form","react-hook-form.form-context-and-nested-fields","FormProvider, form context, and deeply nested fields","_ai-conspects/_knowledge/react-hook-form/form-context-and-nested-fields.md","UNASSESSED","NOT_REVIEWED",""
"476","80","2","security","security","security.jwt-signing-keys-kid-and-jwks-rotation","JWT signing keys, KID, and JWKS rotation","_ai-conspects/_knowledge/security/jwt-signing-keys-kid-and-jwks-rotation.md","UNASSESSED","NOT_REVIEWED",""
"477","80","3","cross-cutting","dotnet","dotnet.httpclient-testing-with-message-handlers","Testing HttpClient code with message handlers","_ai-conspects/_knowledge/dotnet/httpclient-testing-with-message-handlers.md","UNASSESSED","NOT_REVIEWED",""
"478","80","4","backend","architecture","architecture.forward-and-reverse-proxy-roles","Forward and reverse proxy roles","_ai-conspects/_knowledge/architecture/forward-and-reverse-proxy-roles.md","UNASSESSED","NOT_REVIEWED",""
"479","80","5","data","ef-core","ef-core.idbcontext-transaction-savepoints-and-dbtransaction-interop","EF Core IDbContextTransaction, savepoints, and DbTransaction interop","_ai-conspects/_knowledge/ef-core/idbcontext-transaction-savepoints-and-dbtransaction-interop.md","UNASSESSED","NOT_REVIEWED",""
"480","80","6","frontend","javascript","javascript.file-system-access-save-and-streaming","File System Access save, streaming, and writer lifecycle","_ai-conspects/_knowledge/javascript/file-system-access-save-and-streaming.md","UNASSESSED","NOT_REVIEWED",""
"481","81","1","cross-cutting","dotnet","dotnet.httpclient-requests-responses-and-ownership","HttpClient requests, responses, and ownership","_ai-conspects/_knowledge/dotnet/httpclient-requests-responses-and-ownership.md","UNASSESSED","NOT_REVIEWED",""
"482","81","2","backend","aspnet-core","aspnet-core.exception-middleware-response-lifecycle","Exception middleware response lifecycle and status mapping","_ai-conspects/_knowledge/aspnet-core/exception-middleware-response-lifecycle.md","UNASSESSED","NOT_REVIEWED",""
"483","81","3","data","ef-core","ef-core.savechanges-flush-lifecycle-and-rollback-scope","EF Core SaveChanges flush lifecycle and rollback scope","_ai-conspects/_knowledge/ef-core/savechanges-flush-lifecycle-and-rollback-scope.md","UNASSESSED","NOT_REVIEWED",""
"484","81","4","frontend","react-query","react-query.selector-purity-observers-and-performance","React Query selector purity, observers, and performance","_ai-conspects/_knowledge/react-query/selector-purity-observers-and-performance.md","UNASSESSED","NOT_REVIEWED",""
"485","81","5","cross-cutting","dotnet","dotnet.httpclientfactory-client-and-handler-lifetimes","HttpClientFactory client and handler lifetimes","_ai-conspects/_knowledge/dotnet/httpclientfactory-client-and-handler-lifetimes.md","UNASSESSED","NOT_REVIEWED",""
"486","81","6","backend","aspnet-core","aspnet-core.problem-details-writers-context-and-metadata","Problem Details writers, context, and endpoint metadata","_ai-conspects/_knowledge/aspnet-core/problem-details-writers-context-and-metadata.md","UNASSESSED","NOT_REVIEWED",""
"487","82","1","frontend","typescript","typescript.zod-schema-validation-and-inference","Zod schema validation, composition, and type inference","_ai-conspects/_knowledge/typescript/zod-schema-validation-and-inference.md","UNASSESSED","NOT_REVIEWED",""
"488","82","2","cross-cutting","dotnet","dotnet.named-and-typed-httpclient-configuration","Named and typed HttpClient configuration","_ai-conspects/_knowledge/dotnet/named-and-typed-httpclient-configuration.md","UNASSESSED","NOT_REVIEWED",""
"489","82","3","data","sql-server","sql-server.rowversion-concurrency-and-returning-values","SQL Server rowversion concurrency and returned values","_ai-conspects/_knowledge/sql-server/rowversion-concurrency-and-returning-values.md","UNASSESSED","NOT_REVIEWED",""
"490","82","4","backend","http","http.accept-negotiation-ranking-and-selection","Accept negotiation ranking and deterministic selection","_ai-conspects/_knowledge/http/accept-negotiation-ranking-and-selection.md","UNASSESSED","NOT_REVIEWED",""
"491","82","5","frontend","react","react.react-router-route-errors-and-action-data","React Router route errors and action data","_ai-conspects/_knowledge/react/react-router-route-errors-and-action-data.md","UNASSESSED","NOT_REVIEWED",""
"492","82","6","cross-cutting","dotnet","dotnet.httpclient-handler-pipelines-and-transport-configuration","HttpClient handler pipelines and transport configuration","_ai-conspects/_knowledge/dotnet/httpclient-handler-pipelines-and-transport-configuration.md","UNASSESSED","NOT_REVIEWED",""
"493","83","1","backend","aspnet-core","aspnet-core.response-body-shapes-and-streaming-output","Response body shapes and streaming output choices","_ai-conspects/_knowledge/aspnet-core/response-body-shapes-and-streaming-output.md","UNASSESSED","NOT_REVIEWED",""
"494","83","2","frontend","javascript","javascript.websocket-client-lifecycle-backpressure-and-reconnect","Browser WebSocket lifecycle, backpressure, and reconnect","_ai-conspects/_knowledge/javascript/websocket-client-lifecycle-backpressure-and-reconnect.md","UNASSESSED","NOT_REVIEWED",""
"495","83","3","cross-cutting","dotnet","dotnet.streaming-byte-object-and-memory-models","Streaming byte, object, and memory models","_ai-conspects/_knowledge/dotnet/streaming-byte-object-and-memory-models.md","UNASSESSED","NOT_REVIEWED",""
"496","83","4","data","ef-core","ef-core.savechanges-generated-values-batching-and-changetracker","EF Core SaveChanges generated values, batching, and ChangeTracker.Clear","_ai-conspects/_knowledge/ef-core/savechanges-generated-values-batching-and-changetracker.md","UNASSESSED","NOT_REVIEWED",""
"497","83","5","backend","aspnet-core","aspnet-core.request-body-binding-raw-access-and-replay-buffering","Request-body binding, raw access, and replay buffering","_ai-conspects/_knowledge/aspnet-core/request-body-binding-raw-access-and-replay-buffering.md","UNASSESSED","NOT_REVIEWED",""
"498","83","6","cross-cutting","dotnet","dotnet.polly-pipeline-execution-and-resilience-context","Polly pipeline execution and ResilienceContext","_ai-conspects/_knowledge/dotnet/polly-pipeline-execution-and-resilience-context.md","UNASSESSED","NOT_REVIEWED",""
"499","84","1","frontend","javascript","javascript.etag-write-precondition-lifecycle","Browser ETag lifecycle for write preconditions","_ai-conspects/_knowledge/javascript/etag-write-precondition-lifecycle.md","UNASSESSED","NOT_REVIEWED",""
"500","84","2","data","ef-core","ef-core.databasefacade-connectivity-and-migrations","EF Core DatabaseFacade connectivity and migrations","_ai-conspects/_knowledge/ef-core/databasefacade-connectivity-and-migrations.md","UNASSESSED","NOT_REVIEWED",""
"501","84","3","cross-cutting","dotnet","dotnet.polly-retry-outcomes-delays-and-request-metadata","Polly retry outcomes, delays, and request metadata","_ai-conspects/_knowledge/dotnet/polly-retry-outcomes-delays-and-request-metadata.md","UNASSESSED","NOT_REVIEWED",""
"502","84","4","backend","aspnet-core","aspnet-core.mvc-filter-pipeline-stages-and-ordering","MVC filter pipeline stages and ordering","_ai-conspects/_knowledge/aspnet-core/mvc-filter-pipeline-stages-and-ordering.md","UNASSESSED","NOT_REVIEWED",""
"503","84","5","frontend","react-query","react-query.staleness-refetch-triggers-and-retry","React Query staleness, refetch triggers, and retry","_ai-conspects/_knowledge/react-query/staleness-refetch-triggers-and-retry.md","UNASSESSED","NOT_REVIEWED",""
"504","84","6","cross-cutting","dotnet","dotnet.polly-rate-limiter-strategies-and-partitions","Polly rate limiter strategies and partitions","_ai-conspects/_knowledge/dotnet/polly-rate-limiter-strategies-and-partitions.md","UNASSESSED","NOT_REVIEWED",""
"505","85","1","frontend","typescript","typescript.zod-form-input-coercion-and-transforms","Zod form-input coercion, preprocessing, and transforms","_ai-conspects/_knowledge/typescript/zod-form-input-coercion-and-transforms.md","UNASSESSED","NOT_REVIEWED",""
"506","85","2","backend","aspnet-core","aspnet-core.mvc-resource-action-and-result-filter-mechanics","MVC resource, action, and result filter mechanics","_ai-conspects/_knowledge/aspnet-core/mvc-resource-action-and-result-filter-mechanics.md","UNASSESSED","NOT_REVIEWED",""
"507","85","3","data","sql-server","sql-server.table-schema-types-identifiers-and-foreign-keys","SQL Server table schemas, identifiers, and foreign keys","_ai-conspects/_knowledge/sql-server/table-schema-types-identifiers-and-foreign-keys.md","UNASSESSED","NOT_REVIEWED",""
"508","85","4","cross-cutting","testing","testing.react-router-redirect-tests","React Router redirect tests","_ai-conspects/_knowledge/testing/react-router-redirect-tests.md","UNASSESSED","NOT_REVIEWED",""
"509","85","5","frontend","css","css.mobile-viewport-height-units","Mobile viewport height units","_ai-conspects/_knowledge/css/mobile-viewport-height-units.md","UNASSESSED","NOT_REVIEWED",""
"510","85","6","backend","http","http.creation-responses-and-operation-resources","Creation responses and operation resources","_ai-conspects/_knowledge/http/creation-responses-and-operation-resources.md","UNASSESSED","NOT_REVIEWED",""
"511","86","1","cross-cutting","dotnet","dotnet.polly-strategy-ordering-hedging-and-exception-flow","Polly strategy ordering, hedging, and exception flow","_ai-conspects/_knowledge/dotnet/polly-strategy-ordering-hedging-and-exception-flow.md","UNASSESSED","NOT_REVIEWED",""
"512","86","2","frontend","javascript","javascript.readable-stream-consumption-and-tee","ReadableStream consumption, locking, and tee branching","_ai-conspects/_knowledge/javascript/readable-stream-consumption-and-tee.md","UNASSESSED","NOT_REVIEWED",""
"513","86","3","data","ef-core","ef-core.dbconnection-lifetime-setdbconnection-and-timeouts","EF Core DbConnection lifetime, SetDbConnection, and timeouts","_ai-conspects/_knowledge/ef-core/dbconnection-lifetime-setdbconnection-and-timeouts.md","UNASSESSED","NOT_REVIEWED",""
"514","86","4","backend","aspnet-core","aspnet-core.mvc-filter-activation-di-and-factories","MVC filter activation, DI, and factories","_ai-conspects/_knowledge/aspnet-core/mvc-filter-activation-di-and-factories.md","UNASSESSED","NOT_REVIEWED",""
"515","86","5","cross-cutting","dotnet","dotnet.polly-http-policy-helpers-and-httpclient-integration","Polly HTTP policy helpers and HttpClient integration","_ai-conspects/_knowledge/dotnet/polly-http-policy-helpers-and-httpclient-integration.md","UNASSESSED","NOT_REVIEWED",""
"516","86","6","frontend","react","react.react-router-fetchers-and-local-mutations","React Router fetchers and local mutations","_ai-conspects/_knowledge/react/react-router-fetchers-and-local-mutations.md","UNASSESSED","NOT_REVIEWED",""
"517","87","1","security","security","security.recaptcha-server-verification-and-risk-policy","reCAPTCHA server verification and risk policy","_ai-conspects/_knowledge/security/recaptcha-server-verification-and-risk-policy.md","UNASSESSED","NOT_REVIEWED",""
"518","87","2","backend","architecture","architecture.reverse-proxy-central-routing-and-policy","Reverse-proxy central routing and policy","_ai-conspects/_knowledge/architecture/reverse-proxy-central-routing-and-policy.md","UNASSESSED","NOT_REVIEWED",""
"519","87","3","cross-cutting","dotnet","dotnet.time-types-and-model-selection",".NET time types and model selection","_ai-conspects/_knowledge/dotnet/time-types-and-model-selection.md","UNASSESSED","NOT_REVIEWED",""
"520","87","4","data","redis","redis.cache-stampede-and-token-owned-locks","Cache stampede protection and token-owned locks","_ai-conspects/_knowledge/redis/cache-stampede-and-token-owned-locks.md","UNASSESSED","NOT_REVIEWED",""
"521","87","5","frontend","redux","redux.persist-reducers-transforms-and-rehydration","Redux Persist reducers, transforms, migrations, and rehydration","_ai-conspects/_knowledge/redux/persist-reducers-transforms-and-rehydration.md","UNASSESSED","NOT_REVIEWED",""
"522","87","6","backend","aspnet-core","aspnet-core.mvc-exception-filters-and-error-results","MVC exception filters and error results","_ai-conspects/_knowledge/aspnet-core/mvc-exception-filters-and-error-results.md","UNASSESSED","NOT_REVIEWED",""
"523","88","1","cross-cutting","dotnet","dotnet.datetime-offset-kind-conversion-and-arithmetic","DateTime offset, Kind, conversion, and arithmetic","_ai-conspects/_knowledge/dotnet/datetime-offset-kind-conversion-and-arithmetic.md","UNASSESSED","NOT_REVIEWED",""
"524","88","2","frontend","react-query","react-query.suspense-query-behavior-and-dependencies","React Query Suspense behavior and query dependencies","_ai-conspects/_knowledge/react-query/suspense-query-behavior-and-dependencies.md","UNASSESSED","NOT_REVIEWED",""
"525","88","3","data","ef-core","ef-core.manual-dbcontext-and-multi-context-patterns","EF Core manual DbContext construction and multi-context patterns","_ai-conspects/_knowledge/ef-core/manual-dbcontext-and-multi-context-patterns.md","UNASSESSED","NOT_REVIEWED",""
"526","88","4","cross-cutting","dotnet","dotnet.ticks-unix-time-and-javascript-display",".NET ticks, Unix time, and JavaScript display","_ai-conspects/_knowledge/dotnet/ticks-unix-time-and-javascript-display.md","UNASSESSED","NOT_REVIEWED",""
"527","88","5","backend","aspnet-core","aspnet-core.mvc-filters-vs-middleware-selection-and-lifetimes","MVC filters versus middleware: selection and lifetimes","_ai-conspects/_knowledge/aspnet-core/mvc-filters-vs-middleware-selection-and-lifetimes.md","UNASSESSED","NOT_REVIEWED",""
"528","88","6","frontend","javascript","javascript.readable-stream-producers-backpressure-and-cancellation","ReadableStream producers, backpressure, and cancellation","_ai-conspects/_knowledge/javascript/readable-stream-producers-backpressure-and-cancellation.md","UNASSESSED","NOT_REVIEWED",""
"529","89","1","cross-cutting","dotnet","dotnet.datetime-parsing-exactness-and-standard-formats","Date/time parsing exactness and standard formats","_ai-conspects/_knowledge/dotnet/datetime-parsing-exactness-and-standard-formats.md","UNASSESSED","NOT_REVIEWED",""
"530","89","2","backend","http","http.canonical-resource-identities-and-lookup-routes","Canonical resource identities and lookup routes","_ai-conspects/_knowledge/http/canonical-resource-identities-and-lookup-routes.md","UNASSESSED","NOT_REVIEWED",""
"531","89","3","frontend","axios","axios.interceptor-lifecycle-status-and-token-refresh","Axios interceptor lifecycle, status policy, and token refresh","_ai-conspects/_knowledge/axios/interceptor-lifecycle-status-and-token-refresh.md","UNASSESSED","NOT_REVIEWED",""
"532","89","4","data","sql-server","sql-server.dml-output-rowcount-and-table-variables","SQL Server DML, OUTPUT, row counts, and table variables","_ai-conspects/_knowledge/sql-server/dml-output-rowcount-and-table-variables.md","UNASSESSED","NOT_REVIEWED",""
"533","89","5","cross-cutting","dotnet","dotnet.timezone-conversion-json-and-model-binding",".NET timezone conversion, JSON, and model binding","_ai-conspects/_knowledge/dotnet/timezone-conversion-json-and-model-binding.md","UNASSESSED","NOT_REVIEWED",""
"534","89","6","backend","aspnet-core","aspnet-core.mvc-action-constraints-selection-and-validation-boundary","MVC action constraints: selection and validation boundary","_ai-conspects/_knowledge/aspnet-core/mvc-action-constraints-selection-and-validation-boundary.md","UNASSESSED","NOT_REVIEWED",""
"535","90","1","frontend","typescript","typescript.zod-refinements-and-cross-field-errors","Zod refinements and cross-field errors","_ai-conspects/_knowledge/typescript/zod-refinements-and-cross-field-errors.md","UNASSESSED","NOT_REVIEWED",""
"536","90","2","cross-cutting","dotnet","dotnet.timezone-date-math-and-dst","Timezone-aware date math and DST","_ai-conspects/_knowledge/dotnet/timezone-date-math-and-dst.md","UNASSESSED","NOT_REVIEWED",""
"537","90","3","data","ef-core","ef-core.entity-materialization-and-safe-constructors","Entity materialization and safe constructors","_ai-conspects/_knowledge/ef-core/entity-materialization-and-safe-constructors.md","UNASSESSED","NOT_REVIEWED",""
"538","90","4","backend","aspnet-core","aspnet-core.forwarded-headers-and-client-ip-trust","Forwarded headers and client-IP trust","_ai-conspects/_knowledge/aspnet-core/forwarded-headers-and-client-ip-trust.md","UNASSESSED","NOT_REVIEWED",""
"539","90","5","frontend","javascript","javascript.incremental-streaming-and-ndjson","Incremental streaming, peak memory, and NDJSON","_ai-conspects/_knowledge/javascript/incremental-streaming-and-ndjson.md","UNASSESSED","NOT_REVIEWED",""
"540","90","6","cross-cutting","dotnet","dotnet.invalid-local-time-resolution-policies","Invalid local-time resolution policies","_ai-conspects/_knowledge/dotnet/invalid-local-time-resolution-policies.md","UNASSESSED","NOT_REVIEWED",""
"541","91","1","frontend","react","react.react-router-matches-loader-data-handle-and-breadcrumbs","React Router matches, shared loader data, handle, and breadcrumbs","_ai-conspects/_knowledge/react/react-router-matches-loader-data-handle-and-breadcrumbs.md","UNASSESSED","NOT_REVIEWED",""
"542","91","2","backend","aspnet-core","aspnet-core.async-enumerable-query-streaming-lifecycle","Async-enumerable query streaming lifecycle","_ai-conspects/_knowledge/aspnet-core/async-enumerable-query-streaming-lifecycle.md","UNASSESSED","NOT_REVIEWED",""
"543","91","3","cross-cutting","dotnet","dotnet.ambiguous-local-time-scheduling-and-audit","Ambiguous local-time scheduling and audit","_ai-conspects/_knowledge/dotnet/ambiguous-local-time-scheduling-and-audit.md","UNASSESSED","NOT_REVIEWED",""
"544","91","4","data","ef-core","ef-core.shadow-properties-and-persistence-only-state","Shadow properties and persistence-only state","_ai-conspects/_knowledge/ef-core/shadow-properties-and-persistence-only-state.md","UNASSESSED","NOT_REVIEWED",""
"545","91","5","frontend","react-hook-form","react-hook-form.reusable-form-architecture","Reusable React Hook Form architecture and testing boundaries","_ai-conspects/_knowledge/react-hook-form/reusable-form-architecture.md","UNASSESSED","NOT_REVIEWED",""
"546","91","6","backend","http","http.websocket-upgrade-subprotocols-and-application-contracts","WebSocket upgrade, subprotocols, and application contracts","_ai-conspects/_knowledge/http/websocket-upgrade-subprotocols-and-application-contracts.md","UNASSESSED","NOT_REVIEWED",""
"547","92","1","cross-cutting","dotnet","dotnet.jsondocument-jsonelement-readonly-dom","JsonDocument and JsonElement read-only DOM","_ai-conspects/_knowledge/dotnet/jsondocument-jsonelement-readonly-dom.md","UNASSESSED","NOT_REVIEWED",""
"548","92","2","frontend","react-query","react-query.testing-with-queryclient-and-msw","Testing React Query with QueryClient and MSW","_ai-conspects/_knowledge/react-query/testing-with-queryclient-and-msw.md","UNASSESSED","NOT_REVIEWED",""
"549","92","3","data","sql-server","sql-server.upsert-merge-and-concurrency","SQL Server upsert, MERGE, and concurrency","_ai-conspects/_knowledge/sql-server/upsert-merge-and-concurrency.md","UNASSESSED","NOT_REVIEWED",""
"550","92","4","backend","aspnet-core","aspnet-core.form-and-multipart-request-binding","Form and multipart request binding","_ai-conspects/_knowledge/aspnet-core/form-and-multipart-request-binding.md","UNASSESSED","NOT_REVIEWED",""
"551","92","5","cross-cutting","dotnet","dotnet.jsonnode-mutable-dom","JsonNode mutable DOM","_ai-conspects/_knowledge/dotnet/jsonnode-mutable-dom.md","UNASSESSED","NOT_REVIEWED",""
"552","92","6","frontend","javascript","javascript.transformstream-pipelines-and-flush","TransformStream pipelines, buffering, and flush","_ai-conspects/_knowledge/javascript/transformstream-pipelines-and-flush.md","UNASSESSED","NOT_REVIEWED",""
"553","93","1","cross-cutting","dotnet","dotnet.utf8jsonwriter-streaming-and-token-control","Utf8JsonWriter streaming and token control","_ai-conspects/_knowledge/dotnet/utf8jsonwriter-streaming-and-token-control.md","UNASSESSED","NOT_REVIEWED",""
"554","93","2","backend","aspnet-core","aspnet-core.json-dom-model-binding-and-dynamic-values","JSON DOM model binding and dynamic runtime values","_ai-conspects/_knowledge/aspnet-core/json-dom-model-binding-and-dynamic-values.md","UNASSESSED","NOT_REVIEWED",""
"555","93","3","data","ef-core","ef-core.optimistic-concurrency-resolution-and-savepoints","Optimistic concurrency resolution and savepoints","_ai-conspects/_knowledge/ef-core/optimistic-concurrency-resolution-and-savepoints.md","UNASSESSED","NOT_REVIEWED",""
"556","93","4","frontend","css","css.not-selector-exclusion","Selector exclusion with :not()","_ai-conspects/_knowledge/css/not-selector-exclusion.md","UNASSESSED","NOT_REVIEWED",""
"557","93","5","security","security","security.mfa-factor-selection-trusted-devices-and-recovery","MFA factor selection, trusted devices, and recovery","_ai-conspects/_knowledge/security/mfa-factor-selection-trusted-devices-and-recovery.md","UNASSESSED","NOT_REVIEWED",""
"558","93","6","cross-cutting","dotnet","dotnet.reflection-type-members-and-binding-flags","Reflection Type, members, and BindingFlags","_ai-conspects/_knowledge/dotnet/reflection-type-members-and-binding-flags.md","UNASSESSED","NOT_REVIEWED",""
"559","94","1","backend","architecture","architecture.reverse-proxy-edge-tls-isolation-and-offload","Reverse-proxy edge TLS, isolation, and offload","_ai-conspects/_knowledge/architecture/reverse-proxy-edge-tls-isolation-and-offload.md","UNASSESSED","NOT_REVIEWED",""
"560","94","2","frontend","javascript","javascript.writablestream-pipeto-and-sink-lifecycle","WritableStream, pipeTo, and sink lifecycle","_ai-conspects/_knowledge/javascript/writablestream-pipeto-and-sink-lifecycle.md","UNASSESSED","NOT_REVIEWED",""
"561","94","3","cross-cutting","dotnet","dotnet.reflection-fields-properties-and-attributes","Reflection fields, properties, and attributes","_ai-conspects/_knowledge/dotnet/reflection-fields-properties-and-attributes.md","UNASSESSED","NOT_REVIEWED",""
"562","94","4","data","ef-core","ef-core.database-failure-layers-and-sql-server-classification","Database failure layers and SQL Server classification","_ai-conspects/_knowledge/ef-core/database-failure-layers-and-sql-server-classification.md","UNASSESSED","NOT_REVIEWED",""
"563","94","5","backend","aspnet-core","aspnet-core.yarp-routes-clusters-and-destinations","YARP routes, clusters, and destinations","_ai-conspects/_knowledge/aspnet-core/yarp-routes-clusters-and-destinations.md","UNASSESSED","NOT_REVIEWED",""
"564","94","6","frontend","typescript","typescript.zod-discriminated-union-validation","Zod discriminated-union validation","_ai-conspects/_knowledge/typescript/zod-discriminated-union-validation.md","UNASSESSED","NOT_REVIEWED",""
"565","95","1","cross-cutting","dotnet","dotnet.reflection-methods-constructors-and-parameters","Reflection methods, constructors, and parameters","_ai-conspects/_knowledge/dotnet/reflection-methods-constructors-and-parameters.md","UNASSESSED","NOT_REVIEWED",""
"566","95","2","backend","http","http.client-server-roles-listening-and-request-flow","Client/server roles, listening endpoints, and HTTP flow","_ai-conspects/_knowledge/http/client-server-roles-listening-and-request-flow.md","UNASSESSED","NOT_REVIEWED",""
"567","95","3","frontend","react","react.react-router-forms-react-hook-form-and-history","React Router forms, React Hook Form, and history","_ai-conspects/_knowledge/react/react-router-forms-react-hook-form-and-history.md","UNASSESSED","NOT_REVIEWED",""
"568","95","4","data","sql-server","sql-server.schema-evolution-indexes-and-constraints","SQL Server schema evolution, indexes, and constraints","_ai-conspects/_knowledge/sql-server/schema-evolution-indexes-and-constraints.md","UNASSESSED","NOT_REVIEWED",""
"569","95","5","cross-cutting","dotnet","dotnet.reflection-events-interfaces-and-member-origin","Reflection events, interfaces, nested types, and member origin","_ai-conspects/_knowledge/dotnet/reflection-events-interfaces-and-member-origin.md","UNASSESSED","NOT_REVIEWED",""
"570","95","6","backend","aspnet-core","aspnet-core.route-parameters-catch-all-and-inline-constraints","Route parameters, catch-all paths, and inline constraints","_ai-conspects/_knowledge/aspnet-core/route-parameters-catch-all-and-inline-constraints.md","UNASSESSED","NOT_REVIEWED",""
"571","96","1","frontend","react-query","react-query.websocket-event-driven-cache-updates","WebSocket-driven React Query cache updates","_ai-conspects/_knowledge/react-query/websocket-event-driven-cache-updates.md","UNASSESSED","NOT_REVIEWED",""
"572","96","2","cross-cutting","dotnet","dotnet.reflection-generics-type-checks-and-performance","Reflection generics, type checks, and performance","_ai-conspects/_knowledge/dotnet/reflection-generics-type-checks-and-performance.md","UNASSESSED","NOT_REVIEWED",""
"573","96","3","data","ef-core","ef-core.query-shape-cartesian-expansion","Query shape and cartesian expansion","_ai-conspects/_knowledge/ef-core/query-shape-cartesian-expansion.md","UNASSESSED","NOT_REVIEWED",""
"574","96","4","backend","aspnet-core","aspnet-core.explicit-route-order-overrides-and-non-fallback-boundary","Explicit route order: overrides and the non-fallback boundary","_ai-conspects/_knowledge/aspnet-core/explicit-route-order-overrides-and-non-fallback-boundary.md","UNASSESSED","NOT_REVIEWED",""
"575","96","5","frontend","javascript","javascript.vite-development-proxy-and-spa-orchestration","Vite development proxy and ASP.NET SPA orchestration","_ai-conspects/_knowledge/javascript/vite-development-proxy-and-spa-orchestration.md","UNASSESSED","NOT_REVIEWED",""
"576","96","6","cross-cutting","dotnet","dotnet.reflection-element-types-and-byref-parameters","Reflection element types and by-ref parameters","_ai-conspects/_knowledge/dotnet/reflection-element-types-and-byref-parameters.md","UNASSESSED","NOT_REVIEWED",""
