KnowledgeId,Title,RetentionBand,InitialDay,InitialOrder,SizeEquivalent,UnitPath,ReviewScopeRef,InitialReviewDate,LastReview,LastReviewType,LastRecallScore,NextReview,NextReviewType,NextScope,Notes
dotnet.async-concurrency-and-task-start,"Async concurrency, parallelism, and when tasks start",CORE,1,1,0.75,_ai-conspects/_knowledge/dotnet/async-concurrency-and-task-start.md,_ai-conspects/_knowledge/dotnet/async-concurrency-and-task-start.md#what-should-be-recallable,,,,,,,,
dotnet.cancellation-tokens-linked-sources-and-causes,"Cancellation tokens, linked sources, and cause detection",CORE,1,2,1.75,_ai-conspects/_knowledge/dotnet/cancellation-tokens-linked-sources-and-causes.md,_ai-conspects/_knowledge/dotnet/cancellation-tokens-linked-sources-and-causes.md#what-should-be-recallable,,,,,,,,
ef-core.optimistic-concurrency-resolution-and-savepoints,Optimistic concurrency resolution and savepoints,CORE,1,3,0.75,_ai-conspects/_knowledge/ef-core/optimistic-concurrency-resolution-and-savepoints.md,_ai-conspects/_knowledge/ef-core/optimistic-concurrency-resolution-and-savepoints.md#what-should-be-recallable,,,,,,,,
security.xss-sources-sinks-and-attack-flows,"XSS sources, sinks, and attack flows",CORE,1,4,1.00,_ai-conspects/_knowledge/security/xss-sources-sinks-and-attack-flows.md,_ai-conspects/_knowledge/security/xss-sources-sinks-and-attack-flows.md#what-should-be-recallable,,,,,,,,
sql-server.transactions-trancount-and-boundaries,"SQL Server transactions, TRANCOUNT, and boundaries",CORE,1,5,1.00,_ai-conspects/_knowledge/sql-server/transactions-trancount-and-boundaries.md,_ai-conspects/_knowledge/sql-server/transactions-trancount-and-boundaries.md#what-should-be-recallable,,,,,,,,
typescript.any-vs-unknown-external-data,TypeScript `any` versus `unknown` at external-data boundaries,CORE,1,6,1.00,_ai-conspects/_knowledge/typescript/any-vs-unknown-external-data.md,_ai-conspects/_knowledge/typescript/any-vs-unknown-external-data.md#what-should-be-recallable,,,,,,,,
architecture.execution-memory-and-failure-boundaries,"Execution, memory, and failure boundaries",CORE,1,7,0.75,_ai-conspects/_knowledge/architecture/execution-memory-and-failure-boundaries.md,_ai-conspects/_knowledge/architecture/execution-memory-and-failure-boundaries.md#what-should-be-recallable,,,,,,,,
architecture.encapsulation-invariants-and-legal-transitions,"Encapsulation, invariants, and legal state transitions",CORE,1,8,1.25,_ai-conspects/_knowledge/architecture/encapsulation-invariants-and-legal-transitions.md,_ai-conspects/_knowledge/architecture/encapsulation-invariants-and-legal-transitions.md#what-should-be-recallable,,,,,,,,
dotnet.gc-roots-reachability-and-disposal-state,"GC roots, reachability, and disposal state",CORE,1,9,1.00,_ai-conspects/_knowledge/dotnet/gc-roots-reachability-and-disposal-state.md,_ai-conspects/_knowledge/dotnet/gc-roots-reachability-and-disposal-state.md#what-should-be-recallable,,,,,,,,
dotnet.server-threadpool-async-io-and-background-work,"Server thread pool, asynchronous I/O, and background-work ownership",CORE,1,10,0.75,_ai-conspects/_knowledge/dotnet/server-threadpool-async-io-and-background-work.md,_ai-conspects/_knowledge/dotnet/server-threadpool-async-io-and-background-work.md#what-should-be-recallable,,,,,,,,
security.cors-and-antiforgery-boundaries,CORS and antiforgery solve different browser boundaries,CORE,1,11,1.25,_ai-conspects/_knowledge/security/cors-and-antiforgery-boundaries.md,_ai-conspects/_knowledge/security/cors-and-antiforgery-boundaries.md#what-should-be-recallable,,,,,,,,
dotnet.disposable-ownership-and-deterministic-cleanup,Disposable ownership and deterministic cleanup,CORE,1,12,1.50,_ai-conspects/_knowledge/dotnet/disposable-ownership-and-deterministic-cleanup.md,_ai-conspects/_knowledge/dotnet/disposable-ownership-and-deterministic-cleanup.md#what-should-be-recallable,,,,,,,,
javascript.timers-tasks-microtasks-and-abortable-delay,"JavaScript timers, tasks, microtasks, and abortable delay",CORE,1,13,1.00,_ai-conspects/_knowledge/javascript/timers-tasks-microtasks-and-abortable-delay.md,_ai-conspects/_knowledge/javascript/timers-tasks-microtasks-and-abortable-delay.md#what-should-be-recallable,,,,,,,,
sql-server.index-design-and-query-cost,SQL Server index design and query cost,CORE,1,14,0.75,_ai-conspects/_knowledge/sql-server/index-design-and-query-cost.md,_ai-conspects/_knowledge/sql-server/index-design-and-query-cost.md#what-should-be-recallable,,,,,,,,
sql-server.logical-query-processing-order,SQL logical query processing order,CORE,1,15,0.75,_ai-conspects/_knowledge/sql-server/logical-query-processing-order.md,_ai-conspects/_knowledge/sql-server/logical-query-processing-order.md#what-should-be-recallable,,,,,,,,
architecture.horizontal-scaling-and-state,"Horizontal scaling, shared state, and downstream capacity",CORE,1,16,0.75,_ai-conspects/_knowledge/architecture/horizontal-scaling-and-state.md,_ai-conspects/_knowledge/architecture/horizontal-scaling-and-state.md#what-should-be-recallable,,,,,,,,
architecture.abstraction-hierarchy-and-intent,Abstraction hierarchy and intention-revealing code,CORE,1,17,1.00,_ai-conspects/_knowledge/architecture/abstraction-hierarchy-and-intent.md,_ai-conspects/_knowledge/architecture/abstraction-hierarchy-and-intent.md#what-should-be-recallable,,,,,,,,
typescript.control-flow-type-narrowing,TypeScript control-flow type narrowing,CORE,1,18,0.75,_ai-conspects/_knowledge/typescript/control-flow-type-narrowing.md,_ai-conspects/_knowledge/typescript/control-flow-type-narrowing.md#what-should-be-recallable,,,,,,,,
architecture.server-resource-saturation,Finite server resources and saturation,CORE,1,19,1.00,_ai-conspects/_knowledge/architecture/server-resource-saturation.md,_ai-conspects/_knowledge/architecture/server-resource-saturation.md#what-should-be-recallable,,,,,,,,
http.client-server-roles-listening-and-request-flow,"Client/server roles, listening endpoints, and HTTP flow",CORE,1,20,2.00,_ai-conspects/_knowledge/http/client-server-roles-listening-and-request-flow.md,_ai-conspects/_knowledge/http/client-server-roles-listening-and-request-flow.md#what-should-be-recallable,,,,,,,,
react.render-snapshots-batching-and-memoization,"Render snapshots, batching, and memoization",CORE ↔ WORKING,1,21,0.75,_ai-conspects/_knowledge/react/render-snapshots-batching-and-memoization.md,_ai-conspects/_knowledge/react/render-snapshots-batching-and-memoization.md#what-should-be-recallable,,,,,,,,
aspnet-core.async-enumerable-query-streaming-lifecycle,Async-enumerable query streaming lifecycle,WORKING,1,22,1.00,_ai-conspects/_knowledge/aspnet-core/async-enumerable-query-streaming-lifecycle.md,_ai-conspects/_knowledge/aspnet-core/async-enumerable-query-streaming-lifecycle.md#what-should-be-recallable,,,,,,,,
aspnet-core.request-aborted-propagation,RequestAborted propagation in middleware and filters,WORKING,1,23,1.00,_ai-conspects/_knowledge/aspnet-core/request-aborted-propagation.md,_ai-conspects/_knowledge/aspnet-core/request-aborted-propagation.md#what-should-be-recallable,,,,,,,,
aspnet-core.request-cancellation-and-pipeline-short-circuiting,Request cancellation and pipeline short-circuiting,WORKING,1,24,0.75,_ai-conspects/_knowledge/aspnet-core/request-cancellation-and-pipeline-short-circuiting.md,_ai-conspects/_knowledge/aspnet-core/request-cancellation-and-pipeline-short-circuiting.md#what-should-be-recallable,,,,,,,,
dotnet.bounded-async-concurrency,Bounded async concurrency with SemaphoreSlim and Parallel.ForEachAsync,WORKING,1,25,1.50,_ai-conspects/_knowledge/dotnet/bounded-async-concurrency.md,_ai-conspects/_knowledge/dotnet/bounded-async-concurrency.md#what-should-be-recallable,,,,,,,,
dotnet.async-failure-ordering-and-server-safety,"Async failure policy, ordering, and server safety",WORKING,1,26,1.00,_ai-conspects/_knowledge/dotnet/async-failure-ordering-and-server-safety.md,_ai-conspects/_knowledge/dotnet/async-failure-ordering-and-server-safety.md#what-should-be-recallable,,,,,,,,
dotnet.channels-producer-consumer-lifecycle,Channel<T> producer-consumer lifecycle,WORKING,1,27,1.00,_ai-conspects/_knowledge/dotnet/channels-producer-consumer-lifecycle.md,_ai-conspects/_knowledge/dotnet/channels-producer-consumer-lifecycle.md#what-should-be-recallable,,,,,,,,
dotnet.interlocked-atomic-transitions,Interlocked atomic transitions and flag operations,WORKING,1,28,0.75,_ai-conspects/_knowledge/dotnet/interlocked-atomic-transitions.md,_ai-conspects/_knowledge/dotnet/interlocked-atomic-transitions.md#what-should-be-recallable,,,,,,,,
dotnet.lazy-initialization-and-argument-patterns,"Lazy<T> initialization, async tasks, and argument patterns",WORKING,1,29,1.50,_ai-conspects/_knowledge/dotnet/lazy-initialization-and-argument-patterns.md,_ai-conspects/_knowledge/dotnet/lazy-initialization-and-argument-patterns.md#what-should-be-recallable,,,,,,,,
dotnet.lazy-thread-safety-modes-and-exception-caching,LazyThreadSafetyMode semantics and exception caching,WORKING,2,30,1.50,_ai-conspects/_knowledge/dotnet/lazy-thread-safety-modes-and-exception-caching.md,_ai-conspects/_knowledge/dotnet/lazy-thread-safety-modes-and-exception-caching.md#what-should-be-recallable,,,,,,,,
dotnet.monitor-condition-waiting-and-signaling,Monitor condition waiting and signaling,WORKING,2,31,1.25,_ai-conspects/_knowledge/dotnet/monitor-condition-waiting-and-signaling.md,_ai-conspects/_knowledge/dotnet/monitor-condition-waiting-and-signaling.md#what-should-be-recallable,,,,,,,,
dotnet.monitor-mutual-exclusion-and-lock-ownership,Monitor mutual exclusion and lock ownership,WORKING,2,32,1.50,_ai-conspects/_knowledge/dotnet/monitor-mutual-exclusion-and-lock-ownership.md,_ai-conspects/_knowledge/dotnet/monitor-mutual-exclusion-and-lock-ownership.md#what-should-be-recallable,,,,,,,,
dotnet.per-key-async-single-flight,Per-key async single-flight with gates and shared tasks,WORKING,2,33,2.00,_ai-conspects/_knowledge/dotnet/per-key-async-single-flight.md,_ai-conspects/_knowledge/dotnet/per-key-async-single-flight.md#what-should-be-recallable,,,,,,,,
dotnet.semaphore-vs-channel,SemaphoreSlim versus Channel<T>,WORKING,2,34,0.75,_ai-conspects/_knowledge/dotnet/semaphore-vs-channel.md,_ai-conspects/_knowledge/dotnet/semaphore-vs-channel.md#what-should-be-recallable,,,,,,,,
dotnet.stream-partial-reads-and-bounded-loops,Stream partial reads and bounded read loops,WORKING,2,35,1.25,_ai-conspects/_knowledge/dotnet/stream-partial-reads-and-bounded-loops.md,_ai-conspects/_knowledge/dotnet/stream-partial-reads-and-bounded-loops.md#what-should-be-recallable,,,,,,,,
dotnet.valuetask-synchronous-completion-and-consumption,ValueTask synchronous completion and consumption,WORKING,2,36,1.25,_ai-conspects/_knowledge/dotnet/valuetask-synchronous-completion-and-consumption.md,_ai-conspects/_knowledge/dotnet/valuetask-synchronous-completion-and-consumption.md#what-should-be-recallable,,,,,,,,
javascript.async-generators-and-cancellation,Async generators and responsive cancellation,WORKING,2,37,1.25,_ai-conspects/_knowledge/javascript/async-generators-and-cancellation.md,_ai-conspects/_knowledge/javascript/async-generators-and-cancellation.md#what-should-be-recallable,,,,,,,,
javascript.pending-promises-and-external-completion,Pending promises and external completion,WORKING,2,38,1.00,_ai-conspects/_knowledge/javascript/pending-promises-and-external-completion.md,_ai-conspects/_knowledge/javascript/pending-promises-and-external-completion.md#what-should-be-recallable,,,,,,,,
redis.cache-stampede-and-token-owned-locks,Redis cache stampede protection and token-owned locks,WORKING,2,39,1.25,_ai-conspects/_knowledge/redis/cache-stampede-and-token-owned-locks.md,_ai-conspects/_knowledge/redis/cache-stampede-and-token-owned-locks.md#what-should-be-recallable,,,,,,,,
security.jwt-signing-keys-kid-and-jwks-rotation,"JWT signing keys, KID, and JWKS rotation",WORKING,2,40,1.25,_ai-conspects/_knowledge/security/jwt-signing-keys-kid-and-jwks-rotation.md,_ai-conspects/_knowledge/security/jwt-signing-keys-kid-and-jwks-rotation.md#what-should-be-recallable,,,,,,,,
security.refresh-token-family-rotation-and-reuse-detection,Refresh-token family rotation and reuse detection,WORKING,2,41,1.25,_ai-conspects/_knowledge/security/refresh-token-family-rotation-and-reuse-detection.md,_ai-conspects/_knowledge/security/refresh-token-family-rotation-and-reuse-detection.md#what-should-be-recallable,,,,,,,,
react.strict-mode-effect-cleanup,React Strict Mode and effect cleanup,WORKING,2,42,1.50,_ai-conspects/_knowledge/react/strict-mode-effect-cleanup.md,_ai-conspects/_knowledge/react/strict-mode-effect-cleanup.md#what-should-be-recallable,,,,,,,,
sql.subquery-membership-and-existence,"IN, EXISTS, ANY, and anti-join semantics",WORKING,2,43,1.50,_ai-conspects/_knowledge/sql/subquery-membership-and-existence.md,_ai-conspects/_knowledge/sql/subquery-membership-and-existence.md#what-should-be-recallable,,,,,,,,
javascript.fetch-response-contract-and-wrapper-policy,Fetch response contract and wrapper policy,WORKING,2,44,1.50,_ai-conspects/_knowledge/javascript/fetch-response-contract-and-wrapper-policy.md,_ai-conspects/_knowledge/javascript/fetch-response-contract-and-wrapper-policy.md#what-should-be-recallable,,,,,,,,
dotnet.deferred-enumeration-replay-and-materialization,"Deferred enumeration, replay, and materialization",WORKING,2,45,1.50,_ai-conspects/_knowledge/dotnet/deferred-enumeration-replay-and-materialization.md,_ai-conspects/_knowledge/dotnet/deferred-enumeration-replay-and-materialization.md#what-should-be-recallable,,,,,,,,
aspnet-core.account-activation-email-confirmation-flow,Account activation email confirmation flow,WORKING,2,46,2.25,_ai-conspects/_knowledge/aspnet-core/account-activation-email-confirmation-flow.md,_ai-conspects/_knowledge/aspnet-core/account-activation-email-confirmation-flow.md#what-should-be-recallable,,,,,,,,
aspnet-core.account-lockout-and-failed-login-throttling,Account lockout and failed-login throttling,WORKING,2,47,0.75,_ai-conspects/_knowledge/aspnet-core/account-lockout-and-failed-login-throttling.md,_ai-conspects/_knowledge/aspnet-core/account-lockout-and-failed-login-throttling.md#what-should-be-recallable,,,,,,,,
aspnet-core.antiforgery-token-lifecycle,ASP.NET Core antiforgery token lifecycle,WORKING,2,48,1.50,_ai-conspects/_knowledge/aspnet-core/antiforgery-token-lifecycle.md,_ai-conspects/_knowledge/aspnet-core/antiforgery-token-lifecycle.md#what-should-be-recallable,,,,,,,,
aspnet-core.authentication-schemes-oidc-events-and-tickets,"ASP.NET Core authentication schemes, OIDC events, and tickets",WORKING,2,49,1.25,_ai-conspects/_knowledge/aspnet-core/authentication-schemes-oidc-events-and-tickets.md,_ai-conspects/_knowledge/aspnet-core/authentication-schemes-oidc-events-and-tickets.md#what-should-be-recallable,,,,,,,,
aspnet-core.authentication-ticket-principal-and-request-user,"AuthenticationTicket, ClaimsPrincipal, and the request user",WORKING,2,50,1.50,_ai-conspects/_knowledge/aspnet-core/authentication-ticket-principal-and-request-user.md,_ai-conspects/_knowledge/aspnet-core/authentication-ticket-principal-and-request-user.md#what-should-be-recallable,,,,,,,,
aspnet-core.authorization-middleware-policy-evaluator-and-result-handler,"Authorization middleware, policy evaluator, and result-handler flow",WORKING,2,51,2.25,_ai-conspects/_knowledge/aspnet-core/authorization-middleware-policy-evaluator-and-result-handler.md,_ai-conspects/_knowledge/aspnet-core/authorization-middleware-policy-evaluator-and-result-handler.md#what-should-be-recallable,,,,,,,,
aspnet-core.authorization-policy-requirements-and-pending-lifecycle,Authorization policy requirements and the PendingRequirements lifecycle,WORKING,3,52,1.75,_ai-conspects/_knowledge/aspnet-core/authorization-policy-requirements-and-pending-lifecycle.md,_ai-conspects/_knowledge/aspnet-core/authorization-policy-requirements-and-pending-lifecycle.md#what-should-be-recallable,,,,,,,,
aspnet-core.basic-authentication-handler-and-clients,ASP.NET Core Basic authentication handler and clients,WORKING,3,53,1.00,_ai-conspects/_knowledge/aspnet-core/basic-authentication-handler-and-clients.md,_ai-conspects/_knowledge/aspnet-core/basic-authentication-handler-and-clients.md#what-should-be-recallable,,,,,,,,
aspnet-core.cookie-authentication-event-lifecycle,Cookie authentication event lifecycle,WORKING,3,54,1.50,_ai-conspects/_knowledge/aspnet-core/cookie-authentication-event-lifecycle.md,_ai-conspects/_knowledge/aspnet-core/cookie-authentication-event-lifecycle.md#what-should-be-recallable,,,,,,,,
aspnet-core.cookie-authentication-ticket-and-principal-lifecycle,Cookie authentication ticket and principal lifecycle,WORKING,3,55,1.25,_ai-conspects/_knowledge/aspnet-core/cookie-authentication-ticket-and-principal-lifecycle.md,_ai-conspects/_knowledge/aspnet-core/cookie-authentication-ticket-and-principal-lifecycle.md#what-should-be-recallable,,,,,,,,
aspnet-core.cookie-policy-callbacks-and-deletion,Cookie policy callbacks and deletion symmetry,WORKING,3,56,1.00,_ai-conspects/_knowledge/aspnet-core/cookie-policy-callbacks-and-deletion.md,_ai-conspects/_knowledge/aspnet-core/cookie-policy-callbacks-and-deletion.md#what-should-be-recallable,,,,,,,,
aspnet-core.cors-middleware-preflight,CORS middleware and preflight handling,WORKING,3,57,1.25,_ai-conspects/_knowledge/aspnet-core/cors-middleware-preflight.md,_ai-conspects/_knowledge/aspnet-core/cors-middleware-preflight.md#what-should-be-recallable,,,,,,,,
aspnet-core.di-scope-lifetime-and-disposal,DI scope lifetime and disposal ownership,WORKING,3,58,1.25,_ai-conspects/_knowledge/aspnet-core/di-scope-lifetime-and-disposal.md,_ai-conspects/_knowledge/aspnet-core/di-scope-lifetime-and-disposal.md#what-should-be-recallable,,,,,,,,
aspnet-core.forwarded-headers-and-client-ip-trust,Forwarded headers and client-IP trust,WORKING,3,59,2.00,_ai-conspects/_knowledge/aspnet-core/forwarded-headers-and-client-ip-trust.md,_ai-conspects/_knowledge/aspnet-core/forwarded-headers-and-client-ip-trust.md#what-should-be-recallable,,,,,,,,
aspnet-core.identity-account-and-jwt-flows,Identity account and JWT flows,WORKING,3,60,0.75,_ai-conspects/_knowledge/aspnet-core/identity-account-and-jwt-flows.md,_ai-conspects/_knowledge/aspnet-core/identity-account-and-jwt-flows.md#what-should-be-recallable,,,,,,,,
aspnet-core.jwt-bearer-event-lifecycle,JWT bearer event lifecycle,WORKING,3,61,1.50,_ai-conspects/_knowledge/aspnet-core/jwt-bearer-event-lifecycle.md,_ai-conspects/_knowledge/aspnet-core/jwt-bearer-event-lifecycle.md#what-should-be-recallable,,,,,,,,
aspnet-core.paged-list-query-and-consistency,Paged-list query execution and consistency,WORKING,3,62,1.50,_ai-conspects/_knowledge/aspnet-core/paged-list-query-and-consistency.md,_ai-conspects/_knowledge/aspnet-core/paged-list-query-and-consistency.md#what-should-be-recallable,,,,,,,,
aspnet-core.razor-presentation-security-boundary,Presentation decisions versus security enforcement in Razor,WORKING,3,63,0.75,_ai-conspects/_knowledge/aspnet-core/razor-presentation-security-boundary.md,_ai-conspects/_knowledge/aspnet-core/razor-presentation-security-boundary.md#what-should-be-recallable,,,,,,,,
aspnet-core.safe-return-url-login-flow,Safe returnUrl flow for Razor login,WORKING,3,64,0.75,_ai-conspects/_knowledge/aspnet-core/safe-return-url-login-flow.md,_ai-conspects/_knowledge/aspnet-core/safe-return-url-login-flow.md#what-should-be-recallable,,,,,,,,
aspnet-core.windows-authentication-negotiate-hosting,Windows Authentication with Negotiate and hosting,WORKING,3,65,1.25,_ai-conspects/_knowledge/aspnet-core/windows-authentication-negotiate-hosting.md,_ai-conspects/_knowledge/aspnet-core/windows-authentication-negotiate-hosting.md#what-should-be-recallable,,,,,,,,
dotnet.ado-net-transactions-and-ef-core-state,ADO.NET transactions and EF Core connection state,WORKING,3,66,1.50,_ai-conspects/_knowledge/dotnet/ado-net-transactions-and-ef-core-state.md,_ai-conspects/_knowledge/dotnet/ado-net-transactions-and-ef-core-state.md#what-should-be-recallable,,,,,,,,
ef-core.aggregate-version-etag-propagation,Aggregate-version ETags across root and child changes,WORKING,3,67,1.25,_ai-conspects/_knowledge/ef-core/aggregate-version-etag-propagation.md,_ai-conspects/_knowledge/ef-core/aggregate-version-etag-propagation.md#what-should-be-recallable,,,,,,,,
ef-core.autotransaction-currenttransaction-and-autosavepoints,"EF Core AutoTransactionBehavior, CurrentTransaction, and AutoSavepoints",WORKING,3,68,1.50,_ai-conspects/_knowledge/ef-core/autotransaction-currenttransaction-and-autosavepoints.md,_ai-conspects/_knowledge/ef-core/autotransaction-currenttransaction-and-autosavepoints.md#what-should-be-recallable,,,,,,,,
ef-core.database-failure-layers-and-sql-server-classification,Database failure layers and SQL Server classification,WORKING,3,69,1.00,_ai-conspects/_knowledge/ef-core/database-failure-layers-and-sql-server-classification.md,_ai-conspects/_knowledge/ef-core/database-failure-layers-and-sql-server-classification.md#what-should-be-recallable,,,,,,,,
ef-core.executeintransactionasync-ambiguous-commit-verification,EF Core ExecuteInTransactionAsync and ambiguous commit verification,WORKING,3,70,1.00,_ai-conspects/_knowledge/ef-core/executeintransactionasync-ambiguous-commit-verification.md,_ai-conspects/_knowledge/ef-core/executeintransactionasync-ambiguous-commit-verification.md#what-should-be-recallable,,,,,,,,
ef-core.idbcontext-transaction-savepoints-and-dbtransaction-interop,"EF Core IDbContextTransaction, savepoints, and DbTransaction interop",WORKING,3,71,1.50,_ai-conspects/_knowledge/ef-core/idbcontext-transaction-savepoints-and-dbtransaction-interop.md,_ai-conspects/_knowledge/ef-core/idbcontext-transaction-savepoints-and-dbtransaction-interop.md#what-should-be-recallable,,,,,,,,
ef-core.isolation-levels-and-retry-semantics,EF Core isolation levels and retry semantics,WORKING,3,72,1.25,_ai-conspects/_knowledge/ef-core/isolation-levels-and-retry-semantics.md,_ai-conspects/_knowledge/ef-core/isolation-levels-and-retry-semantics.md#what-should-be-recallable,,,,,,,,
ef-core.rowversion-http-etag-concurrency,SQL Server rowversion as an HTTP ETag concurrency token,WORKING,3,73,1.50,_ai-conspects/_knowledge/ef-core/rowversion-http-etag-concurrency.md,_ai-conspects/_knowledge/ef-core/rowversion-http-etag-concurrency.md#what-should-be-recallable,,,,,,,,
ef-core.savechanges-interceptor-suppression-and-failure,"SaveChangesInterceptor suppression, failure, and concurrency",WORKING,3,74,2.00,_ai-conspects/_knowledge/ef-core/savechanges-interceptor-suppression-and-failure.md,_ai-conspects/_knowledge/ef-core/savechanges-interceptor-suppression-and-failure.md#what-should-be-recallable,,,,,,,,
ef-core.savepoints-savechanges-and-transaction-recovery,"EF Core savepoints, SaveChanges, and transaction recovery",WORKING,4,75,1.25,_ai-conspects/_knowledge/ef-core/savepoints-savechanges-and-transaction-recovery.md,_ai-conspects/_knowledge/ef-core/savepoints-savechanges-and-transaction-recovery.md#what-should-be-recallable,,,,,,,,
ef-core.transactions-isolation-savepoints-and-retries,"EF Core transactions, isolation, savepoints, and retries",WORKING,4,76,1.75,_ai-conspects/_knowledge/ef-core/transactions-isolation-savepoints-and-retries.md,_ai-conspects/_knowledge/ef-core/transactions-isolation-savepoints-and-retries.md#what-should-be-recallable,,,,,,,,
http.cookie-scope-and-secure-prefixes,"Cookie host scope, path, names, and secure prefixes",WORKING,4,77,1.00,_ai-conspects/_knowledge/http/cookie-scope-and-secure-prefixes.md,_ai-conspects/_knowledge/http/cookie-scope-and-secure-prefixes.md#what-should-be-recallable,,,,,,,,
http.cookie-session-vs-jwt-credentials,Cookie sessions versus JWT credentials,WORKING,4,78,0.75,_ai-conspects/_knowledge/http/cookie-session-vs-jwt-credentials.md,_ai-conspects/_knowledge/http/cookie-session-vs-jwt-credentials.md#what-should-be-recallable,,,,,,,,
security.html-sanitization-and-contextual-output,HTML sanitization and contextual output,WORKING,4,79,0.75,_ai-conspects/_knowledge/security/html-sanitization-and-contextual-output.md,_ai-conspects/_knowledge/security/html-sanitization-and-contextual-output.md#what-should-be-recallable,,,,,,,,
security.oauth-oidc-token-roles-and-code-pkce,"OAuth, OIDC, token roles, and authorization code with PKCE",WORKING,4,80,0.75,_ai-conspects/_knowledge/security/oauth-oidc-token-roles-and-code-pkce.md,_ai-conspects/_knowledge/security/oauth-oidc-token-roles-and-code-pkce.md#what-should-be-recallable,,,,,,,,
sql-server.rowversion-concurrency-and-returning-values,SQL Server rowversion concurrency and returned values,WORKING,4,81,1.25,_ai-conspects/_knowledge/sql-server/rowversion-concurrency-and-returning-values.md,_ai-conspects/_knowledge/sql-server/rowversion-concurrency-and-returning-values.md#what-should-be-recallable,,,,,,,,
aspnet-core.imemorycache-expiration-invalidation-and-stampede,"IMemoryCache expiration, invalidation, and stampede control",WORKING,4,82,1.25,_ai-conspects/_knowledge/aspnet-core/imemorycache-expiration-invalidation-and-stampede.md,_ai-conspects/_knowledge/aspnet-core/imemorycache-expiration-invalidation-and-stampede.md#what-should-be-recallable,,,,,,,,
ef-core.execution-strategies-retry-behavior-and-configuration,"EF Core execution strategies, retry behavior, and configuration",WORKING,4,83,1.50,_ai-conspects/_knowledge/ef-core/execution-strategies-retry-behavior-and-configuration.md,_ai-conspects/_knowledge/ef-core/execution-strategies-retry-behavior-and-configuration.md#what-should-be-recallable,,,,,,,,
dotnet.finalizer-lifecycle-costs-and-failure-boundaries,"Finalizer lifecycle, costs, and failure boundaries",WORKING,4,84,1.25,_ai-conspects/_knowledge/dotnet/finalizer-lifecycle-costs-and-failure-boundaries.md,_ai-conspects/_knowledge/dotnet/finalizer-lifecycle-costs-and-failure-boundaries.md#what-should-be-recallable,,,,,,,,
dotnet.polly-retry-outcomes-delays-and-request-metadata,"Polly retry outcomes, delays, and request metadata",WORKING,4,85,0.75,_ai-conspects/_knowledge/dotnet/polly-retry-outcomes-delays-and-request-metadata.md,_ai-conspects/_knowledge/dotnet/polly-retry-outcomes-delays-and-request-metadata.md#what-should-be-recallable,,,,,,,,
architecture.bff-token-storage-and-refresh-lifecycle,BFF token storage and refresh lifecycle,WORKING,4,86,0.75,_ai-conspects/_knowledge/architecture/bff-token-storage-and-refresh-lifecycle.md,_ai-conspects/_knowledge/architecture/bff-token-storage-and-refresh-lifecycle.md#what-should-be-recallable,,,,,,,,
architecture.reverse-proxy-edge-tls-isolation-and-offload,"Reverse-proxy edge TLS, isolation, and offload",WORKING,4,87,2.50,_ai-conspects/_knowledge/architecture/reverse-proxy-edge-tls-isolation-and-offload.md,_ai-conspects/_knowledge/architecture/reverse-proxy-edge-tls-isolation-and-offload.md#what-should-be-recallable,,,,,,,,
dotnet.csharp-event-subscription-lifetime-and-failure,"C# event subscription lifetime, cancellation, and failure",WORKING,4,88,1.00,_ai-conspects/_knowledge/dotnet/csharp-event-subscription-lifetime-and-failure.md,_ai-conspects/_knowledge/dotnet/csharp-event-subscription-lifetime-and-failure.md#what-should-be-recallable,,,,,,,,
dotnet.hashcode-equality-contract,"GetHashCode contract, purpose, and mutable-key failure",WORKING,4,89,1.50,_ai-conspects/_knowledge/dotnet/hashcode-equality-contract.md,_ai-conspects/_knowledge/dotnet/hashcode-equality-contract.md#what-should-be-recallable,,,,,,,,
dotnet.identity-sentinels-and-transferable-ids,.NET identity sentinels and transferable IDs,WORKING,4,90,0.75,_ai-conspects/_knowledge/dotnet/identity-sentinels-and-transferable-ids.md,_ai-conspects/_knowledge/dotnet/identity-sentinels-and-transferable-ids.md#what-should-be-recallable,,,,,,,,
dotnet.jwt-descriptors-handlers-and-validation,"JWT descriptors, handlers, and validation in .NET",WORKING,4,91,1.50,_ai-conspects/_knowledge/dotnet/jwt-descriptors-handlers-and-validation.md,_ai-conspects/_knowledge/dotnet/jwt-descriptors-handlers-and-validation.md#what-should-be-recallable,,,,,,,,
dotnet.password-hashing-verification-and-upgrades,"Password hashing, verification, and upgrades",WORKING,4,92,1.00,_ai-conspects/_knowledge/dotnet/password-hashing-verification-and-upgrades.md,_ai-conspects/_knowledge/dotnet/password-hashing-verification-and-upgrades.md#what-should-be-recallable,,,,,,,,
dotnet.sockets-http-handler-cookies-and-credentials,"SocketsHttpHandler cookies, credentials, and authentication ownership",WORKING,4,93,1.50,_ai-conspects/_knowledge/dotnet/sockets-http-handler-cookies-and-credentials.md,_ai-conspects/_knowledge/dotnet/sockets-http-handler-cookies-and-credentials.md#what-should-be-recallable,,,,,,,,
dotnet.utf8jsonwriter-streaming-and-token-control,Utf8JsonWriter streaming and token control,WORKING,4,94,2.25,_ai-conspects/_knowledge/dotnet/utf8jsonwriter-streaming-and-token-control.md,_ai-conspects/_knowledge/dotnet/utf8jsonwriter-streaming-and-token-control.md#what-should-be-recallable,,,,,,,,
http.rate-limit-responses-and-retry-after,Rate-limit responses and Retry-After,WORKING,4,95,0.75,_ai-conspects/_knowledge/http/rate-limit-responses-and-retry-after.md,_ai-conspects/_knowledge/http/rate-limit-responses-and-retry-after.md#what-should-be-recallable,,,,,,,,
http.sse-event-stream-reconnection,"SSE event framing, retry, and reconnection",WORKING,4,96,1.25,_ai-conspects/_knowledge/http/sse-event-stream-reconnection.md,_ai-conspects/_knowledge/http/sse-event-stream-reconnection.md#what-should-be-recallable,,,,,,,,
http.vary-origin-cache-variants,Vary: Origin and CORS cache variants,WORKING,4,97,1.00,_ai-conspects/_knowledge/http/vary-origin-cache-variants.md,_ai-conspects/_knowledge/http/vary-origin-cache-variants.md#what-should-be-recallable,,,,,,,,
javascript.cross-window-postmessage-security,Secure cross-window communication with `postMessage`,WORKING,4,98,1.25,_ai-conspects/_knowledge/javascript/cross-window-postmessage-security.md,_ai-conspects/_knowledge/javascript/cross-window-postmessage-security.md#what-should-be-recallable,,,,,,,,
javascript.promise-all-concurrency-and-outcomes,Promise.all concurrency and outcomes,WORKING,4,99,0.75,_ai-conspects/_knowledge/javascript/promise-all-concurrency-and-outcomes.md,_ai-conspects/_knowledge/javascript/promise-all-concurrency-and-outcomes.md#what-should-be-recallable,,,,,,,,
javascript.readable-stream-producers-backpressure-and-cancellation,"ReadableStream producers, backpressure, and cancellation",WORKING,5,100,1.25,_ai-conspects/_knowledge/javascript/readable-stream-producers-backpressure-and-cancellation.md,_ai-conspects/_knowledge/javascript/readable-stream-producers-backpressure-and-cancellation.md#what-should-be-recallable,,,,,,,,
javascript.web-storage-events-and-failures,"Storage events, quotas, and failure handling",WORKING,5,101,1.00,_ai-conspects/_knowledge/javascript/web-storage-events-and-failures.md,_ai-conspects/_knowledge/javascript/web-storage-events-and-failures.md#what-should-be-recallable,,,,,,,,
javascript.websocket-client-lifecycle-backpressure-and-reconnect,"Browser WebSocket lifecycle, backpressure, and reconnect",WORKING,5,102,1.25,_ai-conspects/_knowledge/javascript/websocket-client-lifecycle-backpressure-and-reconnect.md,_ai-conspects/_knowledge/javascript/websocket-client-lifecycle-backpressure-and-reconnect.md#what-should-be-recallable,,,,,,,,
security.browser-access-and-refresh-token-lifecycle,Browser access-token and refresh-session lifecycle,WORKING,5,103,1.50,_ai-conspects/_knowledge/security/browser-access-and-refresh-token-lifecycle.md,_ai-conspects/_knowledge/security/browser-access-and-refresh-token-lifecycle.md#what-should-be-recallable,,,,,,,,
security.cross-origin-embedding-and-side-channels,Cross-origin embedding and limited browser side channels,WORKING,5,104,1.00,_ai-conspects/_knowledge/security/cross-origin-embedding-and-side-channels.md,_ai-conspects/_knowledge/security/cross-origin-embedding-and-side-channels.md#what-should-be-recallable,,,,,,,,
security.csp-trusted-types-and-browser-storage-boundaries,"CSP, Trusted Types, and browser-storage boundaries",WORKING,5,105,1.00,_ai-conspects/_knowledge/security/csp-trusted-types-and-browser-storage-boundaries.md,_ai-conspects/_knowledge/security/csp-trusted-types-and-browser-storage-boundaries.md#what-should-be-recallable,,,,,,,,
security.identityserver-resources-claims-and-client-registration,"IdentityServer resources, claims, and client registration",WORKING,5,106,1.00,_ai-conspects/_knowledge/security/identityserver-resources-claims-and-client-registration.md,_ai-conspects/_knowledge/security/identityserver-resources-claims-and-client-registration.md#what-should-be-recallable,,,,,,,,
security.mfa-factor-selection-trusted-devices-and-recovery,"MFA factor selection, trusted devices, and recovery",WORKING,5,107,0.75,_ai-conspects/_knowledge/security/mfa-factor-selection-trusted-devices-and-recovery.md,_ai-conspects/_knowledge/security/mfa-factor-selection-trusted-devices-and-recovery.md#what-should-be-recallable,,,,,,,,
security.recaptcha-server-verification-and-risk-policy,reCAPTCHA server verification and risk policy,WORKING,5,108,1.25,_ai-conspects/_knowledge/security/recaptcha-server-verification-and-risk-policy.md,_ai-conspects/_knowledge/security/recaptcha-server-verification-and-risk-policy.md#what-should-be-recallable,,,,,,,,
security.signed-download-url-handoff,Short-lived signed download URL handoff,WORKING,5,109,1.00,_ai-conspects/_knowledge/security/signed-download-url-handoff.md,_ai-conspects/_knowledge/security/signed-download-url-handoff.md#what-should-be-recallable,,,,,,,,
security.token-validation-signing-and-identity-deployment,"Token validation, signing, and identity deployment",WORKING,5,110,1.00,_ai-conspects/_knowledge/security/token-validation-signing-and-identity-deployment.md,_ai-conspects/_knowledge/security/token-validation-signing-and-identity-deployment.md#what-should-be-recallable,,,,,,,,
security.windows-integrated-authentication-and-domain-infrastructure,Windows integrated authentication and domain infrastructure,WORKING,5,111,1.25,_ai-conspects/_knowledge/security/windows-integrated-authentication-and-domain-infrastructure.md,_ai-conspects/_knowledge/security/windows-integrated-authentication-and-domain-infrastructure.md#what-should-be-recallable,,,,,,,,
sql-server.bulk-import-staging-validation-and-recovery,"Bulk-import staging, validation, and recovery",WORKING,5,112,1.00,_ai-conspects/_knowledge/sql-server/bulk-import-staging-validation-and-recovery.md,_ai-conspects/_knowledge/sql-server/bulk-import-staging-validation-and-recovery.md#what-should-be-recallable,,,,,,,,
sql-server.declarative-invariants-and-cross-row-enforcement,Declarative invariants and cross-row enforcement,WORKING,5,113,0.75,_ai-conspects/_knowledge/sql-server/declarative-invariants-and-cross-row-enforcement.md,_ai-conspects/_knowledge/sql-server/declarative-invariants-and-cross-row-enforcement.md#what-should-be-recallable,,,,,,,,
sql-server.logins-users-roles-and-permissions,"SQL Server logins, users, roles, and permissions",WORKING,5,114,2.25,_ai-conspects/_knowledge/sql-server/logins-users-roles-and-permissions.md,_ai-conspects/_knowledge/sql-server/logins-users-roles-and-permissions.md#what-should-be-recallable,,,,,,,,
sql-server.upsert-merge-and-concurrency,"SQL Server upsert, MERGE, and concurrency",WORKING,5,115,1.75,_ai-conspects/_knowledge/sql-server/upsert-merge-and-concurrency.md,_ai-conspects/_knowledge/sql-server/upsert-merge-and-concurrency.md#what-should-be-recallable,,,,,,,,
aspnet-core.authentication-properties-operation-and-session-state,AuthenticationProperties operation and session state,WORKING,5,116,1.75,_ai-conspects/_knowledge/aspnet-core/authentication-properties-operation-and-session-state.md,_ai-conspects/_knowledge/aspnet-core/authentication-properties-operation-and-session-state.md#what-should-be-recallable,,,,,,,,
aspnet-core.cookie-auth-api-challenge-responses,Cookie authentication responses for pages and APIs,WORKING,5,117,1.00,_ai-conspects/_knowledge/aspnet-core/cookie-auth-api-challenge-responses.md,_ai-conspects/_knowledge/aspnet-core/cookie-auth-api-challenge-responses.md#what-should-be-recallable,,,,,,,,
aspnet-core.options-validation-and-startup-failure,ASP.NET Core options validation and startup failure,WORKING,5,118,1.25,_ai-conspects/_knowledge/aspnet-core/options-validation-and-startup-failure.md,_ai-conspects/_knowledge/aspnet-core/options-validation-and-startup-failure.md#what-should-be-recallable,,,,,,,,
dotnet.fluentvalidation-rulesets-reuse-and-failure-results,"FluentValidation rule sets, reuse boundaries, and failure results",WORKING,5,119,1.50,_ai-conspects/_knowledge/dotnet/fluentvalidation-rulesets-reuse-and-failure-results.md,_ai-conspects/_knowledge/dotnet/fluentvalidation-rulesets-reuse-and-failure-results.md#what-should-be-recallable,,,,,,,,
http.authentication-headers,Authentication credentials and challenges,WORKING,5,120,1.00,_ai-conspects/_knowledge/http/authentication-headers.md,_ai-conspects/_knowledge/http/authentication-headers.md#what-should-be-recallable,,,,,,,,
http.browser-header-controls-and-cors-visibility,Browser-controlled headers and CORS visibility,WORKING,5,121,1.00,_ai-conspects/_knowledge/http/browser-header-controls-and-cors-visibility.md,_ai-conspects/_knowledge/http/browser-header-controls-and-cors-visibility.md#what-should-be-recallable,,,,,,,,
http.options-and-cors-preflight,OPTIONS and browser CORS preflight,WORKING,5,122,1.00,_ai-conspects/_knowledge/http/options-and-cors-preflight.md,_ai-conspects/_knowledge/http/options-and-cors-preflight.md#what-should-be-recallable,,,,,,,,
react-query.query-cancellation-and-abortsignal,React Query cancellation and AbortSignal,WORKING,5,123,2.25,_ai-conspects/_knowledge/react-query/query-cancellation-and-abortsignal.md,_ai-conspects/_knowledge/react-query/query-cancellation-and-abortsignal.md#what-should-be-recallable,,,,,,,,
react-query.staleness-refetch-triggers-and-retry,"React Query staleness, refetch triggers, and retry",WORKING,5,124,4.00,_ai-conspects/_knowledge/react-query/staleness-refetch-triggers-and-retry.md,_ai-conspects/_knowledge/react-query/staleness-refetch-triggers-and-retry.md#what-should-be-recallable,,,,,,,,
aspnet-core.distributed-cache-storage-and-invalidation,"Distributed cache storage, expiration, and invalidation",WORKING,6,125,1.75,_ai-conspects/_knowledge/aspnet-core/distributed-cache-storage-and-invalidation.md,_ai-conspects/_knowledge/aspnet-core/distributed-cache-storage-and-invalidation.md#what-should-be-recallable,,,,,,,,
aspnet-core.action-parameter-binding-sources,Action parameter binding sources,WORKING,6,126,1.00,_ai-conspects/_knowledge/aspnet-core/action-parameter-binding-sources.md,_ai-conspects/_knowledge/aspnet-core/action-parameter-binding-sources.md#what-should-be-recallable,,,,,,,,
aspnet-core.hateoas-link-generation-and-resource-envelopes,HATEOAS link generation and resource envelopes,WORKING,6,127,2.00,_ai-conspects/_knowledge/aspnet-core/hateoas-link-generation-and-resource-envelopes.md,_ai-conspects/_knowledge/aspnet-core/hateoas-link-generation-and-resource-envelopes.md#what-should-be-recallable,,,,,,,,
aspnet-core.httpcontext-features,HttpContext.Features and typed capability contracts,WORKING,6,128,1.00,_ai-conspects/_knowledge/aspnet-core/httpcontext-features.md,_ai-conspects/_knowledge/aspnet-core/httpcontext-features.md#what-should-be-recallable,,,,,,,,
aspnet-core.httpcontext-items,HttpContext.Items and collision-safe request data,WORKING,6,129,1.00,_ai-conspects/_knowledge/aspnet-core/httpcontext-items.md,_ai-conspects/_knowledge/aspnet-core/httpcontext-items.md#what-should-be-recallable,,,,,,,,
aspnet-core.localizer-resource-resolution,IStringLocalizer and IViewLocalizer resource resolution,WORKING,6,130,0.75,_ai-conspects/_knowledge/aspnet-core/localizer-resource-resolution.md,_ai-conspects/_knowledge/aspnet-core/localizer-resource-resolution.md#what-should-be-recallable,,,,,,,,
aspnet-core.output-cache-admission-and-policy-lifecycle,Output Cache admission and policy lifecycle,WORKING,6,131,1.00,_ai-conspects/_knowledge/aspnet-core/output-cache-admission-and-policy-lifecycle.md,_ai-conspects/_knowledge/aspnet-core/output-cache-admission-and-policy-lifecycle.md#what-should-be-recallable,,,,,,,,
aspnet-core.output-cache-safety-value-and-locking,"Output Cache safety, value, and locking decisions",WORKING,6,132,1.25,_ai-conspects/_knowledge/aspnet-core/output-cache-safety-value-and-locking.md,_ai-conspects/_knowledge/aspnet-core/output-cache-safety-value-and-locking.md#what-should-be-recallable,,,,,,,,
aspnet-core.razor-view-discovery-conventions,Razor view discovery conventions,WORKING,6,133,1.00,_ai-conspects/_knowledge/aspnet-core/razor-view-discovery-conventions.md,_ai-conspects/_knowledge/aspnet-core/razor-view-discovery-conventions.md#what-should-be-recallable,,,,,,,,
aspnet-core.route-parameters-catch-all-and-inline-constraints,"Route parameters, catch-all paths, and inline constraints",WORKING,6,134,1.25,_ai-conspects/_knowledge/aspnet-core/route-parameters-catch-all-and-inline-constraints.md,_ai-conspects/_knowledge/aspnet-core/route-parameters-catch-all-and-inline-constraints.md#what-should-be-recallable,,,,,,,,
aspnet-core.status-code-pages-and-problem-details,Status Code Pages and Problem Details responses,WORKING,6,135,1.75,_ai-conspects/_knowledge/aspnet-core/status-code-pages-and-problem-details.md,_ai-conspects/_knowledge/aspnet-core/status-code-pages-and-problem-details.md#what-should-be-recallable,,,,,,,,
aspnet-core.totp-enrollment-and-verification,TOTP enrollment and verification,WORKING,6,136,1.25,_ai-conspects/_knowledge/aspnet-core/totp-enrollment-and-verification.md,_ai-conspects/_knowledge/aspnet-core/totp-enrollment-and-verification.md#what-should-be-recallable,,,,,,,,
aspnet-core.view-component-partial-updates,Partial updates for View Components,WORKING,6,137,1.00,_ai-conspects/_knowledge/aspnet-core/view-component-partial-updates.md,_ai-conspects/_knowledge/aspnet-core/view-component-partial-updates.md#what-should-be-recallable,,,,,,,,
aspnet-core.view-components-server-rendered-widgets,View Components as server-rendered widgets,WORKING,6,138,0.75,_ai-conspects/_knowledge/aspnet-core/view-components-server-rendered-widgets.md,_ai-conspects/_knowledge/aspnet-core/view-components-server-rendered-widgets.md#what-should-be-recallable,,,,,,,,
aspnet-core.yarp-routes-clusters-and-destinations,"YARP routes, clusters, and destinations",WORKING,6,139,1.50,_ai-conspects/_knowledge/aspnet-core/yarp-routes-clusters-and-destinations.md,_ai-conspects/_knowledge/aspnet-core/yarp-routes-clusters-and-destinations.md#what-should-be-recallable,,,,,,,,
dotnet.timezone-conversion-json-and-model-binding,".NET timezone conversion, JSON, and model binding",WORKING,6,140,1.75,_ai-conspects/_knowledge/dotnet/timezone-conversion-json-and-model-binding.md,_ai-conspects/_knowledge/dotnet/timezone-conversion-json-and-model-binding.md#what-should-be-recallable,,,,,,,,
ef-core.entity-materialization-and-safe-constructors,Entity materialization and safe constructors,WORKING,6,141,0.50,_ai-conspects/_knowledge/ef-core/entity-materialization-and-safe-constructors.md,_ai-conspects/_knowledge/ef-core/entity-materialization-and-safe-constructors.md#what-should-be-recallable,,,,,,,,
ef-core.entityentry-navigations-explicit-load-and-query,"EntityEntry navigations, explicit load, and Query()",WORKING,6,142,1.50,_ai-conspects/_knowledge/ef-core/entityentry-navigations-explicit-load-and-query.md,_ai-conspects/_knowledge/ef-core/entityentry-navigations-explicit-load-and-query.md#what-should-be-recallable,,,,,,,,
ef-core.global-query-filters-and-required-navigations,Global query filters and required navigations,WORKING,6,143,1.00,_ai-conspects/_knowledge/ef-core/global-query-filters-and-required-navigations.md,_ai-conspects/_knowledge/ef-core/global-query-filters-and-required-navigations.md#what-should-be-recallable,,,,,,,,
ef-core.iqueryable-repository-and-resource-boundaries,IQueryable repository and resource boundaries,WORKING,6,144,1.25,_ai-conspects/_knowledge/ef-core/iqueryable-repository-and-resource-boundaries.md,_ai-conspects/_knowledge/ef-core/iqueryable-repository-and-resource-boundaries.md#what-should-be-recallable,,,,,,,,
ef-core.split-query-tradeoffs,EF Core split-query tradeoffs,WORKING,6,145,0.75,_ai-conspects/_knowledge/ef-core/split-query-tradeoffs.md,_ai-conspects/_knowledge/ef-core/split-query-tradeoffs.md#what-should-be-recallable,,,,,,,,
ef-core.trackgraph-disconnected-graphs-and-nodestate,"TrackGraph, disconnected graphs, and NodeState",WORKING,6,146,1.75,_ai-conspects/_knowledge/ef-core/trackgraph-disconnected-graphs-and-nodestate.md,_ai-conspects/_knowledge/ef-core/trackgraph-disconnected-graphs-and-nodestate.md#what-should-be-recallable,,,,,,,,
ef-core.tracking-queries-identity-resolution-and-projections,"Tracking queries, identity resolution, and read projections",WORKING,6,147,0.75,_ai-conspects/_knowledge/ef-core/tracking-queries-identity-resolution-and-projections.md,_ai-conspects/_knowledge/ef-core/tracking-queries-identity-resolution-and-projections.md#what-should-be-recallable,,,,,,,,
http.browser-cookie-delivery-and-security,Browser cookie delivery and security,WORKING,6,148,1.00,_ai-conspects/_knowledge/http/browser-cookie-delivery-and-security.md,_ai-conspects/_knowledge/http/browser-cookie-delivery-and-security.md#what-should-be-recallable,,,,,,,,
aspnet-core.api-behavior-validation-and-client-errors,"API behavior, validation, and client errors",WORKING,6,149,1.25,_ai-conspects/_knowledge/aspnet-core/api-behavior-validation-and-client-errors.md,_ai-conspects/_knowledge/aspnet-core/api-behavior-validation-and-client-errors.md#what-should-be-recallable,,,,,,,,
aspnet-core.createdat-route-generation,CreatedAt route generation for creation endpoints,WORKING,6,150,1.50,_ai-conspects/_knowledge/aspnet-core/createdat-route-generation.md,_ai-conspects/_knowledge/aspnet-core/createdat-route-generation.md#what-should-be-recallable,,,,,,,,
aspnet-core.cross-property-model-validation,Cross-property validation with IValidatableObject and ValidationAttribute,WORKING,7,151,1.50,_ai-conspects/_knowledge/aspnet-core/cross-property-model-validation.md,_ai-conspects/_knowledge/aspnet-core/cross-property-model-validation.md#what-should-be-recallable,,,,,,,,
aspnet-core.custom-route-constraints,Custom route constraints and endpoint matching,WORKING,7,152,1.25,_ai-conspects/_knowledge/aspnet-core/custom-route-constraints.md,_ai-conspects/_knowledge/aspnet-core/custom-route-constraints.md#what-should-be-recallable,,,,,,,,
aspnet-core.endpoint-matching-phases-and-route-precedence,Endpoint matching phases and route precedence,WORKING,7,153,1.50,_ai-conspects/_knowledge/aspnet-core/endpoint-matching-phases-and-route-precedence.md,_ai-conspects/_knowledge/aspnet-core/endpoint-matching-phases-and-route-precedence.md#what-should-be-recallable,,,,,,,,
aspnet-core.exception-handler-features,Exception-handler features and original request context,WORKING,7,154,1.00,_ai-conspects/_knowledge/aspnet-core/exception-handler-features.md,_ai-conspects/_knowledge/aspnet-core/exception-handler-features.md#what-should-be-recallable,,,,,,,,
aspnet-core.form-and-multipart-request-binding,Form and multipart request binding,WORKING,7,155,2.50,_ai-conspects/_knowledge/aspnet-core/form-and-multipart-request-binding.md,_ai-conspects/_knowledge/aspnet-core/form-and-multipart-request-binding.md#what-should-be-recallable,,,,,,,,
aspnet-core.json-xml-formatters-and-default-order,ASP.NET Core JSON/XML formatters and default order,WORKING,7,156,1.25,_ai-conspects/_knowledge/aspnet-core/json-xml-formatters-and-default-order.md,_ai-conspects/_knowledge/aspnet-core/json-xml-formatters-and-default-order.md#what-should-be-recallable,,,,,,,,
aspnet-core.link-generator-and-public-origin,"LinkGenerator, named endpoints, and public origin",WORKING,7,157,1.00,_ai-conspects/_knowledge/aspnet-core/link-generator-and-public-origin.md,_ai-conspects/_knowledge/aspnet-core/link-generator-and-public-origin.md#what-should-be-recallable,,,,,,,,
aspnet-core.modelstate-binding-validation-and-revalidation,"ModelState binding, validation, and revalidation",WORKING,7,158,1.00,_ai-conspects/_knowledge/aspnet-core/modelstate-binding-validation-and-revalidation.md,_ai-conspects/_knowledge/aspnet-core/modelstate-binding-validation-and-revalidation.md#what-should-be-recallable,,,,,,,,
aspnet-core.razor-service-injection,Service injection and request context in Razor views,WORKING,7,159,1.00,_ai-conspects/_knowledge/aspnet-core/razor-service-injection.md,_ai-conspects/_knowledge/aspnet-core/razor-service-injection.md#what-should-be-recallable,,,,,,,,
aspnet-core.request-body-binding-raw-access-and-replay-buffering,"Request-body binding, raw access, and replay buffering",WORKING,7,160,2.25,_ai-conspects/_knowledge/aspnet-core/request-body-binding-raw-access-and-replay-buffering.md,_ai-conspects/_knowledge/aspnet-core/request-body-binding-raw-access-and-replay-buffering.md#what-should-be-recallable,,,,,,,,
aspnet-core.response-body-shapes-and-streaming-output,Response body shapes and streaming output choices,WORKING,7,161,1.25,_ai-conspects/_knowledge/aspnet-core/response-body-shapes-and-streaming-output.md,_ai-conspects/_knowledge/aspnet-core/response-body-shapes-and-streaming-output.md#what-should-be-recallable,,,,,,,,
ef-core.entityentry-state-values-and-property-control,"EntityEntry state, values, and property control",WORKING,7,162,2.25,_ai-conspects/_knowledge/ef-core/entityentry-state-values-and-property-control.md,_ai-conspects/_knowledge/ef-core/entityentry-state-values-and-property-control.md#what-should-be-recallable,,,,,,,,
ef-core.shadow-properties-and-persistence-only-state,Shadow properties and persistence-only state,WORKING,7,163,0.50,_ai-conspects/_knowledge/ef-core/shadow-properties-and-persistence-only-state.md,_ai-conspects/_knowledge/ef-core/shadow-properties-and-persistence-only-state.md#what-should-be-recallable,,,,,,,,
http.cache-validation-headers,"HTTP cache freshness, storage, and validation",WORKING,7,164,1.50,_ai-conspects/_knowledge/http/cache-validation-headers.md,_ai-conspects/_knowledge/http/cache-validation-headers.md#what-should-be-recallable,,,,,,,,
http.cookie-and-set-cookie,Cookie and Set-Cookie header models,WORKING,7,165,1.00,_ai-conspects/_knowledge/http/cookie-and-set-cookie.md,_ai-conspects/_knowledge/http/cookie-and-set-cookie.md#what-should-be-recallable,,,,,,,,
architecture.microservices-boundaries-and-costs,"Microservice boundaries, benefits, and distributed-system costs",WORKING,7,166,0.75,_ai-conspects/_knowledge/architecture/microservices-boundaries-and-costs.md,_ai-conspects/_knowledge/architecture/microservices-boundaries-and-costs.md#what-should-be-recallable,,,,,,,,
dotnet.hybridcache-multi-instance-l1-l2-coherence,HybridCache multi-instance L1/L2 coherence,WORKING,7,167,1.75,_ai-conspects/_knowledge/dotnet/hybridcache-multi-instance-l1-l2-coherence.md,_ai-conspects/_knowledge/dotnet/hybridcache-multi-instance-l1-l2-coherence.md#what-should-be-recallable,,,,,,,,
dotnet.polly-pipeline-execution-and-resilience-context,Polly pipeline execution and ResilienceContext,WORKING,7,168,1.00,_ai-conspects/_knowledge/dotnet/polly-pipeline-execution-and-resilience-context.md,_ai-conspects/_knowledge/dotnet/polly-pipeline-execution-and-resilience-context.md#what-should-be-recallable,,,,,,,,
redis.expiring-counters-portability-and-distributed-throttling,"Redis expiring counters, portability, and distributed throttling",WORKING,7,169,1.00,_ai-conspects/_knowledge/redis/expiring-counters-portability-and-distributed-throttling.md,_ai-conspects/_knowledge/redis/expiring-counters-portability-and-distributed-throttling.md#what-should-be-recallable,,,,,,,,
architecture.client-state-persistence-snapshot-lifecycle,"Client-state persistence snapshots, hydration, and write policy",WORKING,7,170,2.00,_ai-conspects/_knowledge/architecture/client-state-persistence-snapshot-lifecycle.md,_ai-conspects/_knowledge/architecture/client-state-persistence-snapshot-lifecycle.md#what-should-be-recallable,,,,,,,,
architecture.forward-and-reverse-proxy-roles,Forward and reverse proxy roles,WORKING,7,171,1.75,_ai-conspects/_knowledge/architecture/forward-and-reverse-proxy-roles.md,_ai-conspects/_knowledge/architecture/forward-and-reverse-proxy-roles.md#what-should-be-recallable,,,,,,,,
architecture.projections-vs-partial-aggregates,Projections versus partially initialized aggregates,WORKING,7,172,0.75,_ai-conspects/_knowledge/architecture/projections-vs-partial-aggregates.md,_ai-conspects/_knowledge/architecture/projections-vs-partial-aggregates.md#what-should-be-recallable,,,,,,,,
architecture.relationship-ownership-and-association-entities,Relationship ownership and association entities,WORKING,7,173,1.00,_ai-conspects/_knowledge/architecture/relationship-ownership-and-association-entities.md,_ai-conspects/_knowledge/architecture/relationship-ownership-and-association-entities.md#what-should-be-recallable,,,,,,,,
architecture.reverse-proxy-central-routing-and-policy,Reverse-proxy central routing and policy,WORKING,8,174,2.00,_ai-conspects/_knowledge/architecture/reverse-proxy-central-routing-and-policy.md,_ai-conspects/_knowledge/architecture/reverse-proxy-central-routing-and-policy.md#what-should-be-recallable,,,,,,,,
architecture.runtime-compiler-and-sdk-responsibilities,"Runtime, compiler, and SDK responsibilities",WORKING,8,175,0.75,_ai-conspects/_knowledge/architecture/runtime-compiler-and-sdk-responsibilities.md,_ai-conspects/_knowledge/architecture/runtime-compiler-and-sdk-responsibilities.md#what-should-be-recallable,,,,,,,,
dotnet.ado-net-abstractions-portability-and-lifecycle,"ADO.NET abstractions, portability, and resource lifecycle",WORKING,8,176,1.00,_ai-conspects/_knowledge/dotnet/ado-net-abstractions-portability-and-lifecycle.md,_ai-conspects/_knowledge/dotnet/ado-net-abstractions-portability-and-lifecycle.md#what-should-be-recallable,,,,,,,,
dotnet.allocations-gc-pressure-and-hot-paths,".NET allocations, GC pressure, and hot-path decisions",WORKING,8,177,1.25,_ai-conspects/_knowledge/dotnet/allocations-gc-pressure-and-hot-paths.md,_ai-conspects/_knowledge/dotnet/allocations-gc-pressure-and-hot-paths.md#what-should-be-recallable,,,,,,,,
dotnet.ambiguous-local-time-scheduling-and-audit,Ambiguous local-time scheduling and audit,WORKING,8,178,2.25,_ai-conspects/_knowledge/dotnet/ambiguous-local-time-scheduling-and-audit.md,_ai-conspects/_knowledge/dotnet/ambiguous-local-time-scheduling-and-audit.md#what-should-be-recallable,,,,,,,,
dotnet.ascii-and-utf8-compatibility,ASCII codes and UTF-8 compatibility,WORKING,8,179,0.75,_ai-conspects/_knowledge/dotnet/ascii-and-utf8-compatibility.md,_ai-conspects/_knowledge/dotnet/ascii-and-utf8-compatibility.md#what-should-be-recallable,,,,,,,,
dotnet.binary-primitives-endianness,BinaryPrimitives and explicit endianness,WORKING,8,180,0.75,_ai-conspects/_knowledge/dotnet/binary-primitives-endianness.md,_ai-conspects/_knowledge/dotnet/binary-primitives-endianness.md#what-should-be-recallable,,,,,,,,
dotnet.binary-to-text-encodings,Binary-to-text encodings for storage and transport,WORKING,8,181,0.75,_ai-conspects/_knowledge/dotnet/binary-to-text-encodings.md,_ai-conspects/_knowledge/dotnet/binary-to-text-encodings.md#what-should-be-recallable,,,,,,,,
dotnet.datetime-parsing-exactness-and-standard-formats,Date/time parsing exactness and standard formats,WORKING,8,182,1.75,_ai-conspects/_knowledge/dotnet/datetime-parsing-exactness-and-standard-formats.md,_ai-conspects/_knowledge/dotnet/datetime-parsing-exactness-and-standard-formats.md#what-should-be-recallable,,,,,,,,
dotnet.dispose-pattern-and-suppress-finalize,Dispose pattern and SuppressFinalize,WORKING,8,183,1.25,_ai-conspects/_knowledge/dotnet/dispose-pattern-and-suppress-finalize.md,_ai-conspects/_knowledge/dotnet/dispose-pattern-and-suppress-finalize.md#what-should-be-recallable,,,,,,,,
dotnet.httpclient-body-length-framing-and-compression,"HttpClient body length, transfer framing, and compression",WORKING,8,184,1.00,_ai-conspects/_knowledge/dotnet/httpclient-body-length-framing-and-compression.md,_ai-conspects/_knowledge/dotnet/httpclient-body-length-framing-and-compression.md#what-should-be-recallable,,,,,,,,
dotnet.httpclient-request-content-and-representation,HttpClient request content types and representation costs,WORKING,8,185,1.25,_ai-conspects/_knowledge/dotnet/httpclient-request-content-and-representation.md,_ai-conspects/_knowledge/dotnet/httpclient-request-content-and-representation.md#what-should-be-recallable,,,,,,,,
dotnet.httpclient-request-replayability-and-retries,HttpClient request replayability and retries,WORKING,8,186,1.00,_ai-conspects/_knowledge/dotnet/httpclient-request-replayability-and-retries.md,_ai-conspects/_knowledge/dotnet/httpclient-request-replayability-and-retries.md#what-should-be-recallable,,,,,,,,
dotnet.httpclient-requests-responses-and-ownership,"HttpClient requests, responses, and ownership",WORKING,8,187,1.00,_ai-conspects/_knowledge/dotnet/httpclient-requests-responses-and-ownership.md,_ai-conspects/_knowledge/dotnet/httpclient-requests-responses-and-ownership.md#what-should-be-recallable,,,,,,,,
dotnet.httpclient-response-streaming,HttpClient response buffering and progressive streaming,WORKING,8,188,1.25,_ai-conspects/_knowledge/dotnet/httpclient-response-streaming.md,_ai-conspects/_knowledge/dotnet/httpclient-response-streaming.md#what-should-be-recallable,,,,,,,,
dotnet.httpclient-testing-with-message-handlers,Testing HttpClient code with message handlers,WORKING,8,189,1.25,_ai-conspects/_knowledge/dotnet/httpclient-testing-with-message-handlers.md,_ai-conspects/_knowledge/dotnet/httpclient-testing-with-message-handlers.md#what-should-be-recallable,,,,,,,,
dotnet.httpclientfactory-client-and-handler-lifetimes,HttpClientFactory client and handler lifetimes,WORKING,8,190,0.75,_ai-conspects/_knowledge/dotnet/httpclientfactory-client-and-handler-lifetimes.md,_ai-conspects/_knowledge/dotnet/httpclientfactory-client-and-handler-lifetimes.md#what-should-be-recallable,,,,,,,,
dotnet.httpcontent-media-type-charset-and-content-encoding,"HttpContent media type, charset, and content encoding",WORKING,8,191,1.00,_ai-conspects/_knowledge/dotnet/httpcontent-media-type-charset-and-content-encoding.md,_ai-conspects/_knowledge/dotnet/httpcontent-media-type-charset-and-content-encoding.md#what-should-be-recallable,,,,,,,,
dotnet.httpcontent-read-stream-buffering,HttpContent ReadAsStream buffering and direct stream creation,WORKING,8,192,1.25,_ai-conspects/_knowledge/dotnet/httpcontent-read-stream-buffering.md,_ai-conspects/_knowledge/dotnet/httpcontent-read-stream-buffering.md#what-should-be-recallable,,,,,,,,
dotnet.hybridcache-key-tag-invalidation,HybridCache key and tag invalidation,WORKING,8,193,1.50,_ai-conspects/_knowledge/dotnet/hybridcache-key-tag-invalidation.md,_ai-conspects/_knowledge/dotnet/hybridcache-key-tag-invalidation.md#what-should-be-recallable,,,,,,,,
dotnet.hybridcache-registration-getorcreate-and-single-flight,"HybridCache registration, GetOrCreateAsync, and single-flight",WORKING,8,194,1.50,_ai-conspects/_knowledge/dotnet/hybridcache-registration-getorcreate-and-single-flight.md,_ai-conspects/_knowledge/dotnet/hybridcache-registration-getorcreate-and-single-flight.md#what-should-be-recallable,,,,,,,,
dotnet.invalid-local-time-resolution-policies,Invalid local-time resolution policies,WORKING,8,195,1.75,_ai-conspects/_knowledge/dotnet/invalid-local-time-resolution-policies.md,_ai-conspects/_knowledge/dotnet/invalid-local-time-resolution-policies.md#what-should-be-recallable,,,,,,,,
dotnet.numeric-string-parsing,Parsing numeric strings in .NET,WORKING,8,196,1.00,_ai-conspects/_knowledge/dotnet/numeric-string-parsing.md,_ai-conspects/_knowledge/dotnet/numeric-string-parsing.md#what-should-be-recallable,,,,,,,,
dotnet.polly-rate-limiter-strategies-and-partitions,Polly rate limiter strategies and partitions,WORKING,8,197,0.75,_ai-conspects/_knowledge/dotnet/polly-rate-limiter-strategies-and-partitions.md,_ai-conspects/_knowledge/dotnet/polly-rate-limiter-strategies-and-partitions.md#what-should-be-recallable,,,,,,,,
dotnet.polly-strategy-ordering-hedging-and-exception-flow,"Polly strategy ordering, hedging, and exception flow",WORKING,8,198,1.00,_ai-conspects/_knowledge/dotnet/polly-strategy-ordering-hedging-and-exception-flow.md,_ai-conspects/_knowledge/dotnet/polly-strategy-ordering-hedging-and-exception-flow.md#what-should-be-recallable,,,,,,,,
dotnet.pooling-objects-arrays-and-memory,"ObjectPool, ArrayPool, and MemoryPool ownership",WORKING,8,199,0.75,_ai-conspects/_knowledge/dotnet/pooling-objects-arrays-and-memory.md,_ai-conspects/_knowledge/dotnet/pooling-objects-arrays-and-memory.md#what-should-be-recallable,,,,,,,,
dotnet.sequencereader-segmented-protocol-parsing,SequenceReader segmented protocol parsing,WORKING,9,200,1.00,_ai-conspects/_knowledge/dotnet/sequencereader-segmented-protocol-parsing.md,_ai-conspects/_knowledge/dotnet/sequencereader-segmented-protocol-parsing.md#what-should-be-recallable,,,,,,,,
dotnet.sockets-http-handler-connection-pooling-and-proxies,"SocketsHttpHandler connection pooling, proxies, and primary-handler ownership",WORKING,9,201,2.00,_ai-conspects/_knowledge/dotnet/sockets-http-handler-connection-pooling-and-proxies.md,_ai-conspects/_knowledge/dotnet/sockets-http-handler-connection-pooling-and-proxies.md#what-should-be-recallable,,,,,,,,
dotnet.span-memory-and-ref-safety,"Span, Memory, and ref safety",WORKING,9,202,1.00,_ai-conspects/_knowledge/dotnet/span-memory-and-ref-safety.md,_ai-conspects/_knowledge/dotnet/span-memory-and-ref-safety.md#what-should-be-recallable,,,,,,,,
dotnet.stackalloc-lifetime-and-stack-pressure,"`stackalloc` lifetime, stack pressure, and heap-safe fallback",WORKING,9,203,1.25,_ai-conspects/_knowledge/dotnet/stackalloc-lifetime-and-stack-pressure.md,_ai-conspects/_knowledge/dotnet/stackalloc-lifetime-and-stack-pressure.md#what-should-be-recallable,,,,,,,,
dotnet.stream-readexactly-readatleast-fixed-count-reads,"Stream ReadExactly, ReadAtLeast, and fixed-count reads",WORKING,9,204,1.50,_ai-conspects/_knowledge/dotnet/stream-readexactly-readatleast-fixed-count-reads.md,_ai-conspects/_knowledge/dotnet/stream-readexactly-readatleast-fixed-count-reads.md#what-should-be-recallable,,,,,,,,
dotnet.stream-whole-content-buffering-and-byte-arrays,Stream whole-content buffering and byte arrays,WORKING,9,205,1.25,_ai-conspects/_knowledge/dotnet/stream-whole-content-buffering-and-byte-arrays.md,_ai-conspects/_knowledge/dotnet/stream-whole-content-buffering-and-byte-arrays.md#what-should-be-recallable,,,,,,,,
dotnet.streaming-byte-object-and-memory-models,"Streaming byte, object, and memory models",WORKING,9,206,1.00,_ai-conspects/_knowledge/dotnet/streaming-byte-object-and-memory-models.md,_ai-conspects/_knowledge/dotnet/streaming-byte-object-and-memory-models.md#what-should-be-recallable,,,,,,,,
dotnet.streaming-gzip-httpcontent,Streaming gzip JSON with custom HttpContent,WORKING,9,207,1.25,_ai-conspects/_knowledge/dotnet/streaming-gzip-httpcontent.md,_ai-conspects/_knowledge/dotnet/streaming-gzip-httpcontent.md#what-should-be-recallable,,,,,,,,
dotnet.streamreader-decoding-buffering-and-read-contracts,"StreamReader decoding, buffering, and read contracts",WORKING,9,208,1.00,_ai-conspects/_knowledge/dotnet/streamreader-decoding-buffering-and-read-contracts.md,_ai-conspects/_knowledge/dotnet/streamreader-decoding-buffering-and-read-contracts.md#what-should-be-recallable,,,,,,,,
dotnet.streamwriter-encoding-buffering-and-flush-contracts,"StreamWriter encoding, buffering, and flush contracts",WORKING,9,209,1.00,_ai-conspects/_knowledge/dotnet/streamwriter-encoding-buffering-and-flush-contracts.md,_ai-conspects/_knowledge/dotnet/streamwriter-encoding-buffering-and-flush-contracts.md#what-should-be-recallable,,,,,,,,
dotnet.stringreader-line-processing-and-memory,StringReader line processing and memory,WORKING,9,210,1.00,_ai-conspects/_knowledge/dotnet/stringreader-line-processing-and-memory.md,_ai-conspects/_knowledge/dotnet/stringreader-line-processing-and-memory.md#what-should-be-recallable,,,,,,,,
dotnet.system-text-json-optional-converter-factory,System.Text.Json Optional<T> converter factory,WORKING,9,211,1.00,_ai-conspects/_knowledge/dotnet/system-text-json-optional-converter-factory.md,_ai-conspects/_knowledge/dotnet/system-text-json-optional-converter-factory.md#what-should-be-recallable,,,,,,,,
dotnet.ticks-unix-time-and-javascript-display,".NET ticks, Unix time, and JavaScript display",WORKING,9,212,2.00,_ai-conspects/_knowledge/dotnet/ticks-unix-time-and-javascript-display.md,_ai-conspects/_knowledge/dotnet/ticks-unix-time-and-javascript-display.md#what-should-be-recallable,,,,,,,,
dotnet.time-types-and-model-selection,.NET time types and model selection,WORKING,9,213,1.75,_ai-conspects/_knowledge/dotnet/time-types-and-model-selection.md,_ai-conspects/_knowledge/dotnet/time-types-and-model-selection.md#what-should-be-recallable,,,,,,,,
dotnet.timezone-date-math-and-dst,Timezone-aware date math and DST,WORKING,9,214,1.75,_ai-conspects/_knowledge/dotnet/timezone-date-math-and-dst.md,_ai-conspects/_knowledge/dotnet/timezone-date-math-and-dst.md#what-should-be-recallable,,,,,,,,
dotnet.totp-secret-generation-and-base32-encoding,TOTP secret generation and Base32 encoding,WORKING,9,215,1.75,_ai-conspects/_knowledge/dotnet/totp-secret-generation-and-base32-encoding.md,_ai-conspects/_knowledge/dotnet/totp-secret-generation-and-base32-encoding.md#what-should-be-recallable,,,,,,,,
dotnet.unmanaged-ownership-safehandle-and-finalizer-decisions,"Unmanaged ownership, SafeHandle, and finalizer decisions",WORKING,9,216,1.50,_ai-conspects/_knowledge/dotnet/unmanaged-ownership-safehandle-and-finalizer-decisions.md,_ai-conspects/_knowledge/dotnet/unmanaged-ownership-safehandle-and-finalizer-decisions.md#what-should-be-recallable,,,,,,,,
dotnet.utf8-decoding-prefixes,UTF-8 decoding prefixes and byte boundaries,WORKING,9,217,0.75,_ai-conspects/_knowledge/dotnet/utf8-decoding-prefixes.md,_ai-conspects/_knowledge/dotnet/utf8-decoding-prefixes.md#what-should-be-recallable,,,,,,,,
ef-core.query-shape-cartesian-expansion,Query shape and cartesian expansion,WORKING,9,218,0.75,_ai-conspects/_knowledge/ef-core/query-shape-cartesian-expansion.md,_ai-conspects/_knowledge/ef-core/query-shape-cartesian-expansion.md#what-should-be-recallable,,,,,,,,
http.canonical-resource-identities-and-lookup-routes,Canonical resource identities and lookup routes,WORKING,9,219,1.25,_ai-conspects/_knowledge/http/canonical-resource-identities-and-lookup-routes.md,_ai-conspects/_knowledge/http/canonical-resource-identities-and-lookup-routes.md#what-should-be-recallable,,,,,,,,
http.content-coding-direction-and-negotiation,HTTP content coding direction and negotiation,WORKING,9,220,0.75,_ai-conspects/_knowledge/http/content-coding-direction-and-negotiation.md,_ai-conspects/_knowledge/http/content-coding-direction-and-negotiation.md#what-should-be-recallable,,,,,,,,
http.creation-responses-and-operation-resources,Creation responses and operation resources,WORKING,9,221,1.25,_ai-conspects/_knowledge/http/creation-responses-and-operation-resources.md,_ai-conspects/_knowledge/http/creation-responses-and-operation-resources.md#what-should-be-recallable,,,,,,,,
http.head-conditional-metadata,"HEAD requests, validators, and representation metadata",WORKING,9,222,1.00,_ai-conspects/_knowledge/http/head-conditional-metadata.md,_ai-conspects/_knowledge/http/head-conditional-metadata.md#what-should-be-recallable,,,,,,,,
http.last-modified-revalidation-and-freshness,Last-Modified revalidation and freshness,WORKING,9,223,1.00,_ai-conspects/_knowledge/http/last-modified-revalidation-and-freshness.md,_ai-conspects/_knowledge/http/last-modified-revalidation-and-freshness.md#what-should-be-recallable,,,,,,,,
http.problem-details-public-error-contracts,Problem Details as a public error contract,WORKING,9,224,0.75,_ai-conspects/_knowledge/http/problem-details-public-error-contracts.md,_ai-conspects/_knowledge/http/problem-details-public-error-contracts.md#what-should-be-recallable,,,,,,,,
http.put-patch-and-update-preconditions,"PUT, PATCH, representations, and update preconditions",WORKING,10,225,1.00,_ai-conspects/_knowledge/http/put-patch-and-update-preconditions.md,_ai-conspects/_knowledge/http/put-patch-and-update-preconditions.md#what-should-be-recallable,,,,,,,,
http.vary-representation-cache-keys,Vary and representation cache keys,WORKING,10,226,1.00,_ai-conspects/_knowledge/http/vary-representation-cache-keys.md,_ai-conspects/_knowledge/http/vary-representation-cache-keys.md#what-should-be-recallable,,,,,,,,
http.websocket-upgrade-subprotocols-and-application-contracts,"WebSocket upgrade, subprotocols, and application contracts",WORKING,10,227,1.25,_ai-conspects/_knowledge/http/websocket-upgrade-subprotocols-and-application-contracts.md,_ai-conspects/_knowledge/http/websocket-upgrade-subprotocols-and-application-contracts.md#what-should-be-recallable,,,,,,,,
javascript.browser-storage-lifetimes-and-security,"Memory, sessionStorage, and localStorage lifetimes",WORKING,10,228,1.00,_ai-conspects/_knowledge/javascript/browser-storage-lifetimes-and-security.md,_ai-conspects/_knowledge/javascript/browser-storage-lifetimes-and-security.md#what-should-be-recallable,,,,,,,,
javascript.etag-write-precondition-lifecycle,Browser ETag lifecycle for write preconditions,WORKING,10,229,1.25,_ai-conspects/_knowledge/javascript/etag-write-precondition-lifecycle.md,_ai-conspects/_knowledge/javascript/etag-write-precondition-lifecycle.md#what-should-be-recallable,,,,,,,,
javascript.incremental-streaming-and-ndjson,"Incremental streaming, peak memory, and NDJSON",WORKING,10,230,1.25,_ai-conspects/_knowledge/javascript/incremental-streaming-and-ndjson.md,_ai-conspects/_knowledge/javascript/incremental-streaming-and-ndjson.md#what-should-be-recallable,,,,,,,,
javascript.text-encoding-and-stream-framing,Text encoding and stream framing,WORKING,10,231,1.25,_ai-conspects/_knowledge/javascript/text-encoding-and-stream-framing.md,_ai-conspects/_knowledge/javascript/text-encoding-and-stream-framing.md#what-should-be-recallable,,,,,,,,
javascript.transformstream-pipelines-and-flush,"TransformStream pipelines, buffering, and flush",WORKING,10,232,1.50,_ai-conspects/_knowledge/javascript/transformstream-pipelines-and-flush.md,_ai-conspects/_knowledge/javascript/transformstream-pipelines-and-flush.md#what-should-be-recallable,,,,,,,,
sql-server.collation-search-and-sargability,"SQL Server collation, search, and SARGability",WORKING,10,233,1.00,_ai-conspects/_knowledge/sql-server/collation-search-and-sargability.md,_ai-conspects/_knowledge/sql-server/collation-search-and-sargability.md#what-should-be-recallable,,,,,,,,
sql-server.computed-columns-persistence-and-indexing,"Computed columns, persistence, and indexing",WORKING,10,234,1.00,_ai-conspects/_knowledge/sql-server/computed-columns-persistence-and-indexing.md,_ai-conspects/_knowledge/sql-server/computed-columns-persistence-and-indexing.md#what-should-be-recallable,,,,,,,,
sql-server.delete-duplicate-rows-safely,Safely deleting duplicate SQL Server rows,WORKING,10,235,0.75,_ai-conspects/_knowledge/sql-server/delete-duplicate-rows-safely.md,_ai-conspects/_knowledge/sql-server/delete-duplicate-rows-safely.md#what-should-be-recallable,,,,,,,,
sql-server.keyset-pagination,SQL Server keyset pagination,WORKING,10,236,0.75,_ai-conspects/_knowledge/sql-server/keyset-pagination.md,_ai-conspects/_knowledge/sql-server/keyset-pagination.md#what-should-be-recallable,,,,,,,,
sql-server.schema-evolution-indexes-and-constraints,"SQL Server schema evolution, indexes, and constraints",WORKING,10,237,1.75,_ai-conspects/_knowledge/sql-server/schema-evolution-indexes-and-constraints.md,_ai-conspects/_knowledge/sql-server/schema-evolution-indexes-and-constraints.md#what-should-be-recallable,,,,,,,,
sql-server.stored-procedure-contracts-and-result-channels,SQL Server stored-procedure contracts and result channels,WORKING,10,238,2.00,_ai-conspects/_knowledge/sql-server/stored-procedure-contracts-and-result-channels.md,_ai-conspects/_knowledge/sql-server/stored-procedure-contracts-and-result-channels.md#what-should-be-recallable,,,,,,,,
sql-server.table-schema-types-identifiers-and-foreign-keys,"SQL Server table schemas, identifiers, and foreign keys",WORKING,10,239,1.75,_ai-conspects/_knowledge/sql-server/table-schema-types-identifiers-and-foreign-keys.md,_ai-conspects/_knowledge/sql-server/table-schema-types-identifiers-and-foreign-keys.md#what-should-be-recallable,,,,,,,,
sql-server.views-read-contracts-and-query-abstractions,SQL Server views as read contracts and query abstractions,WORKING,10,240,1.25,_ai-conspects/_knowledge/sql-server/views-read-contracts-and-query-abstractions.md,_ai-conspects/_knowledge/sql-server/views-read-contracts-and-query-abstractions.md#what-should-be-recallable,,,,,,,,
sql-server.window-functions-ranking-navigation-frames,"SQL Server window ranking, navigation, and frames",WORKING,10,241,1.00,_ai-conspects/_knowledge/sql-server/window-functions-ranking-navigation-frames.md,_ai-conspects/_knowledge/sql-server/window-functions-ranking-navigation-frames.md#what-should-be-recallable,,,,,,,,
dotnet.clientwebsocket-options-and-connection-state,ClientWebSocket options and connection state,WORKING,10,242,1.00,_ai-conspects/_knowledge/dotnet/clientwebsocket-options-and-connection-state.md,_ai-conspects/_knowledge/dotnet/clientwebsocket-options-and-connection-state.md#what-should-be-recallable,,,,,,,,
dotnet.encoding-conversion-overloads-and-buffer-sizing,.NET text encoding APIs and destination sizing,WORKING,10,243,1.25,_ai-conspects/_knowledge/dotnet/encoding-conversion-overloads-and-buffer-sizing.md,_ai-conspects/_knowledge/dotnet/encoding-conversion-overloads-and-buffer-sizing.md#what-should-be-recallable,,,,,,,,
dotnet.fluentvalidation-built-in-rules-conditions-and-cascade,"FluentValidation built-in rules, conditions, and cascade control",WORKING,10,244,1.50,_ai-conspects/_knowledge/dotnet/fluentvalidation-built-in-rules-conditions-and-cascade.md,_ai-conspects/_knowledge/dotnet/fluentvalidation-built-in-rules-conditions-and-cascade.md#what-should-be-recallable,,,,,,,,
dotnet.fluentvalidation-custom-rules-domain-errors-and-dependencies,"FluentValidation custom rules, domain errors, and validator dependencies",WORKING,10,245,1.75,_ai-conspects/_knowledge/dotnet/fluentvalidation-custom-rules-domain-errors-and-dependencies.md,_ai-conspects/_knowledge/dotnet/fluentvalidation-custom-rules-domain-errors-and-dependencies.md#what-should-be-recallable,,,,,,,,
dotnet.httpclient-handler-pipelines-and-transport-configuration,HttpClient handler pipelines and transport configuration,WORKING,10,246,1.00,_ai-conspects/_knowledge/dotnet/httpclient-handler-pipelines-and-transport-configuration.md,_ai-conspects/_knowledge/dotnet/httpclient-handler-pipelines-and-transport-configuration.md#what-should-be-recallable,,,,,,,,
dotnet.hybridcache-local-cache-flags,HybridCache local-cache read/write flags,WORKING,10,247,1.25,_ai-conspects/_knowledge/dotnet/hybridcache-local-cache-flags.md,_ai-conspects/_knowledge/dotnet/hybridcache-local-cache-flags.md#what-should-be-recallable,,,,,,,,
dotnet.named-and-typed-httpclient-configuration,Named and typed HttpClient configuration,WORKING,10,248,1.00,_ai-conspects/_knowledge/dotnet/named-and-typed-httpclient-configuration.md,_ai-conspects/_knowledge/dotnet/named-and-typed-httpclient-configuration.md#what-should-be-recallable,,,,,,,,
dotnet.polly-http-policy-helpers-and-httpclient-integration,Polly HTTP policy helpers and HttpClient integration,WORKING,10,249,0.75,_ai-conspects/_knowledge/dotnet/polly-http-policy-helpers-and-httpclient-integration.md,_ai-conspects/_knowledge/dotnet/polly-http-policy-helpers-and-httpclient-integration.md#what-should-be-recallable,,,,,,,,
dotnet.sockets-http-handler-response-upload-and-tls-options,"SocketsHttpHandler response, upload, and TLS options",WORKING,11,250,1.25,_ai-conspects/_knowledge/dotnet/sockets-http-handler-response-upload-and-tls-options.md,_ai-conspects/_knowledge/dotnet/sockets-http-handler-response-upload-and-tls-options.md#what-should-be-recallable,,,,,,,,
dotnet.unmanaged-size-and-struct-layout,"Unmanaged types, size APIs, and struct layout",WORKING,11,251,1.00,_ai-conspects/_knowledge/dotnet/unmanaged-size-and-struct-layout.md,_ai-conspects/_knowledge/dotnet/unmanaged-size-and-struct-layout.md#what-should-be-recallable,,,,,,,,
http.api-versioning-and-deprecation,API versioning and deprecation,WORKING,11,252,0.75,_ai-conspects/_knowledge/http/api-versioning-and-deprecation.md,_ai-conspects/_knowledge/http/api-versioning-and-deprecation.md#what-should-be-recallable,,,,,,,,
http.websocket-message-framing,WebSocket message framing across server and browser APIs,WORKING,11,253,1.25,_ai-conspects/_knowledge/http/websocket-message-framing.md,_ai-conspects/_knowledge/http/websocket-message-framing.md#what-should-be-recallable,,,,,,,,
typescript.never-and-discriminated-union-exhaustiveness,never and discriminated-union exhaustiveness,WORKING,11,254,1.00,_ai-conspects/_knowledge/typescript/never-and-discriminated-union-exhaustiveness.md,_ai-conspects/_knowledge/typescript/never-and-discriminated-union-exhaustiveness.md#what-should-be-recallable,,,,,,,,
aspnet-core.middleware-ordering-short-circuit-and-json,"Middleware ordering, short-circuiting, and JSON responses",WORKING,11,255,1.25,_ai-conspects/_knowledge/aspnet-core/middleware-ordering-short-circuit-and-json.md,_ai-conspects/_knowledge/aspnet-core/middleware-ordering-short-circuit-and-json.md#what-should-be-recallable,,,,,,,,
aspnet-core.problem-details-writers-context-and-metadata,"Problem Details writers, context, and endpoint metadata",WORKING,11,256,2.50,_ai-conspects/_knowledge/aspnet-core/problem-details-writers-context-and-metadata.md,_ai-conspects/_knowledge/aspnet-core/problem-details-writers-context-and-metadata.md#what-should-be-recallable,,,,,,,,
aspnet-core.public-sorting-property-mapping,Public sorting and property mapping,WORKING,11,257,1.00,_ai-conspects/_knowledge/aspnet-core/public-sorting-property-mapping.md,_ai-conspects/_knowledge/aspnet-core/public-sorting-property-mapping.md#what-should-be-recallable,,,,,,,,
aspnet-core.razor-layouts-viewdata-tempdata-tag-helpers-and-fragments,"Razor layouts, ViewData, TempData, tag helpers, and reusable view fragments",WORKING,11,258,1.75,_ai-conspects/_knowledge/aspnet-core/razor-layouts-viewdata-tempdata-tag-helpers-and-fragments.md,_ai-conspects/_knowledge/aspnet-core/razor-layouts-viewdata-tempdata-tag-helpers-and-fragments.md#what-should-be-recallable,,,,,,,,
aspnet-core.razor-tag-helpers-and-partials,Built-in Razor Tag Helpers and partials,WORKING,11,259,0.75,_ai-conspects/_knowledge/aspnet-core/razor-tag-helpers-and-partials.md,_ai-conspects/_knowledge/aspnet-core/razor-tag-helpers-and-partials.md#what-should-be-recallable,,,,,,,,
ef-core.savechanges-interceptor-lifecycle-and-audit,"SaveChangesInterceptor lifecycle, event data, and audit stamping",WORKING,11,260,2.00,_ai-conspects/_knowledge/ef-core/savechanges-interceptor-lifecycle-and-audit.md,_ai-conspects/_knowledge/ef-core/savechanges-interceptor-lifecycle-and-audit.md#what-should-be-recallable,,,,,,,,
react-query.cache-http-and-browser-boundaries,"React Query cache, browser cache, and HTTP cache boundaries",WORKING,11,261,3.75,_ai-conspects/_knowledge/react-query/cache-http-and-browser-boundaries.md,_ai-conspects/_knowledge/react-query/cache-http-and-browser-boundaries.md#what-should-be-recallable,,,,,,,,
dotnet.accept-general-return-specific,Accept general inputs and return specific results,WORKING,11,262,0.75,_ai-conspects/_knowledge/dotnet/accept-general-return-specific.md,_ai-conspects/_knowledge/dotnet/accept-general-return-specific.md#what-should-be-recallable,,,,,,,,
dotnet.ado-net-command-execution-and-row-mapping,"ADO.NET command execution, parameters, and row mapping",WORKING,11,263,1.75,_ai-conspects/_knowledge/dotnet/ado-net-command-execution-and-row-mapping.md,_ai-conspects/_knowledge/dotnet/ado-net-command-execution-and-row-mapping.md#what-should-be-recallable,,,,,,,,
javascript.writablestream-pipeto-and-sink-lifecycle,"WritableStream, pipeTo, and sink lifecycle",WORKING,11,264,1.25,_ai-conspects/_knowledge/javascript/writablestream-pipeto-and-sink-lifecycle.md,_ai-conspects/_knowledge/javascript/writablestream-pipeto-and-sink-lifecycle.md#what-should-be-recallable,,,,,,,,
react-hook-form.field-registration-and-lifecycle,"Field registration, unregistration, and submission lifecycle",WORKING,11,265,1.00,_ai-conspects/_knowledge/react-hook-form/field-registration-and-lifecycle.md,_ai-conspects/_knowledge/react-hook-form/field-registration-and-lifecycle.md#what-should-be-recallable,,,,,,,,
react-hook-form.reusable-form-architecture,Reusable React Hook Form architecture and testing boundaries,WORKING,11,266,1.25,_ai-conspects/_knowledge/react-hook-form/reusable-form-architecture.md,_ai-conspects/_knowledge/react-hook-form/reusable-form-architecture.md#what-should-be-recallable,,,,,,,,
react-hook-form.validation-errors-and-criteria,"Validation errors, criteria modes, and server error mapping",WORKING,11,267,1.00,_ai-conspects/_knowledge/react-hook-form/validation-errors-and-criteria.md,_ai-conspects/_knowledge/react-hook-form/validation-errors-and-criteria.md#what-should-be-recallable,,,,,,,,
react-query.core-architecture-and-practical-patterns,React Query core architecture and practical patterns,WORKING,11,268,4.75,_ai-conspects/_knowledge/react-query/core-architecture-and-practical-patterns.md,_ai-conspects/_knowledge/react-query/core-architecture-and-practical-patterns.md#what-should-be-recallable,,,,,,,,
react-query.mutation-callbacks-and-optimistic-updates,React Query mutation callbacks and optimistic updates,WORKING,12,269,5.00,_ai-conspects/_knowledge/react-query/mutation-callbacks-and-optimistic-updates.md,_ai-conspects/_knowledge/react-query/mutation-callbacks-and-optimistic-updates.md#what-should-be-recallable,,,,,,,,
react-query.mutation-lifecycle-and-state,React Query mutation lifecycle and state,WORKING,12,270,5.00,_ai-conspects/_knowledge/react-query/mutation-lifecycle-and-state.md,_ai-conspects/_knowledge/react-query/mutation-lifecycle-and-state.md#what-should-be-recallable,,,,,,,,
react-query.network-mode-offline-validation-and-resume,"React Query network modes, offline state, and paused-work resumption",WORKING,12,271,5.50,_ai-conspects/_knowledge/react-query/network-mode-offline-validation-and-resume.md,_ai-conspects/_knowledge/react-query/network-mode-offline-validation-and-resume.md#what-should-be-recallable,,,,,,,,
react-query.persistence-hydration-and-cache-pruning,"React Query persistence, hydration, and cache pruning",WORKING,12,272,6.00,_ai-conspects/_knowledge/react-query/persistence-hydration-and-cache-pruning.md,_ai-conspects/_knowledge/react-query/persistence-hydration-and-cache-pruning.md#what-should-be-recallable,,,,,,,,
react-query.query-state-status-error-and-cache-core,"React Query state, status, errors, and cache core",WORKING,12,273,3.25,_ai-conspects/_knowledge/react-query/query-state-status-error-and-cache-core.md,_ai-conspects/_knowledge/react-query/query-state-status-error-and-cache-core.md#what-should-be-recallable,,,,,,,,
react-query.websocket-event-driven-cache-updates,WebSocket-driven React Query cache updates,WORKING,12,274,2.50,_ai-conspects/_knowledge/react-query/websocket-event-driven-cache-updates.md,_ai-conspects/_knowledge/react-query/websocket-event-driven-cache-updates.md#what-should-be-recallable,,,,,,,,
react.debounce-hooks-and-request-cleanup,React debounce hooks and request cleanup,WORKING,12,275,1.25,_ai-conspects/_knowledge/react/debounce-hooks-and-request-cleanup.md,_ai-conspects/_knowledge/react/debounce-hooks-and-request-cleanup.md#what-should-be-recallable,,,,,,,,
react.react-router-route-tree-and-navigation,React Router route trees and navigation,WORKING,12,276,2.25,_ai-conspects/_knowledge/react/react-router-route-tree-and-navigation.md,_ai-conspects/_knowledge/react/react-router-route-tree-and-navigation.md#what-should-be-recallable,,,,,,,,
react.reducer-state-transitions-and-initialization,Reducer state transitions and lazy initialization,WORKING,13,277,2.00,_ai-conspects/_knowledge/react/reducer-state-transitions-and-initialization.md,_ai-conspects/_knowledge/react/reducer-state-transitions-and-initialization.md#what-should-be-recallable,,,,,,,,
react.root-error-lifetime-and-route-clearing,Root error lifetime and route clearing,WORKING,13,278,1.00,_ai-conspects/_knowledge/react/root-error-lifetime-and-route-clearing.md,_ai-conspects/_knowledge/react/root-error-lifetime-and-route-clearing.md#what-should-be-recallable,,,,,,,,
react.use-ref-lifecycle-and-latest-values,React useRef lifecycle and latest values,WORKING,13,279,1.25,_ai-conspects/_knowledge/react/use-ref-lifecycle-and-latest-values.md,_ai-conspects/_knowledge/react/use-ref-lifecycle-and-latest-values.md#what-should-be-recallable,,,,,,,,
react.use-sync-external-store-contract,useSyncExternalStore contract,WORKING,13,280,0.75,_ai-conspects/_knowledge/react/use-sync-external-store-contract.md,_ai-conspects/_knowledge/react/use-sync-external-store-contract.md#what-should-be-recallable,,,,,,,,
redux.async-thunk-lifecycle,createAsyncThunk lifecycle and request state,WORKING,13,281,1.75,_ai-conspects/_knowledge/redux/async-thunk-lifecycle.md,_ai-conspects/_knowledge/redux/async-thunk-lifecycle.md#what-should-be-recallable,,,,,,,,
redux.middleware-chain-and-manual-thunks,Redux middleware chains and manual thunk orchestration,WORKING,13,282,1.50,_ai-conspects/_knowledge/redux/middleware-chain-and-manual-thunks.md,_ai-conspects/_knowledge/redux/middleware-chain-and-manual-thunks.md#what-should-be-recallable,,,,,,,,
typescript.zod-form-input-coercion-and-transforms,"Zod form-input coercion, preprocessing, and transforms",WORKING,13,283,1.75,_ai-conspects/_knowledge/typescript/zod-form-input-coercion-and-transforms.md,_ai-conspects/_knowledge/typescript/zod-form-input-coercion-and-transforms.md#what-should-be-recallable,,,,,,,,
typescript.zod-refinements-and-cross-field-errors,Zod refinements and cross-field errors,WORKING,13,284,1.25,_ai-conspects/_knowledge/typescript/zod-refinements-and-cross-field-errors.md,_ai-conspects/_knowledge/typescript/zod-refinements-and-cross-field-errors.md#what-should-be-recallable,,,,,,,,
dotnet.async-callbacks-vs-events,Async callback hooks versus classic C# events,WORKING,13,285,1.25,_ai-conspects/_knowledge/dotnet/async-callbacks-vs-events.md,_ai-conspects/_knowledge/dotnet/async-callbacks-vs-events.md#what-should-be-recallable,,,,,,,,
dotnet.async-enumerable-replay-and-single-use-streams,Async-enumerable replay and single-use streams,WORKING,13,286,1.00,_ai-conspects/_knowledge/dotnet/async-enumerable-replay-and-single-use-streams.md,_ai-conspects/_knowledge/dotnet/async-enumerable-replay-and-single-use-streams.md#what-should-be-recallable,,,,,,,,
javascript.map-and-weakmap-semantics,JavaScript Map and WeakMap semantics,WORKING,13,287,0.75,_ai-conspects/_knowledge/javascript/map-and-weakmap-semantics.md,_ai-conspects/_knowledge/javascript/map-and-weakmap-semantics.md#what-should-be-recallable,,,,,,,,
javascript.web-workers-messaging-and-module-loading,"Web Workers, messaging, and module-relative loading",WORKING,13,288,1.00,_ai-conspects/_knowledge/javascript/web-workers-messaging-and-module-loading.md,_ai-conspects/_knowledge/javascript/web-workers-messaging-and-module-loading.md#what-should-be-recallable,,,,,,,,
react-query.query-keys-refetch-and-declarative-dependencies,"React Query keys, refetch, and declarative dependencies",WORKING,13,289,2.75,_ai-conspects/_knowledge/react-query/query-keys-refetch-and-declarative-dependencies.md,_ai-conspects/_knowledge/react-query/query-keys-refetch-and-declarative-dependencies.md#what-should-be-recallable,,,,,,,,
react.context-provider-identity-and-splitting,React Context provider identity and splitting,WORKING,13,290,1.00,_ai-conspects/_knowledge/react/context-provider-identity-and-splitting.md,_ai-conspects/_knowledge/react/context-provider-identity-and-splitting.md#what-should-be-recallable,,,,,,,,
redis.values-and-command-atomicity,"Redis values, pipelining, and command atomicity",WORKING,13,291,0.75,_ai-conspects/_knowledge/redis/values-and-command-atomicity.md,_ai-conspects/_knowledge/redis/values-and-command-atomicity.md#what-should-be-recallable,,,,,,,,
typescript.deep-partial-recursive-contracts,DeepPartial is an application-specific recursive contract,WORKING,13,292,1.50,_ai-conspects/_knowledge/typescript/deep-partial-recursive-contracts.md,_ai-conspects/_knowledge/typescript/deep-partial-recursive-contracts.md#what-should-be-recallable,,,,,,,,
typescript.interfaces-and-class-contracts,Interfaces and implements,WORKING,13,293,0.75,_ai-conspects/_knowledge/typescript/interfaces-and-class-contracts.md,_ai-conspects/_knowledge/typescript/interfaces-and-class-contracts.md#what-should-be-recallable,,,,,,,,
typescript.type-aliases-unions-and-interfaces,"Type aliases, unions, and interfaces",WORKING,13,294,0.75,_ai-conspects/_knowledge/typescript/type-aliases-unions-and-interfaces.md,_ai-conspects/_knowledge/typescript/type-aliases-unions-and-interfaces.md#what-should-be-recallable,,,,,,,,
http.rest-constraints-resource-and-method-semantics,"REST constraints, resource contracts, and method semantics",WORKING ↔ RECOGNITION,13,295,1.25,_ai-conspects/_knowledge/http/rest-constraints-resource-and-method-semantics.md,_ai-conspects/_knowledge/http/rest-constraints-resource-and-method-semantics.md#what-should-be-recallable,,,,,,,,
javascript.async-semaphore-permits-and-waiter-lifecycle,JavaScript async semaphore permits and waiter lifecycle,WORKING ↔ RECOGNITION,13,296,1.25,_ai-conspects/_knowledge/javascript/async-semaphore-permits-and-waiter-lifecycle.md,_ai-conspects/_knowledge/javascript/async-semaphore-permits-and-waiter-lifecycle.md#what-should-be-recallable,,,,,,,,
aspnet-core.claims-transformation-lifecycle,ASP.NET Core claims transformation lifecycle,WORKING ↔ RECOGNITION,13,297,1.00,_ai-conspects/_knowledge/aspnet-core/claims-transformation-lifecycle.md,_ai-conspects/_knowledge/aspnet-core/claims-transformation-lifecycle.md#what-should-be-recallable,,,,,,,,
aspnet-core.data-protection-reset-tokens,Data Protection password-reset tokens,WORKING ↔ RECOGNITION,13,298,0.75,_ai-conspects/_knowledge/aspnet-core/data-protection-reset-tokens.md,_ai-conspects/_knowledge/aspnet-core/data-protection-reset-tokens.md#what-should-be-recallable,,,,,,,,
aspnet-core.otpauth-uri-construction,otpauth URI construction for TOTP provisioning,WORKING ↔ RECOGNITION,13,299,1.00,_ai-conspects/_knowledge/aspnet-core/otpauth-uri-construction.md,_ai-conspects/_knowledge/aspnet-core/otpauth-uri-construction.md#what-should-be-recallable,,,,,,,,
ef-core.retry-buffering-and-streaming-behavior,EF Core retry buffering and streaming behavior,WORKING ↔ RECOGNITION,13,300,1.00,_ai-conspects/_knowledge/ef-core/retry-buffering-and-streaming-behavior.md,_ai-conspects/_knowledge/ef-core/retry-buffering-and-streaming-behavior.md#what-should-be-recallable,,,,,,,,
javascript.symbol-identity-and-registry,JavaScript Symbol identity and registry,WORKING ↔ RECOGNITION,13,301,0.75,_ai-conspects/_knowledge/javascript/symbol-identity-and-registry.md,_ai-conspects/_knowledge/javascript/symbol-identity-and-registry.md#what-should-be-recallable,,,,,,,,
ef-core.stored-procedure-cud-mapping-and-concurrency,EF Core stored-procedure CUD mapping and concurrency,WORKING ↔ RECOGNITION,13,302,1.50,_ai-conspects/_knowledge/ef-core/stored-procedure-cud-mapping-and-concurrency.md,_ai-conspects/_knowledge/ef-core/stored-procedure-cud-mapping-and-concurrency.md#what-should-be-recallable,,,,,,,,
react-hook-form.subscriptions-and-render-isolation,"Value subscriptions, form-state subscriptions, and render isolation",WORKING ↔ RECOGNITION,14,303,1.25,_ai-conspects/_knowledge/react-hook-form/subscriptions-and-render-isolation.md,_ai-conspects/_knowledge/react-hook-form/subscriptions-and-render-isolation.md#what-should-be-recallable,,,,,,,,
react-query.cache-observers-and-auth-refresh,React Query cache observers and auth refresh,WORKING ↔ RECOGNITION,14,304,1.25,_ai-conspects/_knowledge/react-query/cache-observers-and-auth-refresh.md,_ai-conspects/_knowledge/react-query/cache-observers-and-auth-refresh.md#what-should-be-recallable,,,,,,,,
react-query.queryclient-refetch-cancel-and-cache-helpers,"QueryClient refetch, cancellation, and cache helpers",WORKING ↔ RECOGNITION,14,305,4.00,_ai-conspects/_knowledge/react-query/queryclient-refetch-cancel-and-cache-helpers.md,_ai-conspects/_knowledge/react-query/queryclient-refetch-cancel-and-cache-helpers.md#what-should-be-recallable,,,,,,,,
react.recaptcha-v2-v3-widget-and-token-lifecycle,React reCAPTCHA v2/v3 widget and token lifecycle,WORKING ↔ RECOGNITION,14,306,1.25,_ai-conspects/_knowledge/react/recaptcha-v2-v3-widget-and-token-lifecycle.md,_ai-conspects/_knowledge/react/recaptcha-v2-v3-widget-and-token-lifecycle.md#what-should-be-recallable,,,,,,,,
react.transitions-suspense-and-query-cancellation,"Transitions, Suspense, and query cancellation",WORKING ↔ RECOGNITION,14,307,5.50,_ai-conspects/_knowledge/react/transitions-suspense-and-query-cancellation.md,_ai-conspects/_knowledge/react/transitions-suspense-and-query-cancellation.md#what-should-be-recallable,,,,,,,,
axios.interceptor-lifecycle-status-and-token-refresh,"Axios interceptor lifecycle, status policy, and token refresh",WORKING ↔ RECOGNITION,14,308,1.50,_ai-conspects/_knowledge/axios/interceptor-lifecycle-status-and-token-refresh.md,_ai-conspects/_knowledge/axios/interceptor-lifecycle-status-and-token-refresh.md#what-should-be-recallable,,,,,,,,
axios.typed-client-boundaries,Typed Axios clients and runtime boundaries,WORKING ↔ RECOGNITION,14,309,1.25,_ai-conspects/_knowledge/axios/typed-client-boundaries.md,_ai-conspects/_knowledge/axios/typed-client-boundaries.md#what-should-be-recallable,,,,,,,,
dotnet.iterator-disposal-and-finally-cleanup,Iterator disposal and finally cleanup,WORKING ↔ RECOGNITION,14,310,1.25,_ai-conspects/_knowledge/dotnet/iterator-disposal-and-finally-cleanup.md,_ai-conspects/_knowledge/dotnet/iterator-disposal-and-finally-cleanup.md#what-should-be-recallable,,,,,,,,
sql-server.mars-transactions-savepoints-and-tradeoffs,"SQL Server MARS transactions, savepoints, and tradeoffs",RECOGNITION,14,311,1.00,_ai-conspects/_knowledge/sql-server/mars-transactions-savepoints-and-tradeoffs.md,_ai-conspects/_knowledge/sql-server/mars-transactions-savepoints-and-tradeoffs.md#what-should-be-recallable,,,,,,,,
http.accept-negotiation-ranking-and-selection,Accept negotiation ranking and deterministic selection,RECOGNITION,14,312,1.50,_ai-conspects/_knowledge/http/accept-negotiation-ranking-and-selection.md,_ai-conspects/_knowledge/http/accept-negotiation-ranking-and-selection.md#what-should-be-recallable,,,,,,,,
http.content-disposition-filenames,Content-Disposition behavior and safe filenames,RECOGNITION,14,313,1.00,_ai-conspects/_knowledge/http/content-disposition-filenames.md,_ai-conspects/_knowledge/http/content-disposition-filenames.md#what-should-be-recallable,,,,,,,,
http.hypermedia-links-and-representation-negotiation,Hypermedia links and representation negotiation,RECOGNITION,14,314,1.00,_ai-conspects/_knowledge/http/hypermedia-links-and-representation-negotiation.md,_ai-conspects/_knowledge/http/hypermedia-links-and-representation-negotiation.md#what-should-be-recallable,,,,,,,,
javascript.browser-download-navigation-and-blob-urls,Browser download navigation and Blob URL lifecycle,RECOGNITION,14,315,1.50,_ai-conspects/_knowledge/javascript/browser-download-navigation-and-blob-urls.md,_ai-conspects/_knowledge/javascript/browser-download-navigation-and-blob-urls.md#what-should-be-recallable,,,,,,,,
javascript.browsing-contexts-popups-and-targets,"Browser browsing contexts, popups, and navigation targets",RECOGNITION,14,316,1.25,_ai-conspects/_knowledge/javascript/browsing-contexts-popups-and-targets.md,_ai-conspects/_knowledge/javascript/browsing-contexts-popups-and-targets.md#what-should-be-recallable,,,,,,,,
javascript.eventsource-client-lifecycle,Browser EventSource client lifecycle,RECOGNITION,14,317,1.25,_ai-conspects/_knowledge/javascript/eventsource-client-lifecycle.md,_ai-conspects/_knowledge/javascript/eventsource-client-lifecycle.md#what-should-be-recallable,,,,,,,,
javascript.fetch-requestinit-and-request-object,Fetch RequestInit and Request browser controls,RECOGNITION,14,318,1.50,_ai-conspects/_knowledge/javascript/fetch-requestinit-and-request-object.md,_ai-conspects/_knowledge/javascript/fetch-requestinit-and-request-object.md#what-should-be-recallable,,,,,,,,
javascript.file-system-access-save-and-streaming,"File System Access save, streaming, and writer lifecycle",RECOGNITION,14,319,1.50,_ai-conspects/_knowledge/javascript/file-system-access-save-and-streaming.md,_ai-conspects/_knowledge/javascript/file-system-access-save-and-streaming.md#what-should-be-recallable,,,,,,,,
javascript.url-encoding-components,JavaScript URL and component encoding,RECOGNITION,14,320,0.75,_ai-conspects/_knowledge/javascript/url-encoding-components.md,_ai-conspects/_knowledge/javascript/url-encoding-components.md#what-should-be-recallable,,,,,,,,
sql-server.database-creation-files-system-databases-and-batches,"SQL Server database creation, files, system databases, and batches",RECOGNITION,14,321,2.25,_ai-conspects/_knowledge/sql-server/database-creation-files-system-databases-and-batches.md,_ai-conspects/_knowledge/sql-server/database-creation-files-system-databases-and-batches.md#what-should-be-recallable,,,,,,,,
sql-server.date-extraction-formatting-and-sargability,"SQL Server date extraction, formatting, and SARGability",RECOGNITION,15,322,1.00,_ai-conspects/_knowledge/sql-server/date-extraction-formatting-and-sargability.md,_ai-conspects/_knowledge/sql-server/date-extraction-formatting-and-sargability.md#what-should-be-recallable,,,,,,,,
sql-server.dml-output-rowcount-and-table-variables,"SQL Server DML, OUTPUT, row counts, and table variables",RECOGNITION,15,323,2.00,_ai-conspects/_knowledge/sql-server/dml-output-rowcount-and-table-variables.md,_ai-conspects/_knowledge/sql-server/dml-output-rowcount-and-table-variables.md#what-should-be-recallable,,,,,,,,
sql-server.indexed-view-materialization-and-write-cost,SQL Server indexed-view materialization and write cost,RECOGNITION,15,324,1.50,_ai-conspects/_knowledge/sql-server/indexed-view-materialization-and-write-cost.md,_ai-conspects/_knowledge/sql-server/indexed-view-materialization-and-write-cost.md#what-should-be-recallable,,,,,,,,
sql-server.indexed-view-schemabinding-and-eligibility,SQL Server indexed-view schemabinding and eligibility,RECOGNITION,15,325,1.25,_ai-conspects/_knowledge/sql-server/indexed-view-schemabinding-and-eligibility.md,_ai-conspects/_knowledge/sql-server/indexed-view-schemabinding-and-eligibility.md#what-should-be-recallable,,,,,,,,
sql-server.offset-fetch-and-top,SQL Server OFFSET/FETCH and TOP,RECOGNITION,15,326,1.00,_ai-conspects/_knowledge/sql-server/offset-fetch-and-top.md,_ai-conspects/_knowledge/sql-server/offset-fetch-and-top.md#what-should-be-recallable,,,,,,,,
sql-server.row-string-aggregation,SQL Server row string aggregation,RECOGNITION,15,327,1.00,_ai-conspects/_knowledge/sql-server/row-string-aggregation.md,_ai-conspects/_knowledge/sql-server/row-string-aggregation.md#what-should-be-recallable,,,,,,,,
dotnet.conditionalweaktable-lifetime-associations,ConditionalWeakTable lifetime associations,RECOGNITION,15,328,1.00,_ai-conspects/_knowledge/dotnet/conditionalweaktable-lifetime-associations.md,_ai-conspects/_knowledge/dotnet/conditionalweaktable-lifetime-associations.md#what-should-be-recallable,,,,,,,,
dotnet.csharp-pointers-pinning-and-alternatives,"C# pointers, pinning, and managed alternatives",RECOGNITION,15,329,1.00,_ai-conspects/_knowledge/dotnet/csharp-pointers-pinning-and-alternatives.md,_ai-conspects/_knowledge/dotnet/csharp-pointers-pinning-and-alternatives.md#what-should-be-recallable,,,,,,,,
http.api-root-document-discovery,API root document and link discovery,RECOGNITION,15,330,0.75,_ai-conspects/_knowledge/http/api-root-document-discovery.md,_ai-conspects/_knowledge/http/api-root-document-discovery.md#what-should-be-recallable,,,,,,,,
http.dotnet-header-representation,HTTP header ownership and .NET representations,RECOGNITION,15,331,1.00,_ai-conspects/_knowledge/http/dotnet-header-representation.md,_ai-conspects/_knowledge/http/dotnet-header-representation.md#what-should-be-recallable,,,,,,,,
http.location-header,Location header semantics,RECOGNITION,15,332,0.75,_ai-conspects/_knowledge/http/location-header.md,_ai-conspects/_knowledge/http/location-header.md#what-should-be-recallable,,,,,,,,
algorithms.binary-code-coverage-sliding-window,Binary-code coverage with a rolling sliding window,RECOGNITION,15,333,1.25,_ai-conspects/_knowledge/algorithms/binary-code-coverage-sliding-window.md,_ai-conspects/_knowledge/algorithms/binary-code-coverage-sliding-window.md#what-should-be-recallable,,,,,,,,
algorithms.fixed-width-bitmask-window,Fixed-width rolling windows with a low-bit mask,RECOGNITION,15,334,1.00,_ai-conspects/_knowledge/algorithms/fixed-width-bitmask-window.md,_ai-conspects/_knowledge/algorithms/fixed-width-bitmask-window.md#what-should-be-recallable,,,,,,,,
dotnet.regex-balancing-groups,.NET Regex balancing groups,RECOGNITION,15,335,0.75,_ai-conspects/_knowledge/dotnet/regex-balancing-groups.md,_ai-conspects/_knowledge/dotnet/regex-balancing-groups.md#what-should-be-recallable,,,,,,,,
dotnet.regex-inline-option-scopes,.NET Regex inline option scopes,RECOGNITION,15,336,0.75,_ai-conspects/_knowledge/dotnet/regex-inline-option-scopes.md,_ai-conspects/_knowledge/dotnet/regex-inline-option-scopes.md#what-should-be-recallable,,,,,,,,
dotnet.regex-operations-and-safety,.NET Regex operations and safety,RECOGNITION,15,337,1.00,_ai-conspects/_knowledge/dotnet/regex-operations-and-safety.md,_ai-conspects/_knowledge/dotnet/regex-operations-and-safety.md#what-should-be-recallable,,,,,,,,
dotnet.regex-replacement-options-and-state,Regex replacement options and per-call state,RECOGNITION,15,338,0.75,_ai-conspects/_knowledge/dotnet/regex-replacement-options-and-state.md,_ai-conspects/_knowledge/dotnet/regex-replacement-options-and-state.md#what-should-be-recallable,,,,,,,,
javascript.xhr-lifecycle-progress-and-streaming,"XMLHttpRequest lifecycle, progress, and streaming limits",RECOGNITION,15,339,1.25,_ai-conspects/_knowledge/javascript/xhr-lifecycle-progress-and-streaming.md,_ai-conspects/_knowledge/javascript/xhr-lifecycle-progress-and-streaming.md#what-should-be-recallable,,,,,,,,
sql-server.mars-reader-interleaving-and-yield-points,SQL Server MARS reader interleaving and yield points,RECOGNITION,15,340,1.50,_ai-conspects/_knowledge/sql-server/mars-reader-interleaving-and-yield-points.md,_ai-conspects/_knowledge/sql-server/mars-reader-interleaving-and-yield-points.md#what-should-be-recallable,,,,,,,,
sql-server.openjson-relational-shaping,SQL Server OPENJSON relational shaping,RECOGNITION,15,341,0.75,_ai-conspects/_knowledge/sql-server/openjson-relational-shaping.md,_ai-conspects/_knowledge/sql-server/openjson-relational-shaping.md#what-should-be-recallable,,,,,,,,
sql-server.pivot-unpivot-shaping,SQL Server PIVOT and UNPIVOT shaping,RECOGNITION,15,342,0.75,_ai-conspects/_knowledge/sql-server/pivot-unpivot-shaping.md,_ai-conspects/_knowledge/sql-server/pivot-unpivot-shaping.md#what-should-be-recallable,,,,,,,,
aspnet-core.collection-filter-search-query-composition,Collection filtering and search query composition,RECOGNITION,15,343,1.25,_ai-conspects/_knowledge/aspnet-core/collection-filter-search-query-composition.md,_ai-conspects/_knowledge/aspnet-core/collection-filter-search-query-composition.md#what-should-be-recallable,,,,,,,,
aspnet-core.endpoint-metadata-and-mvc-action-descriptors,Endpoint metadata and MVC action descriptors,RECOGNITION,15,344,1.50,_ai-conspects/_knowledge/aspnet-core/endpoint-metadata-and-mvc-action-descriptors.md,_ai-conspects/_knowledge/aspnet-core/endpoint-metadata-and-mvc-action-descriptors.md#what-should-be-recallable,,,,,,,,
aspnet-core.explicit-route-order-overrides-and-non-fallback-boundary,Explicit route order: overrides and the non-fallback boundary,RECOGNITION,15,345,1.50,_ai-conspects/_knowledge/aspnet-core/explicit-route-order-overrides-and-non-fallback-boundary.md,_ai-conspects/_knowledge/aspnet-core/explicit-route-order-overrides-and-non-fallback-boundary.md#what-should-be-recallable,,,,,,,,
aspnet-core.json-dom-model-binding-and-dynamic-values,JSON DOM model binding and dynamic runtime values,RECOGNITION,15,346,1.75,_ai-conspects/_knowledge/aspnet-core/json-dom-model-binding-and-dynamic-values.md,_ai-conspects/_knowledge/aspnet-core/json-dom-model-binding-and-dynamic-values.md#what-should-be-recallable,,,,,,,,
aspnet-core.mvc-action-constraints-selection-and-validation-boundary,MVC action constraints: selection and validation boundary,RECOGNITION,15,347,1.25,_ai-conspects/_knowledge/aspnet-core/mvc-action-constraints-selection-and-validation-boundary.md,_ai-conspects/_knowledge/aspnet-core/mvc-action-constraints-selection-and-validation-boundary.md#what-should-be-recallable,,,,,,,,
aspnet-core.mvc-application-controller-and-action-models,"MVC ApplicationModel, ControllerModel, and ActionModel",RECOGNITION,15,348,1.75,_ai-conspects/_knowledge/aspnet-core/mvc-application-controller-and-action-models.md,_ai-conspects/_knowledge/aspnet-core/mvc-application-controller-and-action-models.md#what-should-be-recallable,,,,,,,,
aspnet-core.mvc-application-model-convention-lifecycle,MVC application-model convention lifecycle and scope,RECOGNITION,16,349,1.50,_ai-conspects/_knowledge/aspnet-core/mvc-application-model-convention-lifecycle.md,_ai-conspects/_knowledge/aspnet-core/mvc-application-model-convention-lifecycle.md#what-should-be-recallable,,,,,,,,
aspnet-core.mvc-display-editor-templates,MVC display and editor templates,RECOGNITION,16,350,1.00,_ai-conspects/_knowledge/aspnet-core/mvc-display-editor-templates.md,_ai-conspects/_knowledge/aspnet-core/mvc-display-editor-templates.md#what-should-be-recallable,,,,,,,,
aspnet-core.mvc-exception-filters-and-error-results,MVC exception filters and error results,RECOGNITION,16,351,1.50,_ai-conspects/_knowledge/aspnet-core/mvc-exception-filters-and-error-results.md,_ai-conspects/_knowledge/aspnet-core/mvc-exception-filters-and-error-results.md#what-should-be-recallable,,,,,,,,
aspnet-core.mvc-filter-activation-di-and-factories,"MVC filter activation, DI, and factories",RECOGNITION,16,352,1.50,_ai-conspects/_knowledge/aspnet-core/mvc-filter-activation-di-and-factories.md,_ai-conspects/_knowledge/aspnet-core/mvc-filter-activation-di-and-factories.md#what-should-be-recallable,,,,,,,,
aspnet-core.mvc-filter-pipeline-stages-and-ordering,MVC filter pipeline stages and ordering,RECOGNITION,16,353,1.75,_ai-conspects/_knowledge/aspnet-core/mvc-filter-pipeline-stages-and-ordering.md,_ai-conspects/_knowledge/aspnet-core/mvc-filter-pipeline-stages-and-ordering.md#what-should-be-recallable,,,,,,,,
aspnet-core.mvc-filters-vs-middleware-selection-and-lifetimes,MVC filters versus middleware: selection and lifetimes,RECOGNITION,16,354,1.50,_ai-conspects/_knowledge/aspnet-core/mvc-filters-vs-middleware-selection-and-lifetimes.md,_ai-conspects/_knowledge/aspnet-core/mvc-filters-vs-middleware-selection-and-lifetimes.md#what-should-be-recallable,,,,,,,,
aspnet-core.mvc-resource-action-and-result-filter-mechanics,"MVC resource, action, and result filter mechanics",RECOGNITION,16,355,1.75,_ai-conspects/_knowledge/aspnet-core/mvc-resource-action-and-result-filter-mechanics.md,_ai-conspects/_knowledge/aspnet-core/mvc-resource-action-and-result-filter-mechanics.md#what-should-be-recallable,,,,,,,,
aspnet-core.rate-limiter-policies-and-endpoint-middleware,ASP.NET Core rate-limiter policies and endpoint middleware,RECOGNITION,16,356,1.00,_ai-conspects/_knowledge/aspnet-core/rate-limiter-policies-and-endpoint-middleware.md,_ai-conspects/_knowledge/aspnet-core/rate-limiter-policies-and-endpoint-middleware.md#what-should-be-recallable,,,,,,,,
aspnet-core.request-decompression-stream-ownership,ASP.NET Core request decompression and stream ownership,RECOGNITION,16,357,0.75,_ai-conspects/_knowledge/aspnet-core/request-decompression-stream-ownership.md,_ai-conspects/_knowledge/aspnet-core/request-decompression-stream-ownership.md#what-should-be-recallable,,,,,,,,
aspnet-core.websocket-endpoint-lifecycle-and-security,ASP.NET Core WebSocket endpoint lifecycle and security,RECOGNITION,16,358,1.50,_ai-conspects/_knowledge/aspnet-core/websocket-endpoint-lifecycle-and-security.md,_ai-conspects/_knowledge/aspnet-core/websocket-endpoint-lifecycle-and-security.md#what-should-be-recallable,,,,,,,,
ef-core.changetracker-detection-cascade-and-save-lifecycle,"ChangeTracker detection, cascade timing, and save lifecycle",RECOGNITION,16,359,2.50,_ai-conspects/_knowledge/ef-core/changetracker-detection-cascade-and-save-lifecycle.md,_ai-conspects/_knowledge/ef-core/changetracker-detection-cascade-and-save-lifecycle.md#what-should-be-recallable,,,,,,,,
ef-core.changetracker-tracking-and-state-events,"ChangeTracker Tracking, Tracked, and state-change events",RECOGNITION,16,360,1.75,_ai-conspects/_knowledge/ef-core/changetracker-tracking-and-state-events.md,_ai-conspects/_knowledge/ef-core/changetracker-tracking-and-state-events.md#what-should-be-recallable,,,,,,,,
ef-core.dbcontext-pooling-tenant-and-connection-state,"EF Core DbContext pooling, tenant state, and connection cleanup",RECOGNITION,16,361,1.00,_ai-conspects/_knowledge/ef-core/dbcontext-pooling-tenant-and-connection-state.md,_ai-conspects/_knowledge/ef-core/dbcontext-pooling-tenant-and-connection-state.md#what-should-be-recallable,,,,,,,,
ef-core.linq-relational-translation-shapes,EF Core LINQ relational translation shapes,RECOGNITION,16,362,1.00,_ai-conspects/_knowledge/ef-core/linq-relational-translation-shapes.md,_ai-conspects/_knowledge/ef-core/linq-relational-translation-shapes.md#what-should-be-recallable,,,,,,,,
ef-core.query-performance-shape-diagnostics-and-batching,"EF Core query shape, diagnostics, and batching",RECOGNITION,16,363,1.00,_ai-conspects/_knowledge/ef-core/query-performance-shape-diagnostics-and-batching.md,_ai-conspects/_knowledge/ef-core/query-performance-shape-diagnostics-and-batching.md#what-should-be-recallable,,,,,,,,
ef-core.savechanges-flush-lifecycle-and-rollback-scope,EF Core SaveChanges flush lifecycle and rollback scope,RECOGNITION,16,364,1.25,_ai-conspects/_knowledge/ef-core/savechanges-flush-lifecycle-and-rollback-scope.md,_ai-conspects/_knowledge/ef-core/savechanges-flush-lifecycle-and-rollback-scope.md#what-should-be-recallable,,,,,,,,
ef-core.savechanges-generated-values-batching-and-changetracker,"EF Core SaveChanges generated values, batching, and ChangeTracker.Clear",RECOGNITION,16,365,1.25,_ai-conspects/_knowledge/ef-core/savechanges-generated-values-batching-and-changetracker.md,_ai-conspects/_knowledge/ef-core/savechanges-generated-values-batching-and-changetracker.md#what-should-be-recallable,,,,,,,,
ef-core.stored-procedure-query-command-and-composition,"EF Core stored-procedure query, command, and composition boundaries",RECOGNITION,16,366,1.25,_ai-conspects/_knowledge/ef-core/stored-procedure-query-command-and-composition.md,_ai-conspects/_knowledge/ef-core/stored-procedure-query-command-and-composition.md#what-should-be-recallable,,,,,,,,
aspnet-core.cache-control-headers-responsecache-attribute-and-middleware,"Cache-Control headers, ResponseCacheAttribute, and Response Caching middleware",RECOGNITION,16,367,2.75,_ai-conspects/_knowledge/aspnet-core/cache-control-headers-responsecache-attribute-and-middleware.md,_ai-conspects/_knowledge/aspnet-core/cache-control-headers-responsecache-attribute-and-middleware.md#what-should-be-recallable,,,,,,,,
aspnet-core.cookie-policy-consent-and-defaults,"ASP.NET Core cookie policy, consent, and defaults",RECOGNITION,16,368,0.75,_ai-conspects/_knowledge/aspnet-core/cookie-policy-consent-and-defaults.md,_ai-conspects/_knowledge/aspnet-core/cookie-policy-consent-and-defaults.md#what-should-be-recallable,,,,,,,,
aspnet-core.exception-middleware-response-lifecycle,Exception middleware response lifecycle and status mapping,RECOGNITION,16,369,1.75,_ai-conspects/_knowledge/aspnet-core/exception-middleware-response-lifecycle.md,_ai-conspects/_knowledge/aspnet-core/exception-middleware-response-lifecycle.md#what-should-be-recallable,,,,,,,,
aspnet-core.jquery-unobtrusive-validation-for-dynamic-forms,jQuery unobtrusive validation for dynamic ASP.NET Core forms,RECOGNITION,17,370,1.00,_ai-conspects/_knowledge/aspnet-core/jquery-unobtrusive-validation-for-dynamic-forms.md,_ai-conspects/_knowledge/aspnet-core/jquery-unobtrusive-validation-for-dynamic-forms.md#what-should-be-recallable,,,,,,,,
aspnet-core.mvc-parameter-selector-route-and-api-explorer-models,"MVC parameter, selector, route, and API Explorer models",RECOGNITION,17,371,1.75,_ai-conspects/_knowledge/aspnet-core/mvc-parameter-selector-route-and-api-explorer-models.md,_ai-conspects/_knowledge/aspnet-core/mvc-parameter-selector-route-and-api-explorer-models.md#what-should-be-recallable,,,,,,,,
aspnet-core.options-configuration-pipeline-and-di,ASP.NET Core options configuration pipeline and dependency injection,RECOGNITION,17,372,1.50,_ai-conspects/_knowledge/aspnet-core/options-configuration-pipeline-and-di.md,_ai-conspects/_knowledge/aspnet-core/options-configuration-pipeline-and-di.md#what-should-be-recallable,,,,,,,,
aspnet-core.patch-models-application-and-validation,"ASP.NET Core PATCH models, application, and validation",RECOGNITION,17,373,1.50,_ai-conspects/_knowledge/aspnet-core/patch-models-application-and-validation.md,_ai-conspects/_knowledge/aspnet-core/patch-models-application-and-validation.md#what-should-be-recallable,,,,,,,,
css.flex-centering-axes-and-defaults,"CSS flex centering, axes, and defaults",RECOGNITION,17,374,1.00,_ai-conspects/_knowledge/css/flex-centering-axes-and-defaults.md,_ai-conspects/_knowledge/css/flex-centering-axes-and-defaults.md#what-should-be-recallable,,,,,,,,
dotnet.expression-tree-method-calls-and-provider-boundaries,Expression-tree method calls and provider boundaries,RECOGNITION,17,375,1.00,_ai-conspects/_knowledge/dotnet/expression-tree-method-calls-and-provider-boundaries.md,_ai-conspects/_knowledge/dotnet/expression-tree-method-calls-and-provider-boundaries.md#what-should-be-recallable,,,,,,,,
dotnet.hashset-operations-and-ownership,HashSet operations and ownership,RECOGNITION,17,376,0.75,_ai-conspects/_knowledge/dotnet/hashset-operations-and-ownership.md,_ai-conspects/_knowledge/dotnet/hashset-operations-and-ownership.md#what-should-be-recallable,,,,,,,,
dotnet.linq-materialization-casting-and-provider-boundaries,"LINQ materialization, casting, and provider boundaries",RECOGNITION,17,377,1.00,_ai-conspects/_knowledge/dotnet/linq-materialization-casting-and-provider-boundaries.md,_ai-conspects/_knowledge/dotnet/linq-materialization-casting-and-provider-boundaries.md#what-should-be-recallable,,,,,,,,
dotnet.pipewriter-buffer-advance-flush-and-batching,"PipeWriter buffer ownership, Advance, Flush, and batching",RECOGNITION,17,378,1.00,_ai-conspects/_knowledge/dotnet/pipewriter-buffer-advance-flush-and-batching.md,_ai-conspects/_knowledge/dotnet/pipewriter-buffer-advance-flush-and-batching.md#what-should-be-recallable,,,,,,,,
dotnet.string-index-search,C# string index search,RECOGNITION,17,379,1.00,_ai-conspects/_knowledge/dotnet/string-index-search.md,_ai-conspects/_knowledge/dotnet/string-index-search.md#what-should-be-recallable,,,,,,,,
dotnet.string-slicing,"C# substring, ranges, spans, and text boundaries",RECOGNITION,17,380,0.50,_ai-conspects/_knowledge/dotnet/string-slicing.md,_ai-conspects/_knowledge/dotnet/string-slicing.md#what-should-be-recallable,,,,,,,,
dotnet.string-split-and-parser-boundary,C# String.Split and parser boundaries,RECOGNITION,17,381,1.00,_ai-conspects/_knowledge/dotnet/string-split-and-parser-boundary.md,_ai-conspects/_knowledge/dotnet/string-split-and-parser-boundary.md#what-should-be-recallable,,,,,,,,
ef-core.index-configuration,EF Core index configuration,RECOGNITION,17,382,1.00,_ai-conspects/_knowledge/ef-core/index-configuration.md,_ai-conspects/_knowledge/ef-core/index-configuration.md#what-should-be-recallable,,,,,,,,
javascript.array-index-iteration,JavaScript array index iteration,RECOGNITION,17,383,1.00,_ai-conspects/_knowledge/javascript/array-index-iteration.md,_ai-conspects/_knowledge/javascript/array-index-iteration.md#what-should-be-recallable,,,,,,,,
javascript.array-join-and-serialization,JavaScript array join and serialization boundaries,RECOGNITION,17,384,1.00,_ai-conspects/_knowledge/javascript/array-join-and-serialization.md,_ai-conspects/_knowledge/javascript/array-join-and-serialization.md#what-should-be-recallable,,,,,,,,
javascript.index-search-apis,JavaScript index and search APIs,RECOGNITION,17,385,1.00,_ai-conspects/_knowledge/javascript/index-search-apis.md,_ai-conspects/_knowledge/javascript/index-search-apis.md#what-should-be-recallable,,,,,,,,
javascript.readable-stream-consumption-and-tee,"ReadableStream consumption, locking, and tee branching",RECOGNITION,17,386,1.25,_ai-conspects/_knowledge/javascript/readable-stream-consumption-and-tee.md,_ai-conspects/_knowledge/javascript/readable-stream-consumption-and-tee.md#what-should-be-recallable,,,,,,,,
javascript.set-basics,JavaScript Set basics and value identity,RECOGNITION,17,387,0.75,_ai-conspects/_knowledge/javascript/set-basics.md,_ai-conspects/_knowledge/javascript/set-basics.md#what-should-be-recallable,,,,,,,,
javascript.web-storage-api,Web Storage API and string serialization,RECOGNITION,17,388,1.00,_ai-conspects/_knowledge/javascript/web-storage-api.md,_ai-conspects/_knowledge/javascript/web-storage-api.md#what-should-be-recallable,,,,,,,,
react-hook-form.defaults-reset-and-async-edit-flows,"Defaults, reset semantics, and asynchronous edit flows",RECOGNITION,17,389,1.25,_ai-conspects/_knowledge/react-hook-form/defaults-reset-and-async-edit-flows.md,_ai-conspects/_knowledge/react-hook-form/defaults-reset-and-async-edit-flows.md#what-should-be-recallable,,,,,,,,
react-hook-form.field-array-identity-and-operations,"Field-array identity, ordering, and structural operations",RECOGNITION,17,390,1.50,_ai-conspects/_knowledge/react-hook-form/field-array-identity-and-operations.md,_ai-conspects/_knowledge/react-hook-form/field-array-identity-and-operations.md#what-should-be-recallable,,,,,,,,
react-query.cache-removal-reset-and-invalidation,"React Query cache removal, reset, and invalidation",RECOGNITION,17,391,1.75,_ai-conspects/_knowledge/react-query/cache-removal-reset-and-invalidation.md,_ai-conspects/_knowledge/react-query/cache-removal-reset-and-invalidation.md#what-should-be-recallable,,,,,,,,
react-query.conditional-query-execution-and-ui,Conditional React Query execution and UI,RECOGNITION,17,392,2.50,_ai-conspects/_knowledge/react-query/conditional-query-execution-and-ui.md,_ai-conspects/_knowledge/react-query/conditional-query-execution-and-ui.md#what-should-be-recallable,,,,,,,,
react-query.error-boundaries-throwonerror-and-reset,"React Query error boundaries, throwOnError, and reset",RECOGNITION,17,393,4.25,_ai-conspects/_knowledge/react-query/error-boundaries-throwonerror-and-reset.md,_ai-conspects/_knowledge/react-query/error-boundaries-throwonerror-and-reset.md#what-should-be-recallable,,,,,,,,
react-query.observer-cache-lifecycle-gctime-and-polling,"React Query observer lifecycle, gcTime, and polling",RECOGNITION,18,394,3.00,_ai-conspects/_knowledge/react-query/observer-cache-lifecycle-gctime-and-polling.md,_ai-conspects/_knowledge/react-query/observer-cache-lifecycle-gctime-and-polling.md#what-should-be-recallable,,,,,,,,
react-query.pagination-and-infinite-queries,React Query pagination and infinite queries,RECOGNITION,18,395,4.25,_ai-conspects/_knowledge/react-query/pagination-and-infinite-queries.md,_ai-conspects/_knowledge/react-query/pagination-and-infinite-queries.md#what-should-be-recallable,,,,,,,,
react-query.prefetch-initialdata-placeholderdata-and-ensure,"React Query prefetch, initialData, placeholderData, and ensure APIs",RECOGNITION,18,396,3.25,_ai-conspects/_knowledge/react-query/prefetch-initialdata-placeholderdata-and-ensure.md,_ai-conspects/_knowledge/react-query/prefetch-initialdata-placeholderdata-and-ensure.md#what-should-be-recallable,,,,,,,,
react-query.query-composition-usequeries-and-dependencies,React Query composition with useQueries and dependent queries,RECOGNITION,18,397,3.00,_ai-conspects/_knowledge/react-query/query-composition-usequeries-and-dependencies.md,_ai-conspects/_knowledge/react-query/query-composition-usequeries-and-dependencies.md#what-should-be-recallable,,,,,,,,
react-query.query-defaults-key-and-option-factories,"React Query defaults, key factories, and option factories",RECOGNITION,18,398,2.25,_ai-conspects/_knowledge/react-query/query-defaults-key-and-option-factories.md,_ai-conspects/_knowledge/react-query/query-defaults-key-and-option-factories.md#what-should-be-recallable,,,,,,,,
react-query.queryclient-filters-and-core-methods,QueryClient filters and core methods,RECOGNITION,18,399,3.25,_ai-conspects/_knowledge/react-query/queryclient-filters-and-core-methods.md,_ai-conspects/_knowledge/react-query/queryclient-filters-and-core-methods.md#what-should-be-recallable,,,,,,,,
react-query.queryclient-outside-react-and-shape-discipline,Using QueryClient outside React and preserving cache shape,RECOGNITION,18,400,2.75,_ai-conspects/_knowledge/react-query/queryclient-outside-react-and-shape-discipline.md,_ai-conspects/_knowledge/react-query/queryclient-outside-react-and-shape-discipline.md#what-should-be-recallable,,,,,,,,
react-query.select-notifications-and-structural-sharing,"React Query select, notifications, and structural sharing",RECOGNITION,18,401,2.50,_ai-conspects/_knowledge/react-query/select-notifications-and-structural-sharing.md,_ai-conspects/_knowledge/react-query/select-notifications-and-structural-sharing.md#what-should-be-recallable,,,,,,,,
react-query.selector-purity-observers-and-performance,"React Query selector purity, observers, and performance",RECOGNITION,18,402,4.75,_ai-conspects/_knowledge/react-query/selector-purity-observers-and-performance.md,_ai-conspects/_knowledge/react-query/selector-purity-observers-and-performance.md#what-should-be-recallable,,,,,,,,
react-query.suspense-query-behavior-and-dependencies,React Query Suspense behavior and query dependencies,RECOGNITION,18,403,5.00,_ai-conspects/_knowledge/react-query/suspense-query-behavior-and-dependencies.md,_ai-conspects/_knowledge/react-query/suspense-query-behavior-and-dependencies.md#what-should-be-recallable,,,,,,,,
react-query.testing-with-queryclient-and-msw,Testing React Query with QueryClient and MSW,RECOGNITION,19,404,4.50,_ai-conspects/_knowledge/react-query/testing-with-queryclient-and-msw.md,_ai-conspects/_knowledge/react-query/testing-with-queryclient-and-msw.md#what-should-be-recallable,,,,,,,,
react.deferred-value-background-rendering,React deferred values and background rendering,RECOGNITION,19,405,1.00,_ai-conspects/_knowledge/react/deferred-value-background-rendering.md,_ai-conspects/_knowledge/react/deferred-value-background-rendering.md#what-should-be-recallable,,,,,,,,
react.intersection-observer-lifecycle,IntersectionObserver lifecycle in React,RECOGNITION,19,406,0.75,_ai-conspects/_knowledge/react/intersection-observer-lifecycle.md,_ai-conspects/_knowledge/react/intersection-observer-lifecycle.md#what-should-be-recallable,,,,,,,,
react.latest-callback-ref,Stable subscriptions with the latest callback ref,RECOGNITION,19,407,0.75,_ai-conspects/_knowledge/react/latest-callback-ref.md,_ai-conspects/_knowledge/react/latest-callback-ref.md#what-should-be-recallable,,,,,,,,
react.react-router-fetchers-and-local-mutations,React Router fetchers and local mutations,RECOGNITION,19,408,1.75,_ai-conspects/_knowledge/react/react-router-fetchers-and-local-mutations.md,_ai-conspects/_knowledge/react/react-router-fetchers-and-local-mutations.md#what-should-be-recallable,,,,,,,,
react.react-router-forms-react-hook-form-and-history,"React Router forms, React Hook Form, and history",RECOGNITION,19,409,2.00,_ai-conspects/_knowledge/react/react-router-forms-react-hook-form-and-history.md,_ai-conspects/_knowledge/react/react-router-forms-react-hook-form-and-history.md#what-should-be-recallable,,,,,,,,
react.react-router-loaders-actions-and-testing,"React Router loaders, actions, and router-aware testing",RECOGNITION,19,410,2.00,_ai-conspects/_knowledge/react/react-router-loaders-actions-and-testing.md,_ai-conspects/_knowledge/react/react-router-loaders-actions-and-testing.md#what-should-be-recallable,,,,,,,,
react.react-router-matches-loader-data-handle-and-breadcrumbs,"React Router matches, shared loader data, handle, and breadcrumbs",RECOGNITION,19,411,1.75,_ai-conspects/_knowledge/react/react-router-matches-loader-data-handle-and-breadcrumbs.md,_ai-conspects/_knowledge/react/react-router-matches-loader-data-handle-and-breadcrumbs.md#what-should-be-recallable,,,,,,,,
react.react-router-revalidation-navigation-state-and-redirects,"React Router revalidation, navigation state, and redirects",RECOGNITION,19,412,2.00,_ai-conspects/_knowledge/react/react-router-revalidation-navigation-state-and-redirects.md,_ai-conspects/_knowledge/react/react-router-revalidation-navigation-state-and-redirects.md#what-should-be-recallable,,,,,,,,
react.react-router-route-errors-and-action-data,React Router route errors and action data,RECOGNITION,19,413,1.75,_ai-conspects/_knowledge/react/react-router-route-errors-and-action-data.md,_ai-conspects/_knowledge/react/react-router-route-errors-and-action-data.md#what-should-be-recallable,,,,,,,,
react.router-location-state-and-effects,React Router location state and effects,RECOGNITION,19,414,0.75,_ai-conspects/_knowledge/react/router-location-state-and-effects.md,_ai-conspects/_knowledge/react/router-location-state-and-effects.md#what-should-be-recallable,,,,,,,,
react.svg-import-contracts-and-accessibility,React SVG import contracts and accessibility,RECOGNITION,19,415,1.00,_ai-conspects/_knowledge/react/svg-import-contracts-and-accessibility.md,_ai-conspects/_knowledge/react/svg-import-contracts-and-accessibility.md#what-should-be-recallable,,,,,,,,
react.zustand-immer-persist-and-custom-middleware,"Zustand Immer, persistence, and custom middleware boundaries",RECOGNITION,19,416,3.25,_ai-conspects/_knowledge/react/zustand-immer-persist-and-custom-middleware.md,_ai-conspects/_knowledge/react/zustand-immer-persist-and-custom-middleware.md#what-should-be-recallable,,,,,,,,
react.zustand-selectors-async-actions-and-subscriptions,"Zustand selectors, async actions, and subscriptions",RECOGNITION,19,417,1.75,_ai-conspects/_knowledge/react/zustand-selectors-async-actions-and-subscriptions.md,_ai-conspects/_knowledge/react/zustand-selectors-async-actions-and-subscriptions.md#what-should-be-recallable,,,,,,,,
react.zustand-store-creation-and-update-semantics,Zustand store creation and update semantics,RECOGNITION,19,418,1.75,_ai-conspects/_knowledge/react/zustand-store-creation-and-update-semantics.md,_ai-conspects/_knowledge/react/zustand-store-creation-and-update-semantics.md#what-should-be-recallable,,,,,,,,
redis.connection-and-data-structures,Redis connection model and data structures,RECOGNITION,19,419,0.75,_ai-conspects/_knowledge/redis/connection-and-data-structures.md,_ai-conspects/_knowledge/redis/connection-and-data-structures.md#what-should-be-recallable,,,,,,,,
redis.server-key-scanning,Redis server facades and key scanning,RECOGNITION,19,420,0.50,_ai-conspects/_knowledge/redis/server-key-scanning.md,_ai-conspects/_knowledge/redis/server-key-scanning.md#what-should-be-recallable,,,,,,,,
redux.actions-slices-and-store,"Actions, slices, store, Provider, and selectors",RECOGNITION,19,421,1.75,_ai-conspects/_knowledge/redux/actions-slices-and-store.md,_ai-conspects/_knowledge/redux/actions-slices-and-store.md#what-should-be-recallable,,,,,,,,
redux.extra-reducers,Cross-slice and async reactions with extraReducers,RECOGNITION,19,422,1.50,_ai-conspects/_knowledge/redux/extra-reducers.md,_ai-conspects/_knowledge/redux/extra-reducers.md#what-should-be-recallable,,,,,,,,
redux.persist-reducers-transforms-and-rehydration,"Redux Persist reducers, transforms, migrations, and rehydration",RECOGNITION,20,423,2.75,_ai-conspects/_knowledge/redux/persist-reducers-transforms-and-rehydration.md,_ai-conspects/_knowledge/redux/persist-reducers-transforms-and-rehydration.md#what-should-be-recallable,,,,,,,,
sql-server.sqlbulkcopy-api-options-and-mappings,"SqlBulkCopy API, options, and column mappings",RECOGNITION,20,424,1.00,_ai-conspects/_knowledge/sql-server/sqlbulkcopy-api-options-and-mappings.md,_ai-conspects/_knowledge/sql-server/sqlbulkcopy-api-options-and-mappings.md#what-should-be-recallable,,,,,,,,
typescript.index-signatures-assertions-and-records,"Index signatures, assertions, and finite records",RECOGNITION,20,425,1.00,_ai-conspects/_knowledge/typescript/index-signatures-assertions-and-records.md,_ai-conspects/_knowledge/typescript/index-signatures-assertions-and-records.md#what-should-be-recallable,,,,,,,,
typescript.keyof-property-extraction,Generic property extraction with keyof,RECOGNITION,20,426,0.75,_ai-conspects/_knowledge/typescript/keyof-property-extraction.md,_ai-conspects/_knowledge/typescript/keyof-property-extraction.md#what-should-be-recallable,,,,,,,,
typescript.satisfies-inference-and-runtime-boundary,"TypeScript satisfies, inference, and runtime boundary",RECOGNITION,20,427,1.00,_ai-conspects/_knowledge/typescript/satisfies-inference-and-runtime-boundary.md,_ai-conspects/_knowledge/typescript/satisfies-inference-and-runtime-boundary.md#what-should-be-recallable,,,,,,,,
typescript.zod-discriminated-union-validation,Zod discriminated-union validation,RECOGNITION,20,428,1.25,_ai-conspects/_knowledge/typescript/zod-discriminated-union-validation.md,_ai-conspects/_knowledge/typescript/zod-discriminated-union-validation.md#what-should-be-recallable,,,,,,,,
typescript.zod-schema-validation-and-inference,"Zod schema validation, composition, and type inference",RECOGNITION,20,429,2.00,_ai-conspects/_knowledge/typescript/zod-schema-validation-and-inference.md,_ai-conspects/_knowledge/typescript/zod-schema-validation-and-inference.md#what-should-be-recallable,,,,,,,,
axios.files-and-query-serialization,"Axios files, binary responses, and query serialization",RECOGNITION,20,430,1.00,_ai-conspects/_knowledge/axios/files-and-query-serialization.md,_ai-conspects/_knowledge/axios/files-and-query-serialization.md#what-should-be-recallable,,,,,,,,
axios.payload-transforms-and-interceptor-boundaries,Axios payload transforms and interceptor boundaries,RECOGNITION,20,431,1.25,_ai-conspects/_knowledge/axios/payload-transforms-and-interceptor-boundaries.md,_ai-conspects/_knowledge/axios/payload-transforms-and-interceptor-boundaries.md#what-should-be-recallable,,,,,,,,
axios.request-configuration-and-instance-defaults,Axios request configuration and instance defaults,RECOGNITION,20,432,1.25,_ai-conspects/_knowledge/axios/request-configuration-and-instance-defaults.md,_ai-conspects/_knowledge/axios/request-configuration-and-instance-defaults.md#what-should-be-recallable,,,,,,,,
dotnet.format-strings-culture-and-round-trip,".NET format strings, culture, and round-trip output",RECOGNITION,20,433,3.00,_ai-conspects/_knowledge/dotnet/format-strings-culture-and-round-trip.md,_ai-conspects/_knowledge/dotnet/format-strings-culture-and-round-trip.md#what-should-be-recallable,,,,,,,,
dotnet.regex-reuse-compilation-and-timeouts,"Regex reuse, compilation, and timeouts",RECOGNITION,20,434,0.75,_ai-conspects/_knowledge/dotnet/regex-reuse-compilation-and-timeouts.md,_ai-conspects/_knowledge/dotnet/regex-reuse-compilation-and-timeouts.md#what-should-be-recallable,,,,,,,,
javascript.regex-operations-and-state,JavaScript regex operations and state,RECOGNITION,20,435,1.00,_ai-conspects/_knowledge/javascript/regex-operations-and-state.md,_ai-conspects/_knowledge/javascript/regex-operations-and-state.md#what-should-be-recallable,,,,,,,,
sql-server.full-text-search,SQL Server full-text search model and APIs,RECOGNITION,20,436,0.50,_ai-conspects/_knowledge/sql-server/full-text-search.md,_ai-conspects/_knowledge/sql-server/full-text-search.md#what-should-be-recallable,,,,,,,,
testing.react-router-redirect-tests,React Router redirect tests,RECOGNITION,20,437,0.50,_ai-conspects/_knowledge/testing/react-router-redirect-tests.md,_ai-conspects/_knowledge/testing/react-router-redirect-tests.md#what-should-be-recallable,,,,,,,,
testing.testing-library-query-and-wait-semantics,Testing Library query and wait semantics,RECOGNITION,20,438,1.00,_ai-conspects/_knowledge/testing/testing-library-query-and-wait-semantics.md,_ai-conspects/_knowledge/testing/testing-library-query-and-wait-semantics.md#what-should-be-recallable,,,,,,,,
testing.vitest-module-mocking,Vitest module mocking,RECOGNITION,20,439,0.75,_ai-conspects/_knowledge/testing/vitest-module-mocking.md,_ai-conspects/_knowledge/testing/vitest-module-mocking.md#what-should-be-recallable,,,,,,,,
testing.vitest-react-environment-errors,Diagnosing Vitest React environment errors,RECOGNITION,20,440,1.00,_ai-conspects/_knowledge/testing/vitest-react-environment-errors.md,_ai-conspects/_knowledge/testing/vitest-react-environment-errors.md#what-should-be-recallable,,,,,,,,
aspnet-core.dynamic-data-shaping,ASP.NET Core dynamic data shaping,RECOGNITION,20,441,1.25,_ai-conspects/_knowledge/aspnet-core/dynamic-data-shaping.md,_ai-conspects/_knowledge/aspnet-core/dynamic-data-shaping.md#what-should-be-recallable,,,,,,,,
aspnet-core.explicit-head-endpoints,Explicit ASP.NET Core HEAD endpoints,RECOGNITION,20,442,1.25,_ai-conspects/_knowledge/aspnet-core/explicit-head-endpoints.md,_ai-conspects/_knowledge/aspnet-core/explicit-head-endpoints.md#what-should-be-recallable,,,,,,,,
aspnet-core.json-patch-formatters-and-content-negotiation,ASP.NET Core JSON Patch formatters and content negotiation,RECOGNITION,20,443,0.75,_ai-conspects/_knowledge/aspnet-core/json-patch-formatters-and-content-negotiation.md,_ai-conspects/_knowledge/aspnet-core/json-patch-formatters-and-content-negotiation.md#what-should-be-recallable,,,,,,,,
aspnet-core.media-type-formatters-and-406-415,ASP.NET Core media-type formatters and 406/415,RECOGNITION,20,444,2.25,_ai-conspects/_knowledge/aspnet-core/media-type-formatters-and-406-415.md,_ai-conspects/_knowledge/aspnet-core/media-type-formatters-and-406-415.md#what-should-be-recallable,,,,,,,,
aspnet-core.nested-resource-route-design,ASP.NET Core nested resource route design,RECOGNITION,20,445,1.25,_ai-conspects/_knowledge/aspnet-core/nested-resource-route-design.md,_ai-conspects/_knowledge/aspnet-core/nested-resource-route-design.md#what-should-be-recallable,,,,,,,,
aspnet-core.request-response-streams-and-pipelines,ASP.NET Core request and response streams with pipelines,RECOGNITION,20,446,1.25,_ai-conspects/_knowledge/aspnet-core/request-response-streams-and-pipelines.md,_ai-conspects/_knowledge/aspnet-core/request-response-streams-and-pipelines.md#what-should-be-recallable,,,,,,,,
aspnet-core.response-and-output-caching-policies,ASP.NET Core response and output caching policies,RECOGNITION,20,447,1.25,_ai-conspects/_knowledge/aspnet-core/response-and-output-caching-policies.md,_ai-conspects/_knowledge/aspnet-core/response-and-output-caching-policies.md#what-should-be-recallable,,,,,,,,
aspnet-core.route-and-query-collection-binding,ASP.NET Core route and query collection binding,RECOGNITION,21,448,1.00,_ai-conspects/_knowledge/aspnet-core/route-and-query-collection-binding.md,_ai-conspects/_knowledge/aspnet-core/route-and-query-collection-binding.md#what-should-be-recallable,,,,,,,,
aspnet-core.semantic-media-types-and-formatter-contracts,ASP.NET Core semantic media types and formatter contracts,RECOGNITION,21,449,1.50,_ai-conspects/_knowledge/aspnet-core/semantic-media-types-and-formatter-contracts.md,_ai-conspects/_knowledge/aspnet-core/semantic-media-types-and-formatter-contracts.md#what-should-be-recallable,,,,,,,,
ef-core.alternate-keys-and-principal-key-targets,EF Core alternate keys and principal-key relationship targets,RECOGNITION,21,450,1.00,_ai-conspects/_knowledge/ef-core/alternate-keys-and-principal-key-targets.md,_ai-conspects/_knowledge/ef-core/alternate-keys-and-principal-key-targets.md#what-should-be-recallable,,,,,,,,
ef-core.composite-keys-relationships-and-indexes,"EF Core composite keys, relationships, and indexes",RECOGNITION,21,451,1.00,_ai-conspects/_knowledge/ef-core/composite-keys-relationships-and-indexes.md,_ai-conspects/_knowledge/ef-core/composite-keys-relationships-and-indexes.md#what-should-be-recallable,,,,,,,,
ef-core.databasefacade-connectivity-and-migrations,EF Core DatabaseFacade connectivity and migrations,RECOGNITION,21,452,1.25,_ai-conspects/_knowledge/ef-core/databasefacade-connectivity-and-migrations.md,_ai-conspects/_knowledge/ef-core/databasefacade-connectivity-and-migrations.md#what-should-be-recallable,,,,,,,,
ef-core.dbcommand-interceptor-callbacks-and-sql-mutation,"DbCommandInterceptor callbacks, result shapes, and SQL mutation",RECOGNITION,21,453,2.00,_ai-conspects/_knowledge/ef-core/dbcommand-interceptor-callbacks-and-sql-mutation.md,_ai-conspects/_knowledge/ef-core/dbcommand-interceptor-callbacks-and-sql-mutation.md#what-should-be-recallable,,,,,,,,
ef-core.dbconnection-lifetime-setdbconnection-and-timeouts,"EF Core DbConnection lifetime, SetDbConnection, and timeouts",RECOGNITION,21,454,1.25,_ai-conspects/_knowledge/ef-core/dbconnection-lifetime-setdbconnection-and-timeouts.md,_ai-conspects/_knowledge/ef-core/dbconnection-lifetime-setdbconnection-and-timeouts.md#what-should-be-recallable,,,,,,,,
ef-core.executeupdate-executedelete-and-set-based-dml,"EF Core ExecuteUpdate, ExecuteDelete, and set-based DML",RECOGNITION,21,455,1.50,_ai-conspects/_knowledge/ef-core/executeupdate-executedelete-and-set-based-dml.md,_ai-conspects/_knowledge/ef-core/executeupdate-executedelete-and-set-based-dml.md#what-should-be-recallable,,,,,,,,
ef-core.fromsql-parameterization-and-dynamic-sql,EF Core FromSql parameterization and safe dynamic SQL,RECOGNITION,21,456,1.75,_ai-conspects/_knowledge/ef-core/fromsql-parameterization-and-dynamic-sql.md,_ai-conspects/_knowledge/ef-core/fromsql-parameterization-and-dynamic-sql.md#what-should-be-recallable,,,,,,,,
ef-core.identity-sequences-and-hilo-key-generation,"EF Core identity, sequences, and HiLo key generation",RECOGNITION,21,457,1.00,_ai-conspects/_knowledge/ef-core/identity-sequences-and-hilo-key-generation.md,_ai-conspects/_knowledge/ef-core/identity-sequences-and-hilo-key-generation.md#what-should-be-recallable,,,,,,,,
ef-core.json-converted-collections-and-sql-server-querying,EF Core JSON-converted collections and SQL Server querying,RECOGNITION,21,458,1.00,_ai-conspects/_knowledge/ef-core/json-converted-collections-and-sql-server-querying.md,_ai-conspects/_knowledge/ef-core/json-converted-collections-and-sql-server-querying.md#what-should-be-recallable,,,,,,,,
ef-core.keyless-models-vs-direct-sql-results,EF Core keyless models versus direct SQL results,RECOGNITION,21,459,1.00,_ai-conspects/_knowledge/ef-core/keyless-models-vs-direct-sql-results.md,_ai-conspects/_knowledge/ef-core/keyless-models-vs-direct-sql-results.md#what-should-be-recallable,,,,,,,,
ef-core.lazy-loading-and-query-shaping,EF Core lazy loading and query shaping,RECOGNITION,21,460,0.75,_ai-conspects/_knowledge/ef-core/lazy-loading-and-query-shaping.md,_ai-conspects/_knowledge/ef-core/lazy-loading-and-query-shaping.md#what-should-be-recallable,,,,,,,,
ef-core.manual-dbcontext-and-multi-context-patterns,EF Core manual DbContext construction and multi-context patterns,RECOGNITION,21,461,1.25,_ai-conspects/_knowledge/ef-core/manual-dbcontext-and-multi-context-patterns.md,_ai-conspects/_knowledge/ef-core/manual-dbcontext-and-multi-context-patterns.md#what-should-be-recallable,,,,,,,,
ef-core.many-to-many-join-entities-and-delete-behavior,EF Core many-to-many join entities and delete behavior,RECOGNITION,21,462,1.00,_ai-conspects/_knowledge/ef-core/many-to-many-join-entities-and-delete-behavior.md,_ai-conspects/_knowledge/ef-core/many-to-many-join-entities-and-delete-behavior.md#what-should-be-recallable,,,,,,,,
ef-core.migrations-development-and-deployment-workflows,EF Core migrations in development and deployment,RECOGNITION,21,463,1.00,_ai-conspects/_knowledge/ef-core/migrations-development-and-deployment-workflows.md,_ai-conspects/_knowledge/ef-core/migrations-development-and-deployment-workflows.md#what-should-be-recallable,,,,,,,,
ef-core.optional-nested-owned-values-and-requiredness,Optional nested owned values and requiredness,RECOGNITION,21,464,1.00,_ai-conspects/_knowledge/ef-core/optional-nested-owned-values-and-requiredness.md,_ai-conspects/_knowledge/ef-core/optional-nested-owned-values-and-requiredness.md#what-should-be-recallable,,,,,,,,
ef-core.search-with-like,EF Core substring and LIKE search,RECOGNITION,21,465,0.50,_ai-conspects/_knowledge/ef-core/search-with-like.md,_ai-conspects/_knowledge/ef-core/search-with-like.md#what-should-be-recallable,,,,,,,,
ef-core.value-converters-and-mutable-value-comparers,EF Core value converters and mutable value comparers,RECOGNITION,21,466,1.00,_ai-conspects/_knowledge/ef-core/value-converters-and-mutable-value-comparers.md,_ai-conspects/_knowledge/ef-core/value-converters-and-mutable-value-comparers.md#what-should-be-recallable,,,,,,,,
aspnet-core.options-binding-names-and-access-lifetimes,"ASP.NET Core options binding, names, and access lifetimes",RECOGNITION,21,467,1.75,_ai-conspects/_knowledge/aspnet-core/options-binding-names-and-access-lifetimes.md,_ai-conspects/_knowledge/aspnet-core/options-binding-names-and-access-lifetimes.md#what-should-be-recallable,,,,,,,,
aspnet-core.options-monitor-reload-and-background-services,"ASP.NET Core options monitoring, reload, and background services",RECOGNITION,21,468,1.50,_ai-conspects/_knowledge/aspnet-core/options-monitor-reload-and-background-services.md,_ai-conspects/_knowledge/aspnet-core/options-monitor-reload-and-background-services.md#what-should-be-recallable,,,,,,,,
aspnet-core.system-text-json-configuration,System.Text.Json configuration in ASP.NET Core,RECOGNITION,21,469,1.25,_ai-conspects/_knowledge/aspnet-core/system-text-json-configuration.md,_ai-conspects/_knowledge/aspnet-core/system-text-json-configuration.md#what-should-be-recallable,,,,,,,,
css.animation-keyframes-and-motion,CSS animation keyframes and motion,RECOGNITION,21,470,0.50,_ai-conspects/_knowledge/css/animation-keyframes-and-motion.md,_ai-conspects/_knowledge/css/animation-keyframes-and-motion.md#what-should-be-recallable,,,,,,,,
css.flex-item-shrink-and-basis,Flex item shrinking and basis,RECOGNITION,21,471,0.75,_ai-conspects/_knowledge/css/flex-item-shrink-and-basis.md,_ai-conspects/_knowledge/css/flex-item-shrink-and-basis.md#what-should-be-recallable,,,,,,,,
css.fullscreen-modal-overlay,Fullscreen modal overlay and accessible backdrop,RECOGNITION,21,472,1.00,_ai-conspects/_knowledge/css/fullscreen-modal-overlay.md,_ai-conspects/_knowledge/css/fullscreen-modal-overlay.md#what-should-be-recallable,,,,,,,,
css.header-positioning-and-centering,CSS header positioning and centering,RECOGNITION,21,473,1.00,_ai-conspects/_knowledge/css/header-positioning-and-centering.md,_ai-conspects/_knowledge/css/header-positioning-and-centering.md#what-should-be-recallable,,,,,,,,
css.mobile-viewport-height-units,CSS mobile viewport height units,RECOGNITION,21,474,1.00,_ai-conspects/_knowledge/css/mobile-viewport-height-units.md,_ai-conspects/_knowledge/css/mobile-viewport-height-units.md#what-should-be-recallable,,,,,,,,
css.positioning-constraint-equations,CSS positioning constraint equations,RECOGNITION,22,475,1.00,_ai-conspects/_knowledge/css/positioning-constraint-equations.md,_ai-conspects/_knowledge/css/positioning-constraint-equations.md#what-should-be-recallable,,,,,,,,
css.pseudo-element-positioning-and-stacking,"Pseudo-element positioning, stacking, and clipping",RECOGNITION,22,476,1.00,_ai-conspects/_knowledge/css/pseudo-element-positioning-and-stacking.md,_ai-conspects/_knowledge/css/pseudo-element-positioning-and-stacking.md#what-should-be-recallable,,,,,,,,
css.scroll-containers-scrollbars-and-locking,"Scroll containers, scrollbar visibility, and scroll locking",RECOGNITION,22,477,1.00,_ai-conspects/_knowledge/css/scroll-containers-scrollbars-and-locking.md,_ai-conspects/_knowledge/css/scroll-containers-scrollbars-and-locking.md#what-should-be-recallable,,,,,,,,
css.stacking-context-hierarchy-and-clipping,CSS stacking-context hierarchy and clipping,RECOGNITION,22,478,0.75,_ai-conspects/_knowledge/css/stacking-context-hierarchy-and-clipping.md,_ai-conspects/_knowledge/css/stacking-context-hierarchy-and-clipping.md#what-should-be-recallable,,,,,,,,
dotnet.built-in-delegate-shapes,"Action, Func, and Predicate delegate shapes",RECOGNITION,22,479,1.00,_ai-conspects/_knowledge/dotnet/built-in-delegate-shapes.md,_ai-conspects/_knowledge/dotnet/built-in-delegate-shapes.md#what-should-be-recallable,,,,,,,,
dotnet.byref-parameters-aliases-and-lifetimes,"C# by-reference parameters, aliases, and lifetimes",RECOGNITION,22,480,1.00,_ai-conspects/_knowledge/dotnet/byref-parameters-aliases-and-lifetimes.md,_ai-conspects/_knowledge/dotnet/byref-parameters-aliases-and-lifetimes.md#what-should-be-recallable,,,,,,,,
dotnet.cryptographic-randomness-and-unbiased-ranges,Cryptographic randomness and unbiased ranges,RECOGNITION,22,481,1.00,_ai-conspects/_knowledge/dotnet/cryptographic-randomness-and-unbiased-ranges.md,_ai-conspects/_knowledge/dotnet/cryptographic-randomness-and-unbiased-ranges.md#what-should-be-recallable,,,,,,,,
dotnet.csharp-event-declaration-and-raising,"C# event declaration, payloads, and raiser pattern",RECOGNITION,22,482,1.00,_ai-conspects/_knowledge/dotnet/csharp-event-declaration-and-raising.md,_ai-conspects/_knowledge/dotnet/csharp-event-declaration-and-raising.md#what-should-be-recallable,,,,,,,,
dotnet.datetime-offset-kind-conversion-and-arithmetic,"DateTime offset, Kind, conversion, and arithmetic",RECOGNITION,22,483,1.75,_ai-conspects/_knowledge/dotnet/datetime-offset-kind-conversion-and-arithmetic.md,_ai-conspects/_knowledge/dotnet/datetime-offset-kind-conversion-and-arithmetic.md#what-should-be-recallable,,,,,,,,
dotnet.dictionary-capacity-and-api-contracts,Dictionary capacity and API contracts,RECOGNITION,22,484,1.25,_ai-conspects/_knowledge/dotnet/dictionary-capacity-and-api-contracts.md,_ai-conspects/_knowledge/dotnet/dictionary-capacity-and-api-contracts.md#what-should-be-recallable,,,,,,,,
dotnet.dictionary-equality-and-key-set-operations,Dictionary equality and key-set operations,RECOGNITION,22,485,1.25,_ai-conspects/_knowledge/dotnet/dictionary-equality-and-key-set-operations.md,_ai-conspects/_knowledge/dotnet/dictionary-equality-and-key-set-operations.md#what-should-be-recallable,,,,,,,,
dotnet.enumerable-static-methods-and-execution,Enumerable static methods and execution,RECOGNITION,22,486,0.75,_ai-conspects/_knowledge/dotnet/enumerable-static-methods-and-execution.md,_ai-conspects/_knowledge/dotnet/enumerable-static-methods-and-execution.md#what-should-be-recallable,,,,,,,,
dotnet.exhaustiveness-enums-records-and-unions,"Exhaustiveness with enums, records, and explicit unions",RECOGNITION,22,487,1.00,_ai-conspects/_knowledge/dotnet/exhaustiveness-enums-records-and-unions.md,_ai-conspects/_knowledge/dotnet/exhaustiveness-enums-records-and-unions.md#what-should-be-recallable,,,,,,,,
dotnet.explicit-interface-implementation,Explicit interface implementation,RECOGNITION,22,488,0.75,_ai-conspects/_knowledge/dotnet/explicit-interface-implementation.md,_ai-conspects/_knowledge/dotnet/explicit-interface-implementation.md#what-should-be-recallable,,,,,,,,
dotnet.expression-tree-members-parameters-and-binary-operators,"Expression-tree members, parameters, and binary operators",RECOGNITION,22,489,1.00,_ai-conspects/_knowledge/dotnet/expression-tree-members-parameters-and-binary-operators.md,_ai-conspects/_knowledge/dotnet/expression-tree-members-parameters-and-binary-operators.md#what-should-be-recallable,,,,,,,,
dotnet.expression-tree-structure-and-visitors,Expression-tree structure and visitors,RECOGNITION,22,490,0.75,_ai-conspects/_knowledge/dotnet/expression-tree-structure-and-visitors.md,_ai-conspects/_knowledge/dotnet/expression-tree-structure-and-visitors.md#what-should-be-recallable,,,,,,,,
dotnet.flag-combination-enumeration,Enumerating flag combinations with bit masks,RECOGNITION,22,491,1.00,_ai-conspects/_knowledge/dotnet/flag-combination-enumeration.md,_ai-conspects/_knowledge/dotnet/flag-combination-enumeration.md#what-should-be-recallable,,,,,,,,
dotnet.fluentvalidation-collections-children-and-polymorphism,"FluentValidation collections, child validators, and polymorphic properties",RECOGNITION,22,492,1.75,_ai-conspects/_knowledge/dotnet/fluentvalidation-collections-children-and-polymorphism.md,_ai-conspects/_knowledge/dotnet/fluentvalidation-collections-children-and-polymorphism.md#what-should-be-recallable,,,,,,,,
dotnet.hashcode-api-and-implementation,GetHashCode and HashCode API implementation patterns,RECOGNITION,22,493,2.25,_ai-conspects/_knowledge/dotnet/hashcode-api-and-implementation.md,_ai-conspects/_knowledge/dotnet/hashcode-api-and-implementation.md#what-should-be-recallable,,,,,,,,
dotnet.hexadecimal-byte-representation,Hexadecimal and byte representation,RECOGNITION,22,494,1.00,_ai-conspects/_knowledge/dotnet/hexadecimal-byte-representation.md,_ai-conspects/_knowledge/dotnet/hexadecimal-byte-representation.md#what-should-be-recallable,,,,,,,,
dotnet.incremental-text-decoding,Incremental text decoding across arbitrary byte chunks,RECOGNITION,22,495,1.25,_ai-conspects/_knowledge/dotnet/incremental-text-decoding.md,_ai-conspects/_knowledge/dotnet/incremental-text-decoding.md#what-should-be-recallable,,,,,,,,
dotnet.jsondocument-jsonelement-readonly-dom,JsonDocument and JsonElement read-only DOM,RECOGNITION,22,496,2.00,_ai-conspects/_knowledge/dotnet/jsondocument-jsonelement-readonly-dom.md,_ai-conspects/_knowledge/dotnet/jsondocument-jsonelement-readonly-dom.md#what-should-be-recallable,,,,,,,,
dotnet.jsonnode-mutable-dom,JsonNode mutable DOM,RECOGNITION,22,497,2.25,_ai-conspects/_knowledge/dotnet/jsonnode-mutable-dom.md,_ai-conspects/_knowledge/dotnet/jsonnode-mutable-dom.md#what-should-be-recallable,,,,,,,,
dotnet.last-element-semantics-and-cost,LINQ and indexed last-element semantics,RECOGNITION,22,498,1.00,_ai-conspects/_knowledge/dotnet/last-element-semantics-and-cost.md,_ai-conspects/_knowledge/dotnet/last-element-semantics-and-cost.md#what-should-be-recallable,,,,,,,,
dotnet.linq-aggregation-quantifiers-and-membership,"LINQ aggregation, quantifiers, and membership",RECOGNITION,22,499,0.75,_ai-conspects/_knowledge/dotnet/linq-aggregation-quantifiers-and-membership.md,_ai-conspects/_knowledge/dotnet/linq-aggregation-quantifiers-and-membership.md#what-should-be-recallable,,,,,,,,
dotnet.linq-element-selection-and-set-semantics,LINQ element selection and set semantics,RECOGNITION,22,500,0.75,_ai-conspects/_knowledge/dotnet/linq-element-selection-and-set-semantics.md,_ai-conspects/_knowledge/dotnet/linq-element-selection-and-set-semantics.md#what-should-be-recallable,,,,,,,,
dotnet.linq-grouping-lookup-and-joins,"LINQ grouping, lookup, and joins",RECOGNITION,23,501,1.50,_ai-conspects/_knowledge/dotnet/linq-grouping-lookup-and-joins.md,_ai-conspects/_knowledge/dotnet/linq-grouping-lookup-and-joins.md#what-should-be-recallable,,,,,,,,
dotnet.linq-partitioning-and-sequence-generation,LINQ partitioning and sequence generation,RECOGNITION,23,502,0.75,_ai-conspects/_knowledge/dotnet/linq-partitioning-and-sequence-generation.md,_ai-conspects/_knowledge/dotnet/linq-partitioning-and-sequence-generation.md#what-should-be-recallable,,,,,,,,
dotnet.linq-projection-flattening-and-ordering,"LINQ projection, flattening, and ordering",RECOGNITION,23,503,1.25,_ai-conspects/_knowledge/dotnet/linq-projection-flattening-and-ordering.md,_ai-conspects/_knowledge/dotnet/linq-projection-flattening-and-ordering.md#what-should-be-recallable,,,,,,,,
dotnet.linq-query-syntax-joins-and-continuations,"LINQ query syntax, joins, and continuations",RECOGNITION,23,504,1.50,_ai-conspects/_knowledge/dotnet/linq-query-syntax-joins-and-continuations.md,_ai-conspects/_knowledge/dotnet/linq-query-syntax-joins-and-continuations.md#what-should-be-recallable,,,,,,,,
dotnet.list-range-slicing-and-windows,"List range slicing, clamping, chunks, and windows",RECOGNITION,23,505,0.75,_ai-conspects/_knowledge/dotnet/list-range-slicing-and-windows.md,_ai-conspects/_knowledge/dotnet/list-range-slicing-and-windows.md#what-should-be-recallable,,,,,,,,
dotnet.membernotnull-flow-contracts,MemberNotNull nullable-flow contracts,RECOGNITION,23,506,1.00,_ai-conspects/_knowledge/dotnet/membernotnull-flow-contracts.md,_ai-conspects/_knowledge/dotnet/membernotnull-flow-contracts.md#what-should-be-recallable,,,,,,,,
dotnet.pipereader-consumed-examined-and-segmented-framing,PipeReader consumed/examined positions and segmented framing,RECOGNITION,23,507,1.00,_ai-conspects/_knowledge/dotnet/pipereader-consumed-examined-and-segmented-framing.md,_ai-conspects/_knowledge/dotnet/pipereader-consumed-examined-and-segmented-framing.md#what-should-be-recallable,,,,,,,,
dotnet.record-value-semantics-and-representation,C# record value semantics and representation,RECOGNITION,23,508,1.00,_ai-conspects/_knowledge/dotnet/record-value-semantics-and-representation.md,_ai-conspects/_knowledge/dotnet/record-value-semantics-and-representation.md#what-should-be-recallable,,,,,,,,
dotnet.rectangular-jagged-arrays-and-enumeration,"Rectangular and jagged arrays, enumeration, and boxing",RECOGNITION,23,509,0.75,_ai-conspects/_knowledge/dotnet/rectangular-jagged-arrays-and-enumeration.md,_ai-conspects/_knowledge/dotnet/rectangular-jagged-arrays-and-enumeration.md#what-should-be-recallable,,,,,,,,
dotnet.string-case-conversion-and-comparison,.NET string case conversion and comparison,RECOGNITION,23,510,0.75,_ai-conspects/_knowledge/dotnet/string-case-conversion-and-comparison.md,_ai-conspects/_knowledge/dotnet/string-case-conversion-and-comparison.md#what-should-be-recallable,,,,,,,,
dotnet.string-character-views,"C# string characters, spans, and runes",RECOGNITION,23,511,1.00,_ai-conspects/_knowledge/dotnet/string-character-views.md,_ai-conspects/_knowledge/dotnet/string-character-views.md#what-should-be-recallable,,,,,,,,
dotnet.string-comparison-and-collection-comparers,String comparison and collection comparers,RECOGNITION,23,512,0.75,_ai-conspects/_knowledge/dotnet/string-comparison-and-collection-comparers.md,_ai-conspects/_knowledge/dotnet/string-comparison-and-collection-comparers.md#what-should-be-recallable,,,,,,,,
dotnet.string-contains-startswith-endswith,"Contains, StartsWith, and EndsWith",RECOGNITION,23,513,0.75,_ai-conspects/_knowledge/dotnet/string-contains-startswith-endswith.md,_ai-conspects/_knowledge/dotnet/string-contains-startswith-endswith.md#what-should-be-recallable,,,,,,,,
dotnet.string-padding-and-alignment,C# string padding and alignment,RECOGNITION,23,514,0.75,_ai-conspects/_knowledge/dotnet/string-padding-and-alignment.md,_ai-conspects/_knowledge/dotnet/string-padding-and-alignment.md#what-should-be-recallable,,,,,,,,
dotnet.string-remove-and-insert,C# String.Remove and String.Insert,RECOGNITION,23,515,0.75,_ai-conspects/_knowledge/dotnet/string-remove-and-insert.md,_ai-conspects/_knowledge/dotnet/string-remove-and-insert.md#what-should-be-recallable,,,,,,,,
dotnet.string-sorting-and-comparers,C# string sorting and comparer choice,RECOGNITION,23,516,0.75,_ai-conspects/_knowledge/dotnet/string-sorting-and-comparers.md,_ai-conspects/_knowledge/dotnet/string-sorting-and-comparers.md#what-should-be-recallable,,,,,,,,
dotnet.stringbuilder-mutation-and-sizing,StringBuilder mutation and sizing,RECOGNITION,23,517,0.75,_ai-conspects/_knowledge/dotnet/stringbuilder-mutation-and-sizing.md,_ai-conspects/_knowledge/dotnet/stringbuilder-mutation-and-sizing.md#what-should-be-recallable,,,,,,,,
dotnet.target-typed-new-in-return-context,Target-typed new in return expressions,RECOGNITION,23,518,0.75,_ai-conspects/_knowledge/dotnet/target-typed-new-in-return-context.md,_ai-conspects/_knowledge/dotnet/target-typed-new-in-return-context.md#what-should-be-recallable,,,,,,,,
dotnet.user-defined-conversion-operators,User-defined implicit and explicit conversions,RECOGNITION,23,519,1.00,_ai-conspects/_knowledge/dotnet/user-defined-conversion-operators.md,_ai-conspects/_knowledge/dotnet/user-defined-conversion-operators.md#what-should-be-recallable,,,,,,,,
dotnet.utf8-string-literals,C# UTF-8 string literals,RECOGNITION,23,520,1.00,_ai-conspects/_knowledge/dotnet/utf8-string-literals.md,_ai-conspects/_knowledge/dotnet/utf8-string-literals.md#what-should-be-recallable,,,,,,,,
dotnet.value-object-equality-and-component-streams,ValueObject equality and declarative component streams,RECOGNITION,23,521,1.50,_ai-conspects/_knowledge/dotnet/value-object-equality-and-component-streams.md,_ai-conspects/_knowledge/dotnet/value-object-equality-and-component-streams.md#what-should-be-recallable,,,,,,,,
ef-core.backing-fields-and-property-access-modes,EF Core backing fields and property access modes,RECOGNITION,23,522,1.00,_ai-conspects/_knowledge/ef-core/backing-fields-and-property-access-modes.md,_ai-conspects/_knowledge/ef-core/backing-fields-and-property-access-modes.md#what-should-be-recallable,,,,,,,,
ef-core.database-view-and-defining-query-mapping,EF Core database-view and defining-query mapping,RECOGNITION,23,523,1.25,_ai-conspects/_knowledge/ef-core/database-view-and-defining-query-mapping.md,_ai-conspects/_knowledge/ef-core/database-view-and-defining-query-mapping.md#what-should-be-recallable,,,,,,,,
ef-core.dbcommand-interceptor-event-data-and-command-properties,DbCommandInterceptor event data properties and DbCommand shortlist,RECOGNITION,23,524,1.75,_ai-conspects/_knowledge/ef-core/dbcommand-interceptor-event-data-and-command-properties.md,_ai-conspects/_knowledge/ef-core/dbcommand-interceptor-event-data-and-command-properties.md#what-should-be-recallable,,,,,,,,
ef-core.dbcontext-configuration-encapsulation,DbContext configuration encapsulation,RECOGNITION,23,525,1.00,_ai-conspects/_knowledge/ef-core/dbcontext-configuration-encapsulation.md,_ai-conspects/_knowledge/ef-core/dbcontext-configuration-encapsulation.md#what-should-be-recallable,,,,,,,,
ef-core.fromsql-and-sqlquery-apis,EF Core FromSql and SqlQuery APIs,RECOGNITION,23,526,1.50,_ai-conspects/_knowledge/ef-core/fromsql-and-sqlquery-apis.md,_ai-conspects/_knowledge/ef-core/fromsql-and-sqlquery-apis.md#what-should-be-recallable,,,,,,,,
ef-core.inheritance-mapping-tph-tpt-tpc,"EF Core inheritance mapping with TPH, TPT, and TPC",RECOGNITION,23,527,1.00,_ai-conspects/_knowledge/ef-core/inheritance-mapping-tph-tpt-tpc.md,_ai-conspects/_knowledge/ef-core/inheritance-mapping-tph-tpt-tpc.md#what-should-be-recallable,,,,,,,,
ef-core.model-configuration-conventions-and-discovery,"EF Core model configuration, conventions, and discovery",RECOGNITION,23,528,1.00,_ai-conspects/_knowledge/ef-core/model-configuration-conventions-and-discovery.md,_ai-conspects/_knowledge/ef-core/model-configuration-conventions-and-discovery.md#what-should-be-recallable,,,,,,,,
ef-core.owned-references-collections-and-relational-identity,"EF Core owned references, collections, and relational identity",RECOGNITION,23,529,1.00,_ai-conspects/_knowledge/ef-core/owned-references-collections-and-relational-identity.md,_ai-conspects/_knowledge/ef-core/owned-references-collections-and-relational-identity.md#what-should-be-recallable,,,,,,,,
ef-core.relational-property-types-collations-and-metadata,"EF Core relational property types, collations, and metadata",RECOGNITION,23,530,0.75,_ai-conspects/_knowledge/ef-core/relational-property-types-collations-and-metadata.md,_ai-conspects/_knowledge/ef-core/relational-property-types-collations-and-metadata.md#what-should-be-recallable,,,,,,,,
ef-core.value-generation-defaults-and-save-behavior,"EF Core value generation, defaults, and save behavior",RECOGNITION,24,531,0.75,_ai-conspects/_knowledge/ef-core/value-generation-defaults-and-save-behavior.md,_ai-conspects/_knowledge/ef-core/value-generation-defaults-and-save-behavior.md#what-should-be-recallable,,,,,,,,
javascript.array-creation-holes-and-fixed-storage,"JavaScript array creation, holes, and fixed storage",RECOGNITION,24,532,1.00,_ai-conspects/_knowledge/javascript/array-creation-holes-and-fixed-storage.md,_ai-conspects/_knowledge/javascript/array-creation-holes-and-fixed-storage.md#what-should-be-recallable,,,,,,,,
javascript.array-flat,Array flattening depth and semantics,RECOGNITION,24,533,0.75,_ai-conspects/_knowledge/javascript/array-flat.md,_ai-conspects/_knowledge/javascript/array-flat.md#what-should-be-recallable,,,,,,,,
javascript.array-flatmap,One-to-many transformations with flatMap,RECOGNITION,24,534,1.00,_ai-conspects/_knowledge/javascript/array-flatmap.md,_ai-conspects/_knowledge/javascript/array-flatmap.md#what-should-be-recallable,,,,,,,,
javascript.binary-storage-arraybuffer-typedarrays-and-blob,"Binary storage with ArrayBuffer, typed arrays, and Blob",RECOGNITION,24,535,1.25,_ai-conspects/_knowledge/javascript/binary-storage-arraybuffer-typedarrays-and-blob.md,_ai-conspects/_knowledge/javascript/binary-storage-arraybuffer-typedarrays-and-blob.md#what-should-be-recallable,,,,,,,,
javascript.byte-values-and-endianness,Byte values and endianness,RECOGNITION,24,536,1.00,_ai-conspects/_knowledge/javascript/byte-values-and-endianness.md,_ai-conspects/_knowledge/javascript/byte-values-and-endianness.md#what-should-be-recallable,,,,,,,,
javascript.collation-sort-vs-search,Collation for sorting versus search matching,RECOGNITION,24,537,1.25,_ai-conspects/_knowledge/javascript/collation-sort-vs-search.md,_ai-conspects/_knowledge/javascript/collation-sort-vs-search.md#what-should-be-recallable,,,,,,,,
javascript.dataview-offsets-and-binary-layouts,DataView offsets and mixed binary layouts,RECOGNITION,24,538,1.25,_ai-conspects/_knowledge/javascript/dataview-offsets-and-binary-layouts.md,_ai-conspects/_knowledge/javascript/dataview-offsets-and-binary-layouts.md#what-should-be-recallable,,,,,,,,
javascript.function-defaults-rest-and-spread,"JavaScript function defaults, rest, and spread",RECOGNITION,24,539,1.00,_ai-conspects/_knowledge/javascript/function-defaults-rest-and-spread.md,_ai-conspects/_knowledge/javascript/function-defaults-rest-and-spread.md#what-should-be-recallable,,,,,,,,
javascript.generator-control-flow,"Generator execution, yield, and completion",RECOGNITION,24,540,1.25,_ai-conspects/_knowledge/javascript/generator-control-flow.md,_ai-conspects/_knowledge/javascript/generator-control-flow.md#what-should-be-recallable,,,,,,,,
javascript.generator-finally-cleanup,Generator return and finally cleanup,RECOGNITION,24,541,1.25,_ai-conspects/_knowledge/javascript/generator-finally-cleanup.md,_ai-conspects/_knowledge/javascript/generator-finally-cleanup.md#what-should-be-recallable,,,,,,,,
javascript.intl-collator,Locale-aware comparison with Intl.Collator,RECOGNITION,24,542,1.25,_ai-conspects/_knowledge/javascript/intl-collator.md,_ai-conspects/_knowledge/javascript/intl-collator.md#what-should-be-recallable,,,,,,,,
javascript.numeric-conversion-and-prefix-parsing,Numeric conversion and prefix parsing,RECOGNITION,24,543,0.75,_ai-conspects/_knowledge/javascript/numeric-conversion-and-prefix-parsing.md,_ai-conspects/_knowledge/javascript/numeric-conversion-and-prefix-parsing.md#what-should-be-recallable,,,,,,,,
javascript.set-algebra,Portable Set algebra,RECOGNITION,24,544,1.00,_ai-conspects/_knowledge/javascript/set-algebra.md,_ai-conspects/_knowledge/javascript/set-algebra.md#what-should-be-recallable,,,,,,,,
javascript.set-iteration-conversion,Set iteration and conversion,RECOGNITION,24,545,1.00,_ai-conspects/_knowledge/javascript/set-iteration-conversion.md,_ai-conspects/_knowledge/javascript/set-iteration-conversion.md#what-should-be-recallable,,,,,,,,
javascript.set-vs-array,Choosing Set or Array,RECOGNITION,24,546,0.75,_ai-conspects/_knowledge/javascript/set-vs-array.md,_ai-conspects/_knowledge/javascript/set-vs-array.md#what-should-be-recallable,,,,,,,,
javascript.splice-mutation-and-iteration,JavaScript splice mutation and iteration,RECOGNITION,24,547,1.00,_ai-conspects/_knowledge/javascript/splice-mutation-and-iteration.md,_ai-conspects/_knowledge/javascript/splice-mutation-and-iteration.md#what-should-be-recallable,,,,,,,,
javascript.vite-development-proxy-and-spa-orchestration,Vite development proxy and ASP.NET SPA orchestration,RECOGNITION,24,548,1.75,_ai-conspects/_knowledge/javascript/vite-development-proxy-and-spa-orchestration.md,_ai-conspects/_knowledge/javascript/vite-development-proxy-and-spa-orchestration.md#what-should-be-recallable,,,,,,,,
react-hook-form.controlled-field-adapters,Controlled component adapters with Controller and useController,RECOGNITION,24,549,1.25,_ai-conspects/_knowledge/react-hook-form/controlled-field-adapters.md,_ai-conspects/_knowledge/react-hook-form/controlled-field-adapters.md#what-should-be-recallable,,,,,,,,
react-hook-form.form-context-and-nested-fields,"FormProvider, form context, and deeply nested fields",RECOGNITION,24,550,1.00,_ai-conspects/_knowledge/react-hook-form/form-context-and-nested-fields.md,_ai-conspects/_knowledge/react-hook-form/form-context-and-nested-fields.md#what-should-be-recallable,,,,,,,,
sql-server.procedural-control-flow-variables-and-errors,"SQL Server procedural control flow, variables, and errors",RECOGNITION,24,551,2.00,_ai-conspects/_knowledge/sql-server/procedural-control-flow-variables-and-errors.md,_ai-conspects/_knowledge/sql-server/procedural-control-flow-variables-and-errors.md#what-should-be-recallable,,,,,,,,
typescript.built-in-object-and-union-utility-types,Built-in object and union utility types,RECOGNITION,24,552,1.25,_ai-conspects/_knowledge/typescript/built-in-object-and-union-utility-types.md,_ai-conspects/_knowledge/typescript/built-in-object-and-union-utility-types.md#what-should-be-recallable,,,,,,,,
typescript.class-members-and-accessors,"Static members, getters, and setters",RECOGNITION,24,553,0.75,_ai-conspects/_knowledge/typescript/class-members-and-accessors.md,_ai-conspects/_knowledge/typescript/class-members-and-accessors.md#what-should-be-recallable,,,,,,,,
typescript.constructor-and-instance-types,Constructor and instance types,RECOGNITION,24,554,1.00,_ai-conspects/_knowledge/typescript/constructor-and-instance-types.md,_ai-conspects/_knowledge/typescript/constructor-and-instance-types.md#what-should-be-recallable,,,,,,,,
typescript.constructor-inheritance-and-definite-assignment,"Parameter properties, inheritance, and definite assignment",RECOGNITION,24,555,0.50,_ai-conspects/_knowledge/typescript/constructor-inheritance-and-definite-assignment.md,_ai-conspects/_knowledge/typescript/constructor-inheritance-and-definite-assignment.md#what-should-be-recallable,,,,,,,,
typescript.function-signature-and-async-utility-types,Function signature and async utility types,RECOGNITION,24,556,1.25,_ai-conspects/_knowledge/typescript/function-signature-and-async-utility-types.md,_ai-conspects/_knowledge/typescript/function-signature-and-async-utility-types.md#what-should-be-recallable,,,,,,,,
typescript.generic-default-type-arguments,TypeScript generic default type arguments,RECOGNITION,24,557,1.00,_ai-conspects/_knowledge/typescript/generic-default-type-arguments.md,_ai-conspects/_knowledge/typescript/generic-default-type-arguments.md#what-should-be-recallable,,,,,,,,
typescript.object-value-unions-and-literal-inference,Object value unions and literal inference,RECOGNITION,24,558,1.00,_ai-conspects/_knowledge/typescript/object-value-unions-and-literal-inference.md,_ai-conspects/_knowledge/typescript/object-value-unions-and-literal-inference.md#what-should-be-recallable,,,,,,,,
axios.adapters-progress-and-streaming,"Axios adapters, progress, and streaming",RECOGNITION,25,559,1.25,_ai-conspects/_knowledge/axios/adapters-progress-and-streaming.md,_ai-conspects/_knowledge/axios/adapters-progress-and-streaming.md#what-should-be-recallable,,,,,,,,
dotnet.reflection-element-types-and-byref-parameters,Reflection element types and by-ref parameters,RECOGNITION,25,560,2.00,_ai-conspects/_knowledge/dotnet/reflection-element-types-and-byref-parameters.md,_ai-conspects/_knowledge/dotnet/reflection-element-types-and-byref-parameters.md#what-should-be-recallable,,,,,,,,
dotnet.reflection-events-interfaces-and-member-origin,"Reflection events, interfaces, nested types, and member origin",RECOGNITION,25,561,1.50,_ai-conspects/_knowledge/dotnet/reflection-events-interfaces-and-member-origin.md,_ai-conspects/_knowledge/dotnet/reflection-events-interfaces-and-member-origin.md#what-should-be-recallable,,,,,,,,
dotnet.reflection-fields-properties-and-attributes,"Reflection fields, properties, and attributes",RECOGNITION,25,562,2.00,_ai-conspects/_knowledge/dotnet/reflection-fields-properties-and-attributes.md,_ai-conspects/_knowledge/dotnet/reflection-fields-properties-and-attributes.md#what-should-be-recallable,,,,,,,,
dotnet.reflection-generics-type-checks-and-performance,"Reflection generics, type checks, and performance",RECOGNITION,25,563,2.00,_ai-conspects/_knowledge/dotnet/reflection-generics-type-checks-and-performance.md,_ai-conspects/_knowledge/dotnet/reflection-generics-type-checks-and-performance.md#what-should-be-recallable,,,,,,,,
dotnet.reflection-methods-constructors-and-parameters,"Reflection methods, constructors, and parameters",RECOGNITION,25,564,1.75,_ai-conspects/_knowledge/dotnet/reflection-methods-constructors-and-parameters.md,_ai-conspects/_knowledge/dotnet/reflection-methods-constructors-and-parameters.md#what-should-be-recallable,,,,,,,,
dotnet.reflection-type-members-and-binding-flags,"Reflection Type, members, and BindingFlags",RECOGNITION,25,565,1.75,_ai-conspects/_knowledge/dotnet/reflection-type-members-and-binding-flags.md,_ai-conspects/_knowledge/dotnet/reflection-type-members-and-binding-flags.md#what-should-be-recallable,,,,,,,,
dotnet.string-replacement,C# string replacement choices,RECOGNITION,25,566,0.75,_ai-conspects/_knowledge/dotnet/string-replacement.md,_ai-conspects/_knowledge/dotnet/string-replacement.md#what-should-be-recallable,,,,,,,,
javascript.svg-getbbox-geometry,SVG geometry with getBBox,RECOGNITION,25,567,0.75,_ai-conspects/_knowledge/javascript/svg-getbbox-geometry.md,_ai-conspects/_knowledge/javascript/svg-getbbox-geometry.md#what-should-be-recallable,,,,,,,,
typescript.decorator-wrapping-and-semantics,TypeScript decorator wrapping and semantics,RECOGNITION,25,568,0.75,_ai-conspects/_knowledge/typescript/decorator-wrapping-and-semantics.md,_ai-conspects/_knowledge/typescript/decorator-wrapping-and-semantics.md#what-should-be-recallable,,,,,,,,
dotnet.string-trimming-boundaries,C# string trimming boundaries,MAP_ONLY,25,569,0.75,_ai-conspects/_knowledge/dotnet/string-trimming-boundaries.md,_ai-conspects/_knowledge/dotnet/string-trimming-boundaries.md#what-should-be-recallable,,,,,,,,
css.bem-component-naming,BEM component naming and Sass organization,MAP_ONLY,25,570,0.75,_ai-conspects/_knowledge/css/bem-component-naming.md,_ai-conspects/_knowledge/css/bem-component-naming.md#what-should-be-recallable,,,,,,,,
css.not-selector-exclusion,CSS selector exclusion with `:not()`,MAP_ONLY,25,571,1.00,_ai-conspects/_knowledge/css/not-selector-exclusion.md,_ai-conspects/_knowledge/css/not-selector-exclusion.md#what-should-be-recallable,,,,,,,,
css.programmatic-inline-styles,Programmatic inline CSS styles,MAP_ONLY,25,572,1.00,_ai-conspects/_knowledge/css/programmatic-inline-styles.md,_ai-conspects/_knowledge/css/programmatic-inline-styles.md#what-should-be-recallable,,,,,,,,
dotnet.array-removal-and-copying,C# array removal and copying,MAP_ONLY,25,573,1.00,_ai-conspects/_knowledge/dotnet/array-removal-and-copying.md,_ai-conspects/_knowledge/dotnet/array-removal-and-copying.md#what-should-be-recallable,,,,,,,,
dotnet.xor-semantics-and-collection-equality,XOR semantics and collection equality alternatives,MAP_ONLY,25,574,0.50,_ai-conspects/_knowledge/dotnet/xor-semantics-and-collection-equality.md,_ai-conspects/_knowledge/dotnet/xor-semantics-and-collection-equality.md#what-should-be-recallable,,,,,,,,
javascript.last-array-and-iterable-element,Reading the last array or iterable element,MAP_ONLY,25,575,1.00,_ai-conspects/_knowledge/javascript/last-array-and-iterable-element.md,_ai-conspects/_knowledge/javascript/last-array-and-iterable-element.md#what-should-be-recallable,,,,,,,,
typescript.custom-mapped-utilities-prettify-and-xor,Custom mapped utilities: Prettify and XOR,MAP_ONLY,25,576,1.25,_ai-conspects/_knowledge/typescript/custom-mapped-utilities-prettify-and-xor.md,_ai-conspects/_knowledge/typescript/custom-mapped-utilities-prettify-and-xor.md#what-should-be-recallable,,,,,,,,
