"KnowledgeId","Topic","Area","Unit","File","SourceStatus","ReviewPriority","LearningState","LastReview","ProvisionalRecall","FinalRecall","CompletedGapDays","IntervalStage","NextReview","NextType","NextScope","ConsecutiveFours","OpenQuestionCount","HistoryPath","OverrideReason"
"algorithms.binary-code-coverage-sliding-window","algorithms","cross-cutting","Binary-code coverage with a rolling sliding window","_ai-conspects/_knowledge/algorithms/binary-code-coverage-sliding-window.md","UNKNOWN","UNASSESSED","NOT_REVIEWED","","","","","","","CALIBRATION","whole unit","0","0","",""
"algorithms.fixed-width-bitmask-window","algorithms","cross-cutting","Fixed-width rolling windows with a low-bit mask","_ai-conspects/_knowledge/algorithms/fixed-width-bitmask-window.md","UNKNOWN","UNASSESSED","NOT_REVIEWED","","","","","","","CALIBRATION","whole unit","0","0","",""
"architecture.server-resource-saturation","architecture","backend","Finite server resources and saturation","_ai-conspects/_knowledge/architecture/server-resource-saturation.md","UNKNOWN","UNASSESSED","NOT_REVIEWED","","","","","","","CALIBRATION","whole unit","0","0","",""
"architecture.horizontal-scaling-and-state","architecture","backend","Horizontal scaling, shared state, and downstream capacity","_ai-conspects/_knowledge/architecture/horizontal-scaling-and-state.md","UNKNOWN","UNASSESSED","NOT_REVIEWED","","","","","","","CALIBRATION","whole unit","0","0","",""
"architecture.microservices-boundaries-and-costs","architecture","backend","Microservice boundaries, benefits, and distributed-system costs","_ai-conspects/_knowledge/architecture/microservices-boundaries-and-costs.md","UNKNOWN","UNASSESSED","NOT_REVIEWED","","","","","","","CALIBRATION","whole unit","0","0","",""
"architecture.projections-vs-partial-aggregates","architecture","backend","Projections versus partially initialized aggregates","_ai-conspects/_knowledge/architecture/projections-vs-partial-aggregates.md","UNKNOWN","UNASSESSED","NOT_REVIEWED","","","","","","","CALIBRATION","whole unit","0","0","",""
"architecture.relationship-ownership-and-association-entities","architecture","backend","Relationship ownership and association entities","_ai-conspects/_knowledge/architecture/relationship-ownership-and-association-entities.md","UNKNOWN","UNASSESSED","NOT_REVIEWED","","","","","","","CALIBRATION","whole unit","0","0","",""
"architecture.execution-memory-and-failure-boundaries","architecture","backend","Execution, memory, and failure boundaries","_ai-conspects/_knowledge/architecture/execution-memory-and-failure-boundaries.md","UNKNOWN","UNASSESSED","NOT_REVIEWED","","","","","","","CALIBRATION","whole unit","0","0","",""
"architecture.runtime-compiler-and-sdk-responsibilities","architecture","backend","Runtime, compiler, and SDK responsibilities","_ai-conspects/_knowledge/architecture/runtime-compiler-and-sdk-responsibilities.md","UNKNOWN","UNASSESSED","NOT_REVIEWED","","","","","","","CALIBRATION","whole unit","0","0","",""
"architecture.abstraction-hierarchy-and-intent","architecture","backend","Abstraction hierarchy and intention-revealing code","_ai-conspects/_knowledge/architecture/abstraction-hierarchy-and-intent.md","UNKNOWN","UNASSESSED","NOT_REVIEWED","","","","","","","CALIBRATION","whole unit","0","0","",""
"architecture.encapsulation-invariants-and-legal-transitions","architecture","backend","Encapsulation, invariants, and legal state transitions","_ai-conspects/_knowledge/architecture/encapsulation-invariants-and-legal-transitions.md","UNKNOWN","UNASSESSED","NOT_REVIEWED","","","","","","","CALIBRATION","whole unit","0","0","",""
"architecture.bff-token-storage-and-refresh-lifecycle","architecture","backend","BFF token storage and refresh lifecycle","_ai-conspects/_knowledge/architecture/bff-token-storage-and-refresh-lifecycle.md","UNKNOWN","UNASSESSED","NOT_REVIEWED","","","","","","","CALIBRATION","whole unit","0","0","",""
"architecture.client-state-persistence-snapshot-lifecycle","architecture","backend","Client-state persistence snapshots, hydration, and write policy","_ai-conspects/_knowledge/architecture/client-state-persistence-snapshot-lifecycle.md","UNKNOWN","UNASSESSED","NOT_REVIEWED","","","","","","","CALIBRATION","whole unit","0","0","",""
"architecture.forward-and-reverse-proxy-roles","architecture","backend","Forward and reverse proxy roles","_ai-conspects/_knowledge/architecture/forward-and-reverse-proxy-roles.md","UNKNOWN","UNASSESSED","NOT_REVIEWED","","","","","","","CALIBRATION","whole unit","0","0","",""
"architecture.reverse-proxy-central-routing-and-policy","architecture","backend","Reverse-proxy central routing and policy","_ai-conspects/_knowledge/architecture/reverse-proxy-central-routing-and-policy.md","UNKNOWN","UNASSESSED","NOT_REVIEWED","","","","","","","CALIBRATION","whole unit","0","0","",""
"architecture.reverse-proxy-edge-tls-isolation-and-offload","architecture","backend","Reverse-proxy edge TLS, isolation, and offload","_ai-conspects/_knowledge/architecture/reverse-proxy-edge-tls-isolation-and-offload.md","UNKNOWN","UNASSESSED","NOT_REVIEWED","","","","","","","CALIBRATION","whole unit","0","0","",""
"aspnet-core.cors-middleware-preflight","aspnet-core","backend","CORS middleware and preflight handling","_ai-conspects/_knowledge/aspnet-core/cors-middleware-preflight.md","UNKNOWN","UNASSESSED","NOT_REVIEWED","","","","","","","CALIBRATION","whole unit","0","0","",""
"aspnet-core.httpcontext-items","aspnet-core","backend","HttpContext.Items and collision-safe request data","_ai-conspects/_knowledge/aspnet-core/httpcontext-items.md","UNKNOWN","UNASSESSED","NOT_REVIEWED","","","","","","","CALIBRATION","whole unit","0","0","",""
"aspnet-core.httpcontext-features","aspnet-core","backend","HttpContext.Features and typed capability contracts","_ai-conspects/_knowledge/aspnet-core/httpcontext-features.md","UNKNOWN","UNASSESSED","NOT_REVIEWED","","","","","","","CALIBRATION","whole unit","0","0","",""
"aspnet-core.exception-handler-features","aspnet-core","backend","Exception-handler features and original request context","_ai-conspects/_knowledge/aspnet-core/exception-handler-features.md","UNKNOWN","UNASSESSED","NOT_REVIEWED","","","","","","","CALIBRATION","whole unit","0","0","",""
"aspnet-core.razor-service-injection","aspnet-core","backend","Service injection and request context in Razor views","_ai-conspects/_knowledge/aspnet-core/razor-service-injection.md","UNKNOWN","UNASSESSED","NOT_REVIEWED","","","","","","","CALIBRATION","whole unit","0","0","",""
"aspnet-core.razor-layouts-viewdata-tempdata-tag-helpers-and-fragments","aspnet-core","backend","Razor layouts, ViewData, TempData, tag helpers, and reusable view fragments","_ai-conspects/_knowledge/aspnet-core/razor-layouts-viewdata-tempdata-tag-helpers-and-fragments.md","UNKNOWN","UNASSESSED","NOT_REVIEWED","","","","","","","CALIBRATION","whole unit","0","0","",""
"aspnet-core.cross-property-model-validation","aspnet-core","backend","Cross-property validation with IValidatableObject and ValidationAttribute","_ai-conspects/_knowledge/aspnet-core/cross-property-model-validation.md","UNKNOWN","UNASSESSED","NOT_REVIEWED","","","","","","","CALIBRATION","whole unit","0","0","",""
"aspnet-core.localizer-resource-resolution","aspnet-core","backend","IStringLocalizer and IViewLocalizer resource resolution","_ai-conspects/_knowledge/aspnet-core/localizer-resource-resolution.md","UNKNOWN","UNASSESSED","NOT_REVIEWED","","","","","","","CALIBRATION","whole unit","0","0","",""
"aspnet-core.request-aborted-propagation","aspnet-core","backend","RequestAborted propagation in middleware and filters","_ai-conspects/_knowledge/aspnet-core/request-aborted-propagation.md","UNKNOWN","UNASSESSED","NOT_REVIEWED","","","","","","","CALIBRATION","whole unit","0","0","",""
"aspnet-core.safe-return-url-login-flow","aspnet-core","backend","Safe returnUrl flow for Razor login","_ai-conspects/_knowledge/aspnet-core/safe-return-url-login-flow.md","UNKNOWN","UNASSESSED","NOT_REVIEWED","","","","","","","CALIBRATION","whole unit","0","0","",""
"aspnet-core.system-text-json-configuration","aspnet-core","backend","System.Text.Json configuration in ASP.NET Core","_ai-conspects/_knowledge/aspnet-core/system-text-json-configuration.md","UNKNOWN","UNASSESSED","NOT_REVIEWED","","","","","","","CALIBRATION","whole unit","0","0","",""
"aspnet-core.link-generator-and-public-origin","aspnet-core","backend","LinkGenerator, named endpoints, and public origin","_ai-conspects/_knowledge/aspnet-core/link-generator-and-public-origin.md","UNKNOWN","UNASSESSED","NOT_REVIEWED","","","","","","","CALIBRATION","whole unit","0","0","",""
"aspnet-core.razor-tag-helpers-and-partials","aspnet-core","backend","Built-in Razor Tag Helpers and partials","_ai-conspects/_knowledge/aspnet-core/razor-tag-helpers-and-partials.md","UNKNOWN","UNASSESSED","NOT_REVIEWED","","","","","","","CALIBRATION","whole unit","0","0","",""
"aspnet-core.mvc-display-editor-templates","aspnet-core","backend","MVC display and editor templates","_ai-conspects/_knowledge/aspnet-core/mvc-display-editor-templates.md","UNKNOWN","UNASSESSED","NOT_REVIEWED","","","","","","","CALIBRATION","whole unit","0","0","",""
"aspnet-core.explicit-head-endpoints","aspnet-core","backend","Explicit ASP.NET Core HEAD endpoints","_ai-conspects/_knowledge/aspnet-core/explicit-head-endpoints.md","UNKNOWN","UNASSESSED","NOT_REVIEWED","","","","","","","CALIBRATION","whole unit","0","0","",""
"aspnet-core.cookie-policy-consent-and-defaults","aspnet-core","backend","Cookie policy, consent, and defaults","_ai-conspects/_knowledge/aspnet-core/cookie-policy-consent-and-defaults.md","UNKNOWN","UNASSESSED","NOT_REVIEWED","","","","","","","CALIBRATION","whole unit","0","0","",""
"aspnet-core.cookie-policy-callbacks-and-deletion","aspnet-core","backend","Cookie policy callbacks and deletion symmetry","_ai-conspects/_knowledge/aspnet-core/cookie-policy-callbacks-and-deletion.md","UNKNOWN","UNASSESSED","NOT_REVIEWED","","","","","","","CALIBRATION","whole unit","0","0","",""
"aspnet-core.request-decompression-stream-ownership","aspnet-core","backend","Request decompression and stream ownership","_ai-conspects/_knowledge/aspnet-core/request-decompression-stream-ownership.md","UNKNOWN","UNASSESSED","NOT_REVIEWED","","","","","","","CALIBRATION","whole unit","0","0","",""
"aspnet-core.antiforgery-token-lifecycle","aspnet-core","backend","Antiforgery token lifecycle","_ai-conspects/_knowledge/aspnet-core/antiforgery-token-lifecycle.md","UNKNOWN","UNASSESSED","NOT_REVIEWED","","","","","","","CALIBRATION","whole unit","0","0","",""
"aspnet-core.data-protection-reset-tokens","aspnet-core","backend","Data Protection password-reset tokens","_ai-conspects/_knowledge/aspnet-core/data-protection-reset-tokens.md","UNKNOWN","UNASSESSED","NOT_REVIEWED","","","","","","","CALIBRATION","whole unit","0","0","",""
"aspnet-core.collection-filter-search-query-composition","aspnet-core","backend","Collection filtering and search query composition","_ai-conspects/_knowledge/aspnet-core/collection-filter-search-query-composition.md","UNKNOWN","UNASSESSED","NOT_REVIEWED","","","","","","","CALIBRATION","whole unit","0","0","",""
"aspnet-core.razor-presentation-security-boundary","aspnet-core","backend","Presentation decisions versus security enforcement in Razor","_ai-conspects/_knowledge/aspnet-core/razor-presentation-security-boundary.md","UNKNOWN","UNASSESSED","NOT_REVIEWED","","","","","","","CALIBRATION","whole unit","0","0","",""
"aspnet-core.custom-route-constraints","aspnet-core","backend","Custom route constraints and endpoint matching","_ai-conspects/_knowledge/aspnet-core/custom-route-constraints.md","UNKNOWN","UNASSESSED","NOT_REVIEWED","","","","","","","CALIBRATION","whole unit","0","0","",""
"aspnet-core.dynamic-data-shaping","aspnet-core","backend","ASP.NET Core dynamic data shaping","_ai-conspects/_knowledge/aspnet-core/dynamic-data-shaping.md","UNKNOWN","UNASSESSED","NOT_REVIEWED","","","","","","","CALIBRATION","whole unit","0","0","",""
"aspnet-core.route-and-query-collection-binding","aspnet-core","backend","Route and query collection binding","_ai-conspects/_knowledge/aspnet-core/route-and-query-collection-binding.md","UNKNOWN","UNASSESSED","NOT_REVIEWED","","","","","","","CALIBRATION","whole unit","0","0","",""
"aspnet-core.nested-resource-route-design","aspnet-core","backend","Nested resource route design","_ai-conspects/_knowledge/aspnet-core/nested-resource-route-design.md","UNKNOWN","UNASSESSED","NOT_REVIEWED","","","","","","","CALIBRATION","whole unit","0","0","",""
"aspnet-core.public-sorting-property-mapping","aspnet-core","backend","Public sorting and property mapping","_ai-conspects/_knowledge/aspnet-core/public-sorting-property-mapping.md","UNKNOWN","UNASSESSED","NOT_REVIEWED","","","","","","","CALIBRATION","whole unit","0","0","",""
"aspnet-core.identity-account-and-jwt-flows","aspnet-core","backend","Identity account and JWT flows","_ai-conspects/_knowledge/aspnet-core/identity-account-and-jwt-flows.md","UNKNOWN","UNASSESSED","NOT_REVIEWED","","","","","","","CALIBRATION","whole unit","0","0","",""
"aspnet-core.api-behavior-validation-and-client-errors","aspnet-core","backend","API behavior, validation, and client errors","_ai-conspects/_knowledge/aspnet-core/api-behavior-validation-and-client-errors.md","UNKNOWN","UNASSESSED","NOT_REVIEWED","","","","","","","CALIBRATION","whole unit","0","0","",""
"aspnet-core.modelstate-binding-validation-and-revalidation","aspnet-core","backend","ModelState binding, validation, and revalidation","_ai-conspects/_knowledge/aspnet-core/modelstate-binding-validation-and-revalidation.md","UNKNOWN","UNASSESSED","NOT_REVIEWED","","","","","","","CALIBRATION","whole unit","0","0","",""
"aspnet-core.view-components-server-rendered-widgets","aspnet-core","backend","View Components as server-rendered widgets","_ai-conspects/_knowledge/aspnet-core/view-components-server-rendered-widgets.md","UNKNOWN","UNASSESSED","NOT_REVIEWED","","","","","","","CALIBRATION","whole unit","0","0","",""
"aspnet-core.action-parameter-binding-sources","aspnet-core","backend","Action parameter binding sources","_ai-conspects/_knowledge/aspnet-core/action-parameter-binding-sources.md","UNKNOWN","UNASSESSED","NOT_REVIEWED","","","","","","","CALIBRATION","whole unit","0","0","",""
"aspnet-core.cookie-auth-api-challenge-responses","aspnet-core","backend","Cookie authentication responses for pages and APIs","_ai-conspects/_knowledge/aspnet-core/cookie-auth-api-challenge-responses.md","UNKNOWN","UNASSESSED","NOT_REVIEWED","","","","","","","CALIBRATION","whole unit","0","0","",""
"aspnet-core.totp-enrollment-and-verification","aspnet-core","backend","TOTP enrollment and verification","_ai-conspects/_knowledge/aspnet-core/totp-enrollment-and-verification.md","UNKNOWN","UNASSESSED","NOT_REVIEWED","","","","","","","CALIBRATION","whole unit","0","0","",""
"aspnet-core.otpauth-uri-construction","aspnet-core","backend","otpauth URI construction for TOTP provisioning","_ai-conspects/_knowledge/aspnet-core/otpauth-uri-construction.md","UNKNOWN","UNASSESSED","NOT_REVIEWED","","","","","","","CALIBRATION","whole unit","0","0","",""
"aspnet-core.request-cancellation-and-pipeline-short-circuiting","aspnet-core","backend","Request cancellation and pipeline short-circuiting","_ai-conspects/_knowledge/aspnet-core/request-cancellation-and-pipeline-short-circuiting.md","UNKNOWN","UNASSESSED","NOT_REVIEWED","","","","","","","CALIBRATION","whole unit","0","0","",""
"aspnet-core.view-component-partial-updates","aspnet-core","backend","Partial updates for View Components","_ai-conspects/_knowledge/aspnet-core/view-component-partial-updates.md","UNKNOWN","UNASSESSED","NOT_REVIEWED","","","","","","","CALIBRATION","whole unit","0","0","",""
"aspnet-core.request-response-streams-and-pipelines","aspnet-core","backend","Request and response streams with pipelines","_ai-conspects/_knowledge/aspnet-core/request-response-streams-and-pipelines.md","UNKNOWN","UNASSESSED","NOT_REVIEWED","","","","","","","CALIBRATION","whole unit","0","0","",""
"aspnet-core.jquery-unobtrusive-validation-for-dynamic-forms","aspnet-core","backend","jQuery unobtrusive validation for dynamic forms","_ai-conspects/_knowledge/aspnet-core/jquery-unobtrusive-validation-for-dynamic-forms.md","UNKNOWN","UNASSESSED","NOT_REVIEWED","","","","","","","CALIBRATION","whole unit","0","0","",""
"aspnet-core.cookie-authentication-ticket-and-principal-lifecycle","aspnet-core","backend","Cookie authentication ticket and principal lifecycle","_ai-conspects/_knowledge/aspnet-core/cookie-authentication-ticket-and-principal-lifecycle.md","UNKNOWN","UNASSESSED","NOT_REVIEWED","","","","","","","CALIBRATION","whole unit","0","0","",""
"aspnet-core.basic-authentication-handler-and-clients","aspnet-core","backend","Basic authentication handler and clients","_ai-conspects/_knowledge/aspnet-core/basic-authentication-handler-and-clients.md","UNKNOWN","UNASSESSED","NOT_REVIEWED","","","","","","","CALIBRATION","whole unit","0","0","",""
"aspnet-core.patch-models-application-and-validation","aspnet-core","backend","PATCH models, application, and validation","_ai-conspects/_knowledge/aspnet-core/patch-models-application-and-validation.md","UNKNOWN","UNASSESSED","NOT_REVIEWED","","","","","","","CALIBRATION","whole unit","0","0","",""
"aspnet-core.json-patch-formatters-and-content-negotiation","aspnet-core","backend","JSON Patch formatters and content negotiation","_ai-conspects/_knowledge/aspnet-core/json-patch-formatters-and-content-negotiation.md","UNKNOWN","UNASSESSED","NOT_REVIEWED","","","","","","","CALIBRATION","whole unit","0","0","",""
"aspnet-core.response-and-output-caching-policies","aspnet-core","backend","Response and output caching policies","_ai-conspects/_knowledge/aspnet-core/response-and-output-caching-policies.md","UNKNOWN","UNASSESSED","NOT_REVIEWED","","","","","","","CALIBRATION","whole unit","0","0","",""
"aspnet-core.output-cache-admission-and-policy-lifecycle","aspnet-core","backend","Output Cache admission and policy lifecycle","_ai-conspects/_knowledge/aspnet-core/output-cache-admission-and-policy-lifecycle.md","UNKNOWN","UNASSESSED","NOT_REVIEWED","","","","","","","CALIBRATION","whole unit","0","0","",""
"aspnet-core.claims-transformation-lifecycle","aspnet-core","backend","Claims transformation lifecycle","_ai-conspects/_knowledge/aspnet-core/claims-transformation-lifecycle.md","UNKNOWN","UNASSESSED","NOT_REVIEWED","","","","","","","CALIBRATION","whole unit","0","0","",""
"aspnet-core.media-type-formatters-and-406-415","aspnet-core","backend","Media-type formatters and 406/415","_ai-conspects/_knowledge/aspnet-core/media-type-formatters-and-406-415.md","UNKNOWN","UNASSESSED","NOT_REVIEWED","","","","","","","CALIBRATION","whole unit","0","0","",""
"aspnet-core.imemorycache-expiration-invalidation-and-stampede","aspnet-core","backend","IMemoryCache expiration, invalidation, and stampede control","_ai-conspects/_knowledge/aspnet-core/imemorycache-expiration-invalidation-and-stampede.md","UNKNOWN","UNASSESSED","NOT_REVIEWED","","","","","","","CALIBRATION","whole unit","0","0","",""
"aspnet-core.razor-view-discovery-conventions","aspnet-core","backend","Razor view discovery conventions","_ai-conspects/_knowledge/aspnet-core/razor-view-discovery-conventions.md","UNKNOWN","UNASSESSED","NOT_REVIEWED","","","","","","","CALIBRATION","whole unit","0","0","",""
"aspnet-core.middleware-ordering-short-circuit-and-json","aspnet-core","backend","Middleware ordering, short-circuiting, and JSON responses","_ai-conspects/_knowledge/aspnet-core/middleware-ordering-short-circuit-and-json.md","UNKNOWN","HIGH","NOT_REVIEWED","","","","","","","CALIBRATION","whole unit","0","0","",""
"aspnet-core.output-cache-safety-value-and-locking","aspnet-core","backend","Output Cache safety, value, and locking decisions","_ai-conspects/_knowledge/aspnet-core/output-cache-safety-value-and-locking.md","UNKNOWN","UNASSESSED","NOT_REVIEWED","","","","","","","CALIBRATION","whole unit","0","0","",""
"aspnet-core.endpoint-metadata-and-mvc-action-descriptors","aspnet-core","backend","Endpoint metadata and MVC action descriptors","_ai-conspects/_knowledge/aspnet-core/endpoint-metadata-and-mvc-action-descriptors.md","UNKNOWN","UNASSESSED","NOT_REVIEWED","","","","","","","CALIBRATION","whole unit","0","0","",""
"aspnet-core.rate-limiter-policies-and-endpoint-middleware","aspnet-core","backend","Rate-limiter policies and endpoint middleware","_ai-conspects/_knowledge/aspnet-core/rate-limiter-policies-and-endpoint-middleware.md","UNKNOWN","UNASSESSED","NOT_REVIEWED","","","","","","","CALIBRATION","whole unit","0","0","",""
"aspnet-core.account-lockout-and-failed-login-throttling","aspnet-core","backend","Account lockout and failed-login throttling","_ai-conspects/_knowledge/aspnet-core/account-lockout-and-failed-login-throttling.md","UNKNOWN","UNASSESSED","NOT_REVIEWED","","","","","","","CALIBRATION","whole unit","0","0","",""
"aspnet-core.account-activation-email-confirmation-flow","aspnet-core","backend","Account activation email confirmation flow","_ai-conspects/_knowledge/aspnet-core/account-activation-email-confirmation-flow.md","UNKNOWN","UNASSESSED","NOT_REVIEWED","","","","","","","CALIBRATION","whole unit","0","0","",""
"aspnet-core.authorization-policy-requirements-and-pending-lifecycle","aspnet-core","backend","Authorization policy requirements and the PendingRequirements lifecycle","_ai-conspects/_knowledge/aspnet-core/authorization-policy-requirements-and-pending-lifecycle.md","UNKNOWN","UNASSESSED","NOT_REVIEWED","","","","","","","CALIBRATION","whole unit","0","0","",""
"aspnet-core.authorization-middleware-policy-evaluator-and-result-handler","aspnet-core","backend","Authorization middleware, policy evaluator, and result-handler flow","_ai-conspects/_knowledge/aspnet-core/authorization-middleware-policy-evaluator-and-result-handler.md","UNKNOWN","UNASSESSED","NOT_REVIEWED","","","","","","","CALIBRATION","whole unit","0","0","",""
"aspnet-core.cache-control-headers-responsecache-attribute-and-middleware","aspnet-core","backend","Cache-Control headers, ResponseCacheAttribute, and Response Caching middleware","_ai-conspects/_knowledge/aspnet-core/cache-control-headers-responsecache-attribute-and-middleware.md","UNKNOWN","UNASSESSED","NOT_REVIEWED","","","","","","","CALIBRATION","whole unit","0","0","",""
"aspnet-core.authentication-schemes-oidc-events-and-tickets","aspnet-core","backend","Authentication schemes, OIDC events, and tickets","_ai-conspects/_knowledge/aspnet-core/authentication-schemes-oidc-events-and-tickets.md","UNKNOWN","UNASSESSED","NOT_REVIEWED","","","","","","","CALIBRATION","whole unit","0","0","",""
"aspnet-core.status-code-pages-and-problem-details","aspnet-core","backend","Status Code Pages and Problem Details responses","_ai-conspects/_knowledge/aspnet-core/status-code-pages-and-problem-details.md","UNKNOWN","UNASSESSED","NOT_REVIEWED","","","","","","","CALIBRATION","whole unit","0","0","",""
"aspnet-core.createdat-route-generation","aspnet-core","backend","CreatedAt route generation for creation endpoints","_ai-conspects/_knowledge/aspnet-core/createdat-route-generation.md","UNKNOWN","UNASSESSED","NOT_REVIEWED","","","","","","","CALIBRATION","whole unit","0","0","",""
"aspnet-core.windows-authentication-negotiate-hosting","aspnet-core","backend","Windows Authentication with Negotiate and hosting","_ai-conspects/_knowledge/aspnet-core/windows-authentication-negotiate-hosting.md","UNKNOWN","UNASSESSED","NOT_REVIEWED","","","","","","","CALIBRATION","whole unit","0","0","",""
"aspnet-core.hateoas-link-generation-and-resource-envelopes","aspnet-core","backend","HATEOAS link generation and resource envelopes","_ai-conspects/_knowledge/aspnet-core/hateoas-link-generation-and-resource-envelopes.md","UNKNOWN","UNASSESSED","NOT_REVIEWED","","","","","","","CALIBRATION","whole unit","0","0","",""
"aspnet-core.paged-list-query-and-consistency","aspnet-core","backend","Paged-list query execution and consistency","_ai-conspects/_knowledge/aspnet-core/paged-list-query-and-consistency.md","UNKNOWN","UNASSESSED","NOT_REVIEWED","","","","","","","CALIBRATION","whole unit","0","0","",""
"aspnet-core.cookie-authentication-event-lifecycle","aspnet-core","backend","Cookie authentication event lifecycle","_ai-conspects/_knowledge/aspnet-core/cookie-authentication-event-lifecycle.md","UNKNOWN","UNASSESSED","NOT_REVIEWED","","","","","","","CALIBRATION","whole unit","0","0","",""
"aspnet-core.jwt-bearer-event-lifecycle","aspnet-core","backend","JWT bearer event lifecycle","_ai-conspects/_knowledge/aspnet-core/jwt-bearer-event-lifecycle.md","UNKNOWN","UNASSESSED","NOT_REVIEWED","","","","","","","CALIBRATION","whole unit","0","0","",""
"aspnet-core.distributed-cache-storage-and-invalidation","aspnet-core","backend","Distributed cache storage, expiration, and invalidation","_ai-conspects/_knowledge/aspnet-core/distributed-cache-storage-and-invalidation.md","UNKNOWN","UNASSESSED","NOT_REVIEWED","","","","","","","CALIBRATION","whole unit","0","0","",""
"aspnet-core.websocket-endpoint-lifecycle-and-security","aspnet-core","backend","ASP.NET Core WebSocket endpoint lifecycle and security","_ai-conspects/_knowledge/aspnet-core/websocket-endpoint-lifecycle-and-security.md","UNKNOWN","UNASSESSED","NOT_REVIEWED","","","","","","","CALIBRATION","whole unit","0","0","",""
"aspnet-core.authentication-properties-operation-and-session-state","aspnet-core","backend","AuthenticationProperties operation and session state","_ai-conspects/_knowledge/aspnet-core/authentication-properties-operation-and-session-state.md","UNKNOWN","UNASSESSED","NOT_REVIEWED","","","","","","","CALIBRATION","whole unit","0","0","",""
"aspnet-core.authentication-ticket-principal-and-request-user","aspnet-core","backend","AuthenticationTicket, ClaimsPrincipal, and the request user","_ai-conspects/_knowledge/aspnet-core/authentication-ticket-principal-and-request-user.md","UNKNOWN","UNASSESSED","NOT_REVIEWED","","","","","","","CALIBRATION","whole unit","0","0","",""
"aspnet-core.mvc-application-model-convention-lifecycle","aspnet-core","backend","MVC application-model convention lifecycle and scope","_ai-conspects/_knowledge/aspnet-core/mvc-application-model-convention-lifecycle.md","UNKNOWN","UNASSESSED","NOT_REVIEWED","","","","","","","CALIBRATION","whole unit","0","0","",""
"aspnet-core.mvc-application-controller-and-action-models","aspnet-core","backend","MVC ApplicationModel, ControllerModel, and ActionModel","_ai-conspects/_knowledge/aspnet-core/mvc-application-controller-and-action-models.md","UNKNOWN","UNASSESSED","NOT_REVIEWED","","","","","","","CALIBRATION","whole unit","0","0","",""
"aspnet-core.mvc-parameter-selector-route-and-api-explorer-models","aspnet-core","backend","MVC parameter, selector, route, and API Explorer models","_ai-conspects/_knowledge/aspnet-core/mvc-parameter-selector-route-and-api-explorer-models.md","UNKNOWN","UNASSESSED","NOT_REVIEWED","","","","","","","CALIBRATION","whole unit","0","0","",""
"aspnet-core.options-binding-names-and-access-lifetimes","aspnet-core","backend","ASP.NET Core options binding, names, and access lifetimes","_ai-conspects/_knowledge/aspnet-core/options-binding-names-and-access-lifetimes.md","UNKNOWN","UNASSESSED","NOT_REVIEWED","","","","","","","CALIBRATION","whole unit","0","0","",""
"aspnet-core.options-validation-and-startup-failure","aspnet-core","backend","ASP.NET Core options validation and startup failure","_ai-conspects/_knowledge/aspnet-core/options-validation-and-startup-failure.md","UNKNOWN","UNASSESSED","NOT_REVIEWED","","","","","","","CALIBRATION","whole unit","0","0","",""
"aspnet-core.options-configuration-pipeline-and-di","aspnet-core","backend","ASP.NET Core options configuration pipeline and dependency injection","_ai-conspects/_knowledge/aspnet-core/options-configuration-pipeline-and-di.md","UNKNOWN","UNASSESSED","NOT_REVIEWED","","","","","","","CALIBRATION","whole unit","0","0","",""
"aspnet-core.options-monitor-reload-and-background-services","aspnet-core","backend","ASP.NET Core options monitoring, reload, and background services","_ai-conspects/_knowledge/aspnet-core/options-monitor-reload-and-background-services.md","UNKNOWN","UNASSESSED","NOT_REVIEWED","","","","","","","CALIBRATION","whole unit","0","0","",""
"aspnet-core.json-xml-formatters-and-default-order","aspnet-core","backend","ASP.NET Core JSON/XML formatters and default order","_ai-conspects/_knowledge/aspnet-core/json-xml-formatters-and-default-order.md","UNKNOWN","UNASSESSED","NOT_REVIEWED","","","","","","","CALIBRATION","whole unit","0","0","",""
"aspnet-core.semantic-media-types-and-formatter-contracts","aspnet-core","backend","ASP.NET Core semantic media types and formatter contracts","_ai-conspects/_knowledge/aspnet-core/semantic-media-types-and-formatter-contracts.md","UNKNOWN","UNASSESSED","NOT_REVIEWED","","","","","","","CALIBRATION","whole unit","0","0","",""
"aspnet-core.di-scope-lifetime-and-disposal","aspnet-core","backend","DI scope lifetime and disposal ownership","_ai-conspects/_knowledge/aspnet-core/di-scope-lifetime-and-disposal.md","UNKNOWN","HIGH","NOT_REVIEWED","","","","","","","CALIBRATION","whole unit","0","0","",""
"aspnet-core.exception-middleware-response-lifecycle","aspnet-core","backend","Exception middleware response lifecycle and status mapping","_ai-conspects/_knowledge/aspnet-core/exception-middleware-response-lifecycle.md","UNKNOWN","UNASSESSED","NOT_REVIEWED","","","","","","","CALIBRATION","whole unit","0","0","",""
"aspnet-core.problem-details-writers-context-and-metadata","aspnet-core","backend","Problem Details writers, context, and endpoint metadata","_ai-conspects/_knowledge/aspnet-core/problem-details-writers-context-and-metadata.md","UNKNOWN","UNASSESSED","NOT_REVIEWED","","","","","","","CALIBRATION","whole unit","0","0","",""
"aspnet-core.response-body-shapes-and-streaming-output","aspnet-core","backend","Response body shapes and streaming output choices","_ai-conspects/_knowledge/aspnet-core/response-body-shapes-and-streaming-output.md","UNKNOWN","UNASSESSED","NOT_REVIEWED","","","","","","","CALIBRATION","whole unit","0","0","",""
"aspnet-core.request-body-binding-raw-access-and-replay-buffering","aspnet-core","backend","Request-body binding, raw access, and replay buffering","_ai-conspects/_knowledge/aspnet-core/request-body-binding-raw-access-and-replay-buffering.md","UNKNOWN","UNASSESSED","NOT_REVIEWED","","","","","","","CALIBRATION","whole unit","0","0","",""
"aspnet-core.mvc-filter-pipeline-stages-and-ordering","aspnet-core","backend","MVC filter pipeline stages and ordering","_ai-conspects/_knowledge/aspnet-core/mvc-filter-pipeline-stages-and-ordering.md","UNKNOWN","UNASSESSED","NOT_REVIEWED","","","","","","","CALIBRATION","whole unit","0","0","",""
"aspnet-core.mvc-resource-action-and-result-filter-mechanics","aspnet-core","backend","MVC resource, action, and result filter mechanics","_ai-conspects/_knowledge/aspnet-core/mvc-resource-action-and-result-filter-mechanics.md","UNKNOWN","UNASSESSED","NOT_REVIEWED","","","","","","","CALIBRATION","whole unit","0","0","",""
"aspnet-core.mvc-filter-activation-di-and-factories","aspnet-core","backend","MVC filter activation, DI, and factories","_ai-conspects/_knowledge/aspnet-core/mvc-filter-activation-di-and-factories.md","UNKNOWN","UNASSESSED","NOT_REVIEWED","","","","","","","CALIBRATION","whole unit","0","0","",""
"aspnet-core.mvc-exception-filters-and-error-results","aspnet-core","backend","MVC exception filters and error results","_ai-conspects/_knowledge/aspnet-core/mvc-exception-filters-and-error-results.md","UNKNOWN","UNASSESSED","NOT_REVIEWED","","","","","","","CALIBRATION","whole unit","0","0","",""
"aspnet-core.mvc-filters-vs-middleware-selection-and-lifetimes","aspnet-core","backend","MVC filters versus middleware: selection and lifetimes","_ai-conspects/_knowledge/aspnet-core/mvc-filters-vs-middleware-selection-and-lifetimes.md","UNKNOWN","UNASSESSED","NOT_REVIEWED","","","","","","","CALIBRATION","whole unit","0","0","",""
"aspnet-core.mvc-action-constraints-selection-and-validation-boundary","aspnet-core","backend","MVC action constraints: selection and validation boundary","_ai-conspects/_knowledge/aspnet-core/mvc-action-constraints-selection-and-validation-boundary.md","UNKNOWN","UNASSESSED","NOT_REVIEWED","","","","","","","CALIBRATION","whole unit","0","0","",""
"aspnet-core.forwarded-headers-and-client-ip-trust","aspnet-core","backend","Forwarded headers and client-IP trust","_ai-conspects/_knowledge/aspnet-core/forwarded-headers-and-client-ip-trust.md","UNKNOWN","UNASSESSED","NOT_REVIEWED","","","","","","","CALIBRATION","whole unit","0","0","",""
"aspnet-core.async-enumerable-query-streaming-lifecycle","aspnet-core","backend","Async-enumerable query streaming lifecycle","_ai-conspects/_knowledge/aspnet-core/async-enumerable-query-streaming-lifecycle.md","UNKNOWN","UNASSESSED","NOT_REVIEWED","","","","","","","CALIBRATION","whole unit","0","0","",""
"aspnet-core.form-and-multipart-request-binding","aspnet-core","backend","Form and multipart request binding","_ai-conspects/_knowledge/aspnet-core/form-and-multipart-request-binding.md","UNKNOWN","UNASSESSED","NOT_REVIEWED","","","","","","","CALIBRATION","whole unit","0","0","",""
"aspnet-core.json-dom-model-binding-and-dynamic-values","aspnet-core","backend","JSON DOM model binding and dynamic runtime values","_ai-conspects/_knowledge/aspnet-core/json-dom-model-binding-and-dynamic-values.md","UNKNOWN","UNASSESSED","NOT_REVIEWED","","","","","","","CALIBRATION","whole unit","0","0","",""
"aspnet-core.yarp-routes-clusters-and-destinations","aspnet-core","backend","YARP routes, clusters, and destinations","_ai-conspects/_knowledge/aspnet-core/yarp-routes-clusters-and-destinations.md","UNKNOWN","UNASSESSED","NOT_REVIEWED","","","","","","","CALIBRATION","whole unit","0","0","",""
"aspnet-core.route-parameters-catch-all-and-inline-constraints","aspnet-core","backend","Route parameters, catch-all paths, and inline constraints","_ai-conspects/_knowledge/aspnet-core/route-parameters-catch-all-and-inline-constraints.md","UNKNOWN","UNASSESSED","NOT_REVIEWED","","","","","","","CALIBRATION","whole unit","0","0","",""
"aspnet-core.endpoint-matching-phases-and-route-precedence","aspnet-core","backend","Endpoint matching phases and route precedence","_ai-conspects/_knowledge/aspnet-core/endpoint-matching-phases-and-route-precedence.md","UNKNOWN","HIGH","NOT_REVIEWED","","","","","","","CALIBRATION","whole unit","0","0","",""
"aspnet-core.explicit-route-order-overrides-and-non-fallback-boundary","aspnet-core","backend","Explicit route order: overrides and the non-fallback boundary","_ai-conspects/_knowledge/aspnet-core/explicit-route-order-overrides-and-non-fallback-boundary.md","UNKNOWN","UNASSESSED","NOT_REVIEWED","","","","","","","CALIBRATION","whole unit","0","0","",""
"axios.request-configuration-and-instance-defaults","axios","frontend","Axios request configuration and instance defaults","_ai-conspects/_knowledge/axios/request-configuration-and-instance-defaults.md","UNKNOWN","UNASSESSED","NOT_REVIEWED","","","","","","","CALIBRATION","whole unit","0","0","",""
"axios.payload-transforms-and-interceptor-boundaries","axios","frontend","Axios payload transforms and interceptor boundaries","_ai-conspects/_knowledge/axios/payload-transforms-and-interceptor-boundaries.md","UNKNOWN","UNASSESSED","NOT_REVIEWED","","","","","","","CALIBRATION","whole unit","0","0","",""
"axios.adapters-progress-and-streaming","axios","frontend","Axios adapters, progress, and streaming","_ai-conspects/_knowledge/axios/adapters-progress-and-streaming.md","UNKNOWN","UNASSESSED","NOT_REVIEWED","","","","","","","CALIBRATION","whole unit","0","0","",""
"axios.typed-client-boundaries","axios","frontend","Typed Axios clients and runtime boundaries","_ai-conspects/_knowledge/axios/typed-client-boundaries.md","UNKNOWN","UNASSESSED","NOT_REVIEWED","","","","","","","CALIBRATION","whole unit","0","0","",""
"axios.files-and-query-serialization","axios","frontend","Axios files, binary responses, and query serialization","_ai-conspects/_knowledge/axios/files-and-query-serialization.md","UNKNOWN","UNASSESSED","NOT_REVIEWED","","","","","","","CALIBRATION","whole unit","0","0","",""
"axios.interceptor-lifecycle-status-and-token-refresh","axios","frontend","Axios interceptor lifecycle, status policy, and token refresh","_ai-conspects/_knowledge/axios/interceptor-lifecycle-status-and-token-refresh.md","UNKNOWN","UNASSESSED","NOT_REVIEWED","","","","","","","CALIBRATION","whole unit","0","0","",""
"css.pseudo-element-positioning-and-stacking","css","frontend","Pseudo-element positioning, stacking, and clipping","_ai-conspects/_knowledge/css/pseudo-element-positioning-and-stacking.md","UNKNOWN","UNASSESSED","NOT_REVIEWED","","","","","","","CALIBRATION","whole unit","0","0","",""
"css.fullscreen-modal-overlay","css","frontend","Fullscreen modal overlay and accessible backdrop","_ai-conspects/_knowledge/css/fullscreen-modal-overlay.md","UNKNOWN","UNASSESSED","NOT_REVIEWED","","","","","","","CALIBRATION","whole unit","0","0","",""
"css.programmatic-inline-styles","css","frontend","Programmatic inline CSS styles","_ai-conspects/_knowledge/css/programmatic-inline-styles.md","UNKNOWN","UNASSESSED","NOT_REVIEWED","","","","","","","CALIBRATION","whole unit","0","0","",""
"css.bem-component-naming","css","frontend","BEM component naming and Sass organization","_ai-conspects/_knowledge/css/bem-component-naming.md","UNKNOWN","UNASSESSED","NOT_REVIEWED","","","","","","","CALIBRATION","whole unit","0","0","",""
"css.animation-keyframes-and-motion","css","frontend","CSS animation keyframes and motion","_ai-conspects/_knowledge/css/animation-keyframes-and-motion.md","UNKNOWN","UNASSESSED","NOT_REVIEWED","","","","","","","CALIBRATION","whole unit","0","0","",""
"css.scroll-containers-scrollbars-and-locking","css","frontend","Scroll containers, scrollbar visibility, and locking","_ai-conspects/_knowledge/css/scroll-containers-scrollbars-and-locking.md","UNKNOWN","UNASSESSED","NOT_REVIEWED","","","","","","","CALIBRATION","whole unit","0","0","",""
"css.flex-item-shrink-and-basis","css","frontend","Flex item shrinking and basis","_ai-conspects/_knowledge/css/flex-item-shrink-and-basis.md","UNKNOWN","UNASSESSED","NOT_REVIEWED","","","","","","","CALIBRATION","whole unit","0","0","",""
"css.positioning-constraint-equations","css","frontend","CSS positioning constraint equations","_ai-conspects/_knowledge/css/positioning-constraint-equations.md","UNKNOWN","UNASSESSED","NOT_REVIEWED","","","","","","","CALIBRATION","whole unit","0","0","",""
"css.header-positioning-and-centering","css","frontend","Header positioning and centering","_ai-conspects/_knowledge/css/header-positioning-and-centering.md","UNKNOWN","UNASSESSED","NOT_REVIEWED","","","","","","","CALIBRATION","whole unit","0","0","",""
"css.flex-centering-axes-and-defaults","css","frontend","Flex centering, axes, and defaults","_ai-conspects/_knowledge/css/flex-centering-axes-and-defaults.md","UNKNOWN","UNASSESSED","NOT_REVIEWED","","","","","","","CALIBRATION","whole unit","0","0","",""
"css.stacking-context-hierarchy-and-clipping","css","frontend","Stacking-context hierarchy and clipping","_ai-conspects/_knowledge/css/stacking-context-hierarchy-and-clipping.md","UNKNOWN","UNASSESSED","NOT_REVIEWED","","","","","","","CALIBRATION","whole unit","0","0","",""
"css.mobile-viewport-height-units","css","frontend","Mobile viewport height units","_ai-conspects/_knowledge/css/mobile-viewport-height-units.md","UNKNOWN","UNASSESSED","NOT_REVIEWED","","","","","","","CALIBRATION","whole unit","0","0","",""
"css.not-selector-exclusion","css","frontend","Selector exclusion with :not()","_ai-conspects/_knowledge/css/not-selector-exclusion.md","UNKNOWN","UNASSESSED","NOT_REVIEWED","","","","","","","CALIBRATION","whole unit","0","0","",""
"dotnet.httpclient-response-streaming","dotnet","cross-cutting","HttpClient response buffering and progressive streaming","_ai-conspects/_knowledge/dotnet/httpclient-response-streaming.md","UNKNOWN","UNASSESSED","NOT_REVIEWED","","","","","","","CALIBRATION","whole unit","0","0","",""
"dotnet.httpcontent-read-stream-buffering","dotnet","cross-cutting","HttpContent ReadAsStream buffering and direct stream creation","_ai-conspects/_knowledge/dotnet/httpcontent-read-stream-buffering.md","UNKNOWN","UNASSESSED","NOT_REVIEWED","","","","","","","CALIBRATION","whole unit","0","0","",""
"dotnet.streaming-gzip-httpcontent","dotnet","cross-cutting","Streaming gzip JSON with custom HttpContent","_ai-conspects/_knowledge/dotnet/streaming-gzip-httpcontent.md","UNKNOWN","UNASSESSED","NOT_REVIEWED","","","","","","","CALIBRATION","whole unit","0","0","",""
"dotnet.string-slicing","dotnet","cross-cutting","C# substring, ranges, spans, and text boundaries","_ai-conspects/_knowledge/dotnet/string-slicing.md","UNKNOWN","UNASSESSED","NOT_REVIEWED","","","","","","","CALIBRATION","whole unit","0","0","",""
"dotnet.binary-to-text-encodings","dotnet","cross-cutting","Binary-to-text encodings for storage and transport","_ai-conspects/_knowledge/dotnet/binary-to-text-encodings.md","UNKNOWN","UNASSESSED","NOT_REVIEWED","","","","","","","CALIBRATION","whole unit","0","0","",""
"dotnet.csharp-pointers-pinning-and-alternatives","dotnet","cross-cutting","C# pointers, pinning, and managed alternatives","_ai-conspects/_knowledge/dotnet/csharp-pointers-pinning-and-alternatives.md","UNKNOWN","UNASSESSED","NOT_REVIEWED","","","","","","","CALIBRATION","whole unit","0","0","",""
"dotnet.ado-net-abstractions-portability-and-lifecycle","dotnet","cross-cutting","ADO.NET abstractions, portability, and resource lifecycle","_ai-conspects/_knowledge/dotnet/ado-net-abstractions-portability-and-lifecycle.md","UNKNOWN","UNASSESSED","NOT_REVIEWED","","","","","","","CALIBRATION","whole unit","0","0","",""
"dotnet.ado-net-command-execution-and-row-mapping","dotnet","cross-cutting","ADO.NET command execution, parameters, and row mapping","_ai-conspects/_knowledge/dotnet/ado-net-command-execution-and-row-mapping.md","UNKNOWN","UNASSESSED","NOT_REVIEWED","","","","","","","CALIBRATION","whole unit","0","0","",""
"dotnet.ado-net-transactions-and-ef-core-state","dotnet","cross-cutting","ADO.NET transactions and EF Core connection state","_ai-conspects/_knowledge/dotnet/ado-net-transactions-and-ef-core-state.md","UNKNOWN","UNASSESSED","NOT_REVIEWED","","","","","","","CALIBRATION","whole unit","0","0","",""
"dotnet.async-concurrency-and-task-start","dotnet","cross-cutting","Async concurrency, parallelism, and when tasks start","_ai-conspects/_knowledge/dotnet/async-concurrency-and-task-start.md","UNKNOWN","HIGH","NOT_REVIEWED","","","","","","","CALIBRATION","whole unit","0","0","",""
"dotnet.bounded-async-concurrency","dotnet","cross-cutting","Bounded async concurrency with SemaphoreSlim and Parallel.ForEachAsync","_ai-conspects/_knowledge/dotnet/bounded-async-concurrency.md","UNKNOWN","UNASSESSED","NOT_REVIEWED","","","","","","","CALIBRATION","whole unit","0","0","",""
"dotnet.async-failure-ordering-and-server-safety","dotnet","cross-cutting","Async failure policy, ordering, and server safety","_ai-conspects/_knowledge/dotnet/async-failure-ordering-and-server-safety.md","UNKNOWN","UNASSESSED","NOT_REVIEWED","","","","","","","CALIBRATION","whole unit","0","0","",""
"dotnet.csharp-event-declaration-and-raising","dotnet","cross-cutting","C# event declaration, payloads, and raiser pattern","_ai-conspects/_knowledge/dotnet/csharp-event-declaration-and-raising.md","UNKNOWN","UNASSESSED","NOT_REVIEWED","","","","","","","CALIBRATION","whole unit","0","0","",""
"dotnet.csharp-event-subscription-lifetime-and-failure","dotnet","cross-cutting","C# event subscription lifetime, cancellation, and failure","_ai-conspects/_knowledge/dotnet/csharp-event-subscription-lifetime-and-failure.md","UNKNOWN","UNASSESSED","NOT_REVIEWED","","","","","","","CALIBRATION","whole unit","0","0","",""
"dotnet.built-in-delegate-shapes","dotnet","cross-cutting","Action, Func, and Predicate delegate shapes","_ai-conspects/_knowledge/dotnet/built-in-delegate-shapes.md","UNKNOWN","UNASSESSED","NOT_REVIEWED","","","","","","","CALIBRATION","whole unit","0","0","",""
"dotnet.async-callbacks-vs-events","dotnet","cross-cutting","Async callback hooks versus classic C# events","_ai-conspects/_knowledge/dotnet/async-callbacks-vs-events.md","UNKNOWN","UNASSESSED","NOT_REVIEWED","","","","","","","CALIBRATION","whole unit","0","0","",""
"dotnet.accept-general-return-specific","dotnet","cross-cutting","Accept general inputs and return specific results","_ai-conspects/_knowledge/dotnet/accept-general-return-specific.md","UNKNOWN","UNASSESSED","NOT_REVIEWED","","","","","","","CALIBRATION","whole unit","0","0","",""
"dotnet.ascii-and-utf8-compatibility","dotnet","cross-cutting","ASCII codes and UTF-8 compatibility","_ai-conspects/_knowledge/dotnet/ascii-and-utf8-compatibility.md","UNKNOWN","UNASSESSED","NOT_REVIEWED","","","","","","","CALIBRATION","whole unit","0","0","",""
"dotnet.binary-primitives-endianness","dotnet","cross-cutting","BinaryPrimitives and explicit endianness","_ai-conspects/_knowledge/dotnet/binary-primitives-endianness.md","UNKNOWN","UNASSESSED","NOT_REVIEWED","","","","","","","CALIBRATION","whole unit","0","0","",""
"dotnet.semaphore-vs-channel","dotnet","cross-cutting","SemaphoreSlim versus Channel<T>","_ai-conspects/_knowledge/dotnet/semaphore-vs-channel.md","UNKNOWN","UNASSESSED","NOT_REVIEWED","","","","","","","CALIBRATION","whole unit","0","0","",""
"dotnet.utf8-string-literals","dotnet","cross-cutting","C# UTF-8 string literals","_ai-conspects/_knowledge/dotnet/utf8-string-literals.md","UNKNOWN","UNASSESSED","NOT_REVIEWED","","","","","","","CALIBRATION","whole unit","0","0","",""
"dotnet.target-typed-new-in-return-context","dotnet","cross-cutting","Target-typed new in return expressions","_ai-conspects/_knowledge/dotnet/target-typed-new-in-return-context.md","UNKNOWN","UNASSESSED","NOT_REVIEWED","","","","","","","CALIBRATION","whole unit","0","0","",""
"dotnet.string-padding-and-alignment","dotnet","cross-cutting","C# string padding and alignment","_ai-conspects/_knowledge/dotnet/string-padding-and-alignment.md","UNKNOWN","UNASSESSED","NOT_REVIEWED","","","","","","","CALIBRATION","whole unit","0","0","",""
"dotnet.user-defined-conversion-operators","dotnet","cross-cutting","User-defined implicit and explicit conversions","_ai-conspects/_knowledge/dotnet/user-defined-conversion-operators.md","UNKNOWN","UNASSESSED","NOT_REVIEWED","","","","","","","CALIBRATION","whole unit","0","0","",""
"dotnet.string-character-views","dotnet","cross-cutting","C# string characters, spans, and runes","_ai-conspects/_knowledge/dotnet/string-character-views.md","UNKNOWN","UNASSESSED","NOT_REVIEWED","","","","","","","CALIBRATION","whole unit","0","0","",""
"dotnet.string-remove-and-insert","dotnet","cross-cutting","C# String.Remove and String.Insert","_ai-conspects/_knowledge/dotnet/string-remove-and-insert.md","UNKNOWN","UNASSESSED","NOT_REVIEWED","","","","","","","CALIBRATION","whole unit","0","0","",""
"dotnet.string-split-and-parser-boundary","dotnet","cross-cutting","C# String.Split and parser boundaries","_ai-conspects/_knowledge/dotnet/string-split-and-parser-boundary.md","UNKNOWN","UNASSESSED","NOT_REVIEWED","","","","","","","CALIBRATION","whole unit","0","0","",""
"dotnet.string-replacement","dotnet","cross-cutting","C# string replacement choices","_ai-conspects/_knowledge/dotnet/string-replacement.md","UNKNOWN","UNASSESSED","NOT_REVIEWED","","","","","","","CALIBRATION","whole unit","0","0","",""
"dotnet.utf8-decoding-prefixes","dotnet","cross-cutting","UTF-8 decoding prefixes and byte boundaries","_ai-conspects/_knowledge/dotnet/utf8-decoding-prefixes.md","UNKNOWN","UNASSESSED","NOT_REVIEWED","","","","","","","CALIBRATION","whole unit","0","0","",""
"dotnet.string-sorting-and-comparers","dotnet","cross-cutting","C# string sorting and comparer choice","_ai-conspects/_knowledge/dotnet/string-sorting-and-comparers.md","UNKNOWN","UNASSESSED","NOT_REVIEWED","","","","","","","CALIBRATION","whole unit","0","0","",""
"dotnet.interlocked-atomic-transitions","dotnet","cross-cutting","Interlocked atomic transitions and flag operations","_ai-conspects/_knowledge/dotnet/interlocked-atomic-transitions.md","UNKNOWN","UNASSESSED","NOT_REVIEWED","","","","","","","CALIBRATION","whole unit","0","0","",""
"dotnet.string-index-search","dotnet","cross-cutting","C# string index search","_ai-conspects/_knowledge/dotnet/string-index-search.md","UNKNOWN","UNASSESSED","NOT_REVIEWED","","","","","","","CALIBRATION","whole unit","0","0","",""
"dotnet.regex-operations-and-safety","dotnet","cross-cutting",".NET Regex operations and safety","_ai-conspects/_knowledge/dotnet/regex-operations-and-safety.md","UNKNOWN","UNASSESSED","NOT_REVIEWED","","","","","","","CALIBRATION","whole unit","0","0","",""
"dotnet.string-trimming-boundaries","dotnet","cross-cutting","C# string trimming boundaries","_ai-conspects/_knowledge/dotnet/string-trimming-boundaries.md","UNKNOWN","UNASSESSED","NOT_REVIEWED","","","","","","","CALIBRATION","whole unit","0","0","",""
"dotnet.flag-combination-enumeration","dotnet","cross-cutting","Enumerating flag combinations with bit masks","_ai-conspects/_knowledge/dotnet/flag-combination-enumeration.md","UNKNOWN","UNASSESSED","NOT_REVIEWED","","","","","","","CALIBRATION","whole unit","0","0","",""
"dotnet.regex-balancing-groups","dotnet","cross-cutting",".NET Regex balancing groups","_ai-conspects/_knowledge/dotnet/regex-balancing-groups.md","UNKNOWN","UNASSESSED","NOT_REVIEWED","","","","","","","CALIBRATION","whole unit","0","0","",""
"dotnet.numeric-string-parsing","dotnet","cross-cutting","Parsing numeric strings in .NET","_ai-conspects/_knowledge/dotnet/numeric-string-parsing.md","UNKNOWN","UNASSESSED","NOT_REVIEWED","","","","","","","CALIBRATION","whole unit","0","0","",""
"dotnet.regex-reuse-compilation-and-timeouts","dotnet","cross-cutting","Regex reuse, compilation, and timeouts","_ai-conspects/_knowledge/dotnet/regex-reuse-compilation-and-timeouts.md","UNKNOWN","UNASSESSED","NOT_REVIEWED","","","","","","","CALIBRATION","whole unit","0","0","",""
"dotnet.channels-producer-consumer-lifecycle","dotnet","cross-cutting","Channel producer-consumer lifecycle","_ai-conspects/_knowledge/dotnet/channels-producer-consumer-lifecycle.md","UNKNOWN","UNASSESSED","NOT_REVIEWED","","","","","","","CALIBRATION","whole unit","0","0","",""
"dotnet.membernotnull-flow-contracts","dotnet","cross-cutting","MemberNotNull nullable-flow contracts","_ai-conspects/_knowledge/dotnet/membernotnull-flow-contracts.md","UNKNOWN","UNASSESSED","NOT_REVIEWED","","","","","","","CALIBRATION","whole unit","0","0","",""
"dotnet.regex-inline-option-scopes","dotnet","cross-cutting",".NET Regex inline option scopes","_ai-conspects/_knowledge/dotnet/regex-inline-option-scopes.md","UNKNOWN","UNASSESSED","NOT_REVIEWED","","","","","","","CALIBRATION","whole unit","0","0","",""
"dotnet.string-comparison-and-collection-comparers","dotnet","cross-cutting","String comparison and collection comparers","_ai-conspects/_knowledge/dotnet/string-comparison-and-collection-comparers.md","UNKNOWN","UNASSESSED","NOT_REVIEWED","","","","","","","CALIBRATION","whole unit","0","0","",""
"dotnet.string-contains-startswith-endswith","dotnet","cross-cutting","Contains, StartsWith, and EndsWith","_ai-conspects/_knowledge/dotnet/string-contains-startswith-endswith.md","UNKNOWN","UNASSESSED","NOT_REVIEWED","","","","","","","CALIBRATION","whole unit","0","0","",""
"dotnet.stringbuilder-mutation-and-sizing","dotnet","cross-cutting","StringBuilder mutation and sizing","_ai-conspects/_knowledge/dotnet/stringbuilder-mutation-and-sizing.md","UNKNOWN","UNASSESSED","NOT_REVIEWED","","","","","","","CALIBRATION","whole unit","0","0","",""
"dotnet.array-removal-and-copying","dotnet","cross-cutting","C# array removal and copying","_ai-conspects/_knowledge/dotnet/array-removal-and-copying.md","UNKNOWN","UNASSESSED","NOT_REVIEWED","","","","","","","CALIBRATION","whole unit","0","0","",""
"dotnet.last-element-semantics-and-cost","dotnet","cross-cutting","LINQ and indexed last-element semantics","_ai-conspects/_knowledge/dotnet/last-element-semantics-and-cost.md","UNKNOWN","UNASSESSED","NOT_REVIEWED","","","","","","","CALIBRATION","whole unit","0","0","",""
"dotnet.list-range-slicing-and-windows","dotnet","cross-cutting","List range slicing, clamping, chunks, and windows","_ai-conspects/_knowledge/dotnet/list-range-slicing-and-windows.md","UNKNOWN","UNASSESSED","NOT_REVIEWED","","","","","","","CALIBRATION","whole unit","0","0","",""
"dotnet.pooling-objects-arrays-and-memory","dotnet","cross-cutting","ObjectPool, ArrayPool, and MemoryPool ownership","_ai-conspects/_knowledge/dotnet/pooling-objects-arrays-and-memory.md","UNKNOWN","UNASSESSED","NOT_REVIEWED","","","","","","","CALIBRATION","whole unit","0","0","",""
"dotnet.xor-semantics-and-collection-equality","dotnet","cross-cutting","XOR semantics and collection equality alternatives","_ai-conspects/_knowledge/dotnet/xor-semantics-and-collection-equality.md","UNKNOWN","UNASSESSED","NOT_REVIEWED","","","","","","","CALIBRATION","whole unit","0","0","",""
"dotnet.format-strings-culture-and-round-trip","dotnet","cross-cutting","Format strings, culture, and round-trip output","_ai-conspects/_knowledge/dotnet/format-strings-culture-and-round-trip.md","UNKNOWN","UNASSESSED","NOT_REVIEWED","","","","","","","CALIBRATION","whole unit","0","0","",""
"dotnet.identity-sentinels-and-transferable-ids","dotnet","cross-cutting","Identity sentinels and transferable IDs","_ai-conspects/_knowledge/dotnet/identity-sentinels-and-transferable-ids.md","UNKNOWN","UNASSESSED","NOT_REVIEWED","","","","","","","CALIBRATION","whole unit","0","0","",""
"dotnet.record-value-semantics-and-representation","dotnet","cross-cutting","Record value semantics and representation","_ai-conspects/_knowledge/dotnet/record-value-semantics-and-representation.md","UNKNOWN","UNASSESSED","NOT_REVIEWED","","","","","","","CALIBRATION","whole unit","0","0","",""
"dotnet.regex-replacement-options-and-state","dotnet","cross-cutting","Regex replacement options and per-call state","_ai-conspects/_knowledge/dotnet/regex-replacement-options-and-state.md","UNKNOWN","UNASSESSED","NOT_REVIEWED","","","","","","","CALIBRATION","whole unit","0","0","",""
"dotnet.rectangular-jagged-arrays-and-enumeration","dotnet","cross-cutting","Rectangular and jagged arrays, enumeration, and boxing","_ai-conspects/_knowledge/dotnet/rectangular-jagged-arrays-and-enumeration.md","UNKNOWN","UNASSESSED","NOT_REVIEWED","","","","","","","CALIBRATION","whole unit","0","0","",""
"dotnet.span-memory-and-ref-safety","dotnet","cross-cutting","Span, Memory, and ref safety","_ai-conspects/_knowledge/dotnet/span-memory-and-ref-safety.md","UNKNOWN","UNASSESSED","NOT_REVIEWED","","","","","","","CALIBRATION","whole unit","0","0","",""
"dotnet.enumerable-static-methods-and-execution","dotnet","cross-cutting","Enumerable static methods and execution","_ai-conspects/_knowledge/dotnet/enumerable-static-methods-and-execution.md","UNKNOWN","UNASSESSED","NOT_REVIEWED","","","","","","","CALIBRATION","whole unit","0","0","",""
"dotnet.hashset-operations-and-ownership","dotnet","cross-cutting","HashSet operations and ownership","_ai-conspects/_knowledge/dotnet/hashset-operations-and-ownership.md","UNKNOWN","UNASSESSED","NOT_REVIEWED","","","","","","","CALIBRATION","whole unit","0","0","",""
"dotnet.explicit-interface-implementation","dotnet","cross-cutting","Explicit interface implementation","_ai-conspects/_knowledge/dotnet/explicit-interface-implementation.md","UNKNOWN","UNASSESSED","NOT_REVIEWED","","","","","","","CALIBRATION","whole unit","0","0","",""
"dotnet.password-hashing-verification-and-upgrades","dotnet","cross-cutting","Password hashing, verification, and upgrades","_ai-conspects/_knowledge/dotnet/password-hashing-verification-and-upgrades.md","UNKNOWN","UNASSESSED","NOT_REVIEWED","","","","","","","CALIBRATION","whole unit","0","0","",""
"dotnet.hexadecimal-byte-representation","dotnet","cross-cutting","Hexadecimal and byte representation","_ai-conspects/_knowledge/dotnet/hexadecimal-byte-representation.md","UNKNOWN","UNASSESSED","NOT_REVIEWED","","","","","","","CALIBRATION","whole unit","0","0","",""
"dotnet.exhaustiveness-enums-records-and-unions","dotnet","cross-cutting","Exhaustiveness with enums, records, and explicit unions","_ai-conspects/_knowledge/dotnet/exhaustiveness-enums-records-and-unions.md","UNKNOWN","UNASSESSED","NOT_REVIEWED","","","","","","","CALIBRATION","whole unit","0","0","",""
"dotnet.cryptographic-randomness-and-unbiased-ranges","dotnet","cross-cutting","Cryptographic randomness and unbiased ranges","_ai-conspects/_knowledge/dotnet/cryptographic-randomness-and-unbiased-ranges.md","UNKNOWN","UNASSESSED","NOT_REVIEWED","","","","","","","CALIBRATION","whole unit","0","0","",""
"dotnet.stringreader-line-processing-and-memory","dotnet","cross-cutting","StringReader line processing and memory","_ai-conspects/_knowledge/dotnet/stringreader-line-processing-and-memory.md","UNKNOWN","UNASSESSED","NOT_REVIEWED","","","","","","","CALIBRATION","whole unit","0","0","",""
"dotnet.server-threadpool-async-io-and-background-work","dotnet","cross-cutting","Server thread pool, asynchronous I/O, and background-work ownership","_ai-conspects/_knowledge/dotnet/server-threadpool-async-io-and-background-work.md","UNKNOWN","UNASSESSED","NOT_REVIEWED","","","","","","","CALIBRATION","whole unit","0","0","",""
"dotnet.byref-parameters-aliases-and-lifetimes","dotnet","cross-cutting","By-reference parameters, aliases, and lifetimes","_ai-conspects/_knowledge/dotnet/byref-parameters-aliases-and-lifetimes.md","UNKNOWN","UNASSESSED","NOT_REVIEWED","","","","","","","CALIBRATION","whole unit","0","0","",""
"dotnet.httpcontent-media-type-charset-and-content-encoding","dotnet","cross-cutting","HttpContent media type, charset, and content encoding","_ai-conspects/_knowledge/dotnet/httpcontent-media-type-charset-and-content-encoding.md","UNKNOWN","UNASSESSED","NOT_REVIEWED","","","","","","","CALIBRATION","whole unit","0","0","",""
"dotnet.system-text-json-optional-converter-factory","dotnet","cross-cutting","System.Text.Json Optional converter factory","_ai-conspects/_knowledge/dotnet/system-text-json-optional-converter-factory.md","UNKNOWN","UNASSESSED","NOT_REVIEWED","","","","","","","CALIBRATION","whole unit","0","0","",""
"dotnet.linq-query-syntax-joins-and-continuations","dotnet","cross-cutting","LINQ query syntax, joins, and continuations","_ai-conspects/_knowledge/dotnet/linq-query-syntax-joins-and-continuations.md","UNKNOWN","UNASSESSED","NOT_REVIEWED","","","","","","","CALIBRATION","whole unit","0","0","",""
"dotnet.allocations-gc-pressure-and-hot-paths","dotnet","cross-cutting","Allocations, GC pressure, and hot-path decisions","_ai-conspects/_knowledge/dotnet/allocations-gc-pressure-and-hot-paths.md","UNKNOWN","UNASSESSED","NOT_REVIEWED","","","","","","","CALIBRATION","whole unit","0","0","",""
"dotnet.encoding-conversion-overloads-and-buffer-sizing","dotnet","cross-cutting",".NET text encoding APIs and destination sizing","_ai-conspects/_knowledge/dotnet/encoding-conversion-overloads-and-buffer-sizing.md","UNKNOWN","UNASSESSED","NOT_REVIEWED","","","","","","","CALIBRATION","whole unit","0","0","",""
"dotnet.incremental-text-decoding","dotnet","cross-cutting","Incremental text decoding across arbitrary byte chunks","_ai-conspects/_knowledge/dotnet/incremental-text-decoding.md","UNKNOWN","UNASSESSED","NOT_REVIEWED","","","","","","","CALIBRATION","whole unit","0","0","",""
"dotnet.string-case-conversion-and-comparison","dotnet","cross-cutting","String case conversion and comparison","_ai-conspects/_knowledge/dotnet/string-case-conversion-and-comparison.md","UNKNOWN","UNASSESSED","NOT_REVIEWED","","","","","","","CALIBRATION","whole unit","0","0","",""
"dotnet.stackalloc-lifetime-and-stack-pressure","dotnet","cross-cutting","stackalloc lifetime, stack pressure, and heap-safe fallback","_ai-conspects/_knowledge/dotnet/stackalloc-lifetime-and-stack-pressure.md","UNKNOWN","UNASSESSED","NOT_REVIEWED","","","","","","","CALIBRATION","whole unit","0","0","",""
"dotnet.unmanaged-size-and-struct-layout","dotnet","cross-cutting","Unmanaged types, size APIs, and struct layout","_ai-conspects/_knowledge/dotnet/unmanaged-size-and-struct-layout.md","UNKNOWN","UNASSESSED","NOT_REVIEWED","","","","","","","CALIBRATION","whole unit","0","0","",""
"dotnet.linq-projection-flattening-and-ordering","dotnet","cross-cutting","LINQ projection, flattening, and ordering","_ai-conspects/_knowledge/dotnet/linq-projection-flattening-and-ordering.md","UNKNOWN","UNASSESSED","NOT_REVIEWED","","","","","","","CALIBRATION","whole unit","0","0","",""
"dotnet.linq-grouping-lookup-and-joins","dotnet","cross-cutting","LINQ grouping, lookup, and joins","_ai-conspects/_knowledge/dotnet/linq-grouping-lookup-and-joins.md","UNKNOWN","UNASSESSED","NOT_REVIEWED","","","","","","","CALIBRATION","whole unit","0","0","",""
"dotnet.linq-aggregation-quantifiers-and-membership","dotnet","cross-cutting","LINQ aggregation, quantifiers, and membership","_ai-conspects/_knowledge/dotnet/linq-aggregation-quantifiers-and-membership.md","UNKNOWN","UNASSESSED","NOT_REVIEWED","","","","","","","CALIBRATION","whole unit","0","0","",""
"dotnet.linq-element-selection-and-set-semantics","dotnet","cross-cutting","LINQ element selection and set semantics","_ai-conspects/_knowledge/dotnet/linq-element-selection-and-set-semantics.md","UNKNOWN","UNASSESSED","NOT_REVIEWED","","","","","","","CALIBRATION","whole unit","0","0","",""
"dotnet.linq-partitioning-and-sequence-generation","dotnet","cross-cutting","LINQ partitioning and sequence generation","_ai-conspects/_knowledge/dotnet/linq-partitioning-and-sequence-generation.md","UNKNOWN","UNASSESSED","NOT_REVIEWED","","","","","","","CALIBRATION","whole unit","0","0","",""
"dotnet.linq-materialization-casting-and-provider-boundaries","dotnet","cross-cutting","LINQ materialization, casting, and provider boundaries","_ai-conspects/_knowledge/dotnet/linq-materialization-casting-and-provider-boundaries.md","UNKNOWN","UNASSESSED","NOT_REVIEWED","","","","","","","CALIBRATION","whole unit","0","0","",""
"dotnet.expression-tree-structure-and-visitors","dotnet","cross-cutting","Expression-tree structure and visitors","_ai-conspects/_knowledge/dotnet/expression-tree-structure-and-visitors.md","UNKNOWN","UNASSESSED","NOT_REVIEWED","","","","","","","CALIBRATION","whole unit","0","0","",""
"dotnet.expression-tree-members-parameters-and-binary-operators","dotnet","cross-cutting","Expression-tree members, parameters, and binary operators","_ai-conspects/_knowledge/dotnet/expression-tree-members-parameters-and-binary-operators.md","UNKNOWN","UNASSESSED","NOT_REVIEWED","","","","","","","CALIBRATION","whole unit","0","0","",""
"dotnet.expression-tree-method-calls-and-provider-boundaries","dotnet","cross-cutting","Expression-tree method calls and provider boundaries","_ai-conspects/_knowledge/dotnet/expression-tree-method-calls-and-provider-boundaries.md","UNKNOWN","UNASSESSED","NOT_REVIEWED","","","","","","","CALIBRATION","whole unit","0","0","",""
"dotnet.valuetask-synchronous-completion-and-consumption","dotnet","cross-cutting","ValueTask synchronous completion and consumption","_ai-conspects/_knowledge/dotnet/valuetask-synchronous-completion-and-consumption.md","UNKNOWN","UNASSESSED","NOT_REVIEWED","","","","","","","CALIBRATION","whole unit","0","0","",""
"dotnet.dictionary-equality-and-key-set-operations","dotnet","cross-cutting","Dictionary equality and key-set operations","_ai-conspects/_knowledge/dotnet/dictionary-equality-and-key-set-operations.md","UNKNOWN","UNASSESSED","NOT_REVIEWED","","","","","","","CALIBRATION","whole unit","0","0","",""
"dotnet.dictionary-capacity-and-api-contracts","dotnet","cross-cutting","Dictionary capacity and API contracts","_ai-conspects/_knowledge/dotnet/dictionary-capacity-and-api-contracts.md","UNKNOWN","UNASSESSED","NOT_REVIEWED","","","","","","","CALIBRATION","whole unit","0","0","",""
"dotnet.conditionalweaktable-lifetime-associations","dotnet","cross-cutting","ConditionalWeakTable lifetime associations","_ai-conspects/_knowledge/dotnet/conditionalweaktable-lifetime-associations.md","UNKNOWN","UNASSESSED","NOT_REVIEWED","","","","","","","CALIBRATION","whole unit","0","0","",""
"dotnet.monitor-mutual-exclusion-and-lock-ownership","dotnet","cross-cutting","Monitor mutual exclusion and lock ownership","_ai-conspects/_knowledge/dotnet/monitor-mutual-exclusion-and-lock-ownership.md","UNKNOWN","UNASSESSED","NOT_REVIEWED","","","","","","","CALIBRATION","whole unit","0","0","",""
"dotnet.monitor-condition-waiting-and-signaling","dotnet","cross-cutting","Monitor condition waiting and signaling","_ai-conspects/_knowledge/dotnet/monitor-condition-waiting-and-signaling.md","UNKNOWN","UNASSESSED","NOT_REVIEWED","","","","","","","CALIBRATION","whole unit","0","0","",""
"dotnet.per-key-async-single-flight","dotnet","cross-cutting","Per-key async single-flight with gates and shared tasks","_ai-conspects/_knowledge/dotnet/per-key-async-single-flight.md","UNKNOWN","UNASSESSED","NOT_REVIEWED","","","","","","","CALIBRATION","whole unit","0","0","",""
"dotnet.sockets-http-handler-connection-pooling-and-proxies","dotnet","cross-cutting","SocketsHttpHandler connection pooling, proxies, and primary-handler ownership","_ai-conspects/_knowledge/dotnet/sockets-http-handler-connection-pooling-and-proxies.md","UNKNOWN","UNASSESSED","NOT_REVIEWED","","","","","","","CALIBRATION","whole unit","0","0","",""
"dotnet.sockets-http-handler-cookies-and-credentials","dotnet","cross-cutting","SocketsHttpHandler cookies, credentials, and authentication ownership","_ai-conspects/_knowledge/dotnet/sockets-http-handler-cookies-and-credentials.md","UNKNOWN","UNASSESSED","NOT_REVIEWED","","","","","","","CALIBRATION","whole unit","0","0","",""
"dotnet.sockets-http-handler-response-upload-and-tls-options","dotnet","cross-cutting","SocketsHttpHandler response, upload, and TLS options","_ai-conspects/_knowledge/dotnet/sockets-http-handler-response-upload-and-tls-options.md","UNKNOWN","UNASSESSED","NOT_REVIEWED","","","","","","","CALIBRATION","whole unit","0","0","",""
"dotnet.jwt-descriptors-handlers-and-validation","dotnet","cross-cutting","JWT descriptors, handlers, and validation in .NET","_ai-conspects/_knowledge/dotnet/jwt-descriptors-handlers-and-validation.md","UNKNOWN","UNASSESSED","NOT_REVIEWED","","","","","","","CALIBRATION","whole unit","0","0","",""
"dotnet.clientwebsocket-options-and-connection-state","dotnet","cross-cutting","ClientWebSocket options and connection state","_ai-conspects/_knowledge/dotnet/clientwebsocket-options-and-connection-state.md","UNKNOWN","UNASSESSED","NOT_REVIEWED","","","","","","","CALIBRATION","whole unit","0","0","",""
"dotnet.cancellation-tokens-linked-sources-and-causes","dotnet","cross-cutting","Cancellation tokens, linked sources, and cause detection","_ai-conspects/_knowledge/dotnet/cancellation-tokens-linked-sources-and-causes.md","UNKNOWN","UNASSESSED","NOT_REVIEWED","","","","","","","CALIBRATION","whole unit","0","0","",""
"dotnet.fluentvalidation-built-in-rules-conditions-and-cascade","dotnet","cross-cutting","FluentValidation built-in rules, conditions, and cascade control","_ai-conspects/_knowledge/dotnet/fluentvalidation-built-in-rules-conditions-and-cascade.md","UNKNOWN","UNASSESSED","NOT_REVIEWED","","","","","","","CALIBRATION","whole unit","0","0","",""
"dotnet.fluentvalidation-collections-children-and-polymorphism","dotnet","cross-cutting","FluentValidation collections, child validators, and polymorphic properties","_ai-conspects/_knowledge/dotnet/fluentvalidation-collections-children-and-polymorphism.md","UNKNOWN","UNASSESSED","NOT_REVIEWED","","","","","","","CALIBRATION","whole unit","0","0","",""
"dotnet.fluentvalidation-custom-rules-domain-errors-and-dependencies","dotnet","cross-cutting","FluentValidation custom rules, domain errors, and validator dependencies","_ai-conspects/_knowledge/dotnet/fluentvalidation-custom-rules-domain-errors-and-dependencies.md","UNKNOWN","UNASSESSED","NOT_REVIEWED","","","","","","","CALIBRATION","whole unit","0","0","",""
"dotnet.fluentvalidation-rulesets-reuse-and-failure-results","dotnet","cross-cutting","FluentValidation rule sets, reuse boundaries, and failure results","_ai-conspects/_knowledge/dotnet/fluentvalidation-rulesets-reuse-and-failure-results.md","UNKNOWN","UNASSESSED","NOT_REVIEWED","","","","","","","CALIBRATION","whole unit","0","0","",""
"dotnet.deferred-enumeration-replay-and-materialization","dotnet","cross-cutting","Deferred enumeration, replay, and materialization","_ai-conspects/_knowledge/dotnet/deferred-enumeration-replay-and-materialization.md","UNKNOWN","HIGH","NOT_REVIEWED","","","","","","","CALIBRATION","whole unit","0","0","",""
"dotnet.async-enumerable-replay-and-single-use-streams","dotnet","cross-cutting","Async-enumerable replay and single-use streams","_ai-conspects/_knowledge/dotnet/async-enumerable-replay-and-single-use-streams.md","UNKNOWN","UNASSESSED","NOT_REVIEWED","","","","","","","CALIBRATION","whole unit","0","0","",""
"dotnet.iterator-disposal-and-finally-cleanup","dotnet","cross-cutting","Iterator disposal and finally cleanup","_ai-conspects/_knowledge/dotnet/iterator-disposal-and-finally-cleanup.md","UNKNOWN","UNASSESSED","NOT_REVIEWED","","","","","","","CALIBRATION","whole unit","0","0","",""
"dotnet.disposable-ownership-and-deterministic-cleanup","dotnet","cross-cutting","Disposable ownership and deterministic cleanup","_ai-conspects/_knowledge/dotnet/disposable-ownership-and-deterministic-cleanup.md","UNKNOWN","HIGH","NOT_REVIEWED","","","","","","","CALIBRATION","whole unit","0","0","",""
"dotnet.dispose-pattern-and-suppress-finalize","dotnet","cross-cutting","Dispose pattern and SuppressFinalize","_ai-conspects/_knowledge/dotnet/dispose-pattern-and-suppress-finalize.md","UNKNOWN","UNASSESSED","NOT_REVIEWED","","","","","","","CALIBRATION","whole unit","0","0","",""
"dotnet.finalizer-lifecycle-costs-and-failure-boundaries","dotnet","cross-cutting","Finalizer lifecycle, costs, and failure boundaries","_ai-conspects/_knowledge/dotnet/finalizer-lifecycle-costs-and-failure-boundaries.md","UNKNOWN","UNASSESSED","NOT_REVIEWED","","","","","","","CALIBRATION","whole unit","0","0","",""
"dotnet.unmanaged-ownership-safehandle-and-finalizer-decisions","dotnet","cross-cutting","Unmanaged ownership, SafeHandle, and finalizer decisions","_ai-conspects/_knowledge/dotnet/unmanaged-ownership-safehandle-and-finalizer-decisions.md","UNKNOWN","UNASSESSED","NOT_REVIEWED","","","","","","","CALIBRATION","whole unit","0","0","",""
"dotnet.gc-roots-reachability-and-disposal-state","dotnet","cross-cutting","GC roots, reachability, and disposal state","_ai-conspects/_knowledge/dotnet/gc-roots-reachability-and-disposal-state.md","UNKNOWN","UNASSESSED","NOT_REVIEWED","","","","","","","CALIBRATION","whole unit","0","0","",""
"dotnet.hybridcache-registration-getorcreate-and-single-flight","dotnet","cross-cutting","HybridCache registration, GetOrCreateAsync, and single-flight","_ai-conspects/_knowledge/dotnet/hybridcache-registration-getorcreate-and-single-flight.md","UNKNOWN","UNASSESSED","NOT_REVIEWED","","","","","","","CALIBRATION","whole unit","0","0","",""
"dotnet.hybridcache-key-tag-invalidation","dotnet","cross-cutting","HybridCache key and tag invalidation","_ai-conspects/_knowledge/dotnet/hybridcache-key-tag-invalidation.md","UNKNOWN","UNASSESSED","NOT_REVIEWED","","","","","","","CALIBRATION","whole unit","0","0","",""
"dotnet.hybridcache-multi-instance-l1-l2-coherence","dotnet","cross-cutting","HybridCache multi-instance L1/L2 coherence","_ai-conspects/_knowledge/dotnet/hybridcache-multi-instance-l1-l2-coherence.md","UNKNOWN","UNASSESSED","NOT_REVIEWED","","","","","","","CALIBRATION","whole unit","0","0","",""
"dotnet.hybridcache-local-cache-flags","dotnet","cross-cutting","HybridCache local-cache read/write flags","_ai-conspects/_knowledge/dotnet/hybridcache-local-cache-flags.md","UNKNOWN","UNASSESSED","NOT_REVIEWED","","","","","","","CALIBRATION","whole unit","0","0","",""
"dotnet.httpclient-request-content-and-representation","dotnet","cross-cutting","HttpClient request content types and representation costs","_ai-conspects/_knowledge/dotnet/httpclient-request-content-and-representation.md","UNKNOWN","UNASSESSED","NOT_REVIEWED","","","","","","","CALIBRATION","whole unit","0","0","",""
"dotnet.httpclient-body-length-framing-and-compression","dotnet","cross-cutting","HttpClient body length, transfer framing, and compression","_ai-conspects/_knowledge/dotnet/httpclient-body-length-framing-and-compression.md","UNKNOWN","UNASSESSED","NOT_REVIEWED","","","","","","","CALIBRATION","whole unit","0","0","",""
"dotnet.httpclient-request-replayability-and-retries","dotnet","cross-cutting","HttpClient request replayability and retries","_ai-conspects/_knowledge/dotnet/httpclient-request-replayability-and-retries.md","UNKNOWN","UNASSESSED","NOT_REVIEWED","","","","","","","CALIBRATION","whole unit","0","0","",""
"dotnet.streamreader-decoding-buffering-and-read-contracts","dotnet","cross-cutting","StreamReader decoding, buffering, and read contracts","_ai-conspects/_knowledge/dotnet/streamreader-decoding-buffering-and-read-contracts.md","UNKNOWN","UNASSESSED","NOT_REVIEWED","","","","","","","CALIBRATION","whole unit","0","0","",""
"dotnet.streamwriter-encoding-buffering-and-flush-contracts","dotnet","cross-cutting","StreamWriter encoding, buffering, and flush contracts","_ai-conspects/_knowledge/dotnet/streamwriter-encoding-buffering-and-flush-contracts.md","UNKNOWN","UNASSESSED","NOT_REVIEWED","","","","","","","CALIBRATION","whole unit","0","0","",""
"dotnet.pipewriter-buffer-advance-flush-and-batching","dotnet","cross-cutting","PipeWriter buffer ownership, Advance, Flush, and batching","_ai-conspects/_knowledge/dotnet/pipewriter-buffer-advance-flush-and-batching.md","UNKNOWN","UNASSESSED","NOT_REVIEWED","","","","","","","CALIBRATION","whole unit","0","0","",""
"dotnet.pipereader-consumed-examined-and-segmented-framing","dotnet","cross-cutting","PipeReader consumed/examined positions and segmented framing","_ai-conspects/_knowledge/dotnet/pipereader-consumed-examined-and-segmented-framing.md","UNKNOWN","UNASSESSED","NOT_REVIEWED","","","","","","","CALIBRATION","whole unit","0","0","",""
"dotnet.sequencereader-segmented-protocol-parsing","dotnet","cross-cutting","SequenceReader segmented protocol parsing","_ai-conspects/_knowledge/dotnet/sequencereader-segmented-protocol-parsing.md","UNKNOWN","UNASSESSED","NOT_REVIEWED","","","","","","","CALIBRATION","whole unit","0","0","",""
"dotnet.stream-whole-content-buffering-and-byte-arrays","dotnet","cross-cutting","Stream whole-content buffering and byte arrays","_ai-conspects/_knowledge/dotnet/stream-whole-content-buffering-and-byte-arrays.md","UNKNOWN","UNASSESSED","NOT_REVIEWED","","","","","","","CALIBRATION","whole unit","0","0","",""
"dotnet.stream-partial-reads-and-bounded-loops","dotnet","cross-cutting","Stream partial reads and bounded read loops","_ai-conspects/_knowledge/dotnet/stream-partial-reads-and-bounded-loops.md","UNKNOWN","UNASSESSED","NOT_REVIEWED","","","","","","","CALIBRATION","whole unit","0","0","",""
"dotnet.stream-readexactly-readatleast-fixed-count-reads","dotnet","cross-cutting","Stream ReadExactly, ReadAtLeast, and fixed-count reads","_ai-conspects/_knowledge/dotnet/stream-readexactly-readatleast-fixed-count-reads.md","UNKNOWN","UNASSESSED","NOT_REVIEWED","","","","","","","CALIBRATION","whole unit","0","0","",""
"dotnet.hashcode-equality-contract","dotnet","cross-cutting","GetHashCode contract, purpose, and mutable-key failure","_ai-conspects/_knowledge/dotnet/hashcode-equality-contract.md","UNKNOWN","UNASSESSED","NOT_REVIEWED","","","","","","","CALIBRATION","whole unit","0","0","",""
"dotnet.hashcode-api-and-implementation","dotnet","cross-cutting","GetHashCode and HashCode API implementation patterns","_ai-conspects/_knowledge/dotnet/hashcode-api-and-implementation.md","UNKNOWN","UNASSESSED","NOT_REVIEWED","","","","","","","CALIBRATION","whole unit","0","0","",""
"dotnet.value-object-equality-and-component-streams","dotnet","cross-cutting","ValueObject equality and declarative component streams","_ai-conspects/_knowledge/dotnet/value-object-equality-and-component-streams.md","UNKNOWN","UNASSESSED","NOT_REVIEWED","","","","","","","CALIBRATION","whole unit","0","0","",""
"dotnet.lazy-initialization-and-argument-patterns","dotnet","cross-cutting","Lazy<T> initialization, async tasks, and argument patterns","_ai-conspects/_knowledge/dotnet/lazy-initialization-and-argument-patterns.md","UNKNOWN","UNASSESSED","NOT_REVIEWED","","","","","","","CALIBRATION","whole unit","0","0","",""
"dotnet.lazy-thread-safety-modes-and-exception-caching","dotnet","cross-cutting","LazyThreadSafetyMode semantics and exception caching","_ai-conspects/_knowledge/dotnet/lazy-thread-safety-modes-and-exception-caching.md","UNKNOWN","UNASSESSED","NOT_REVIEWED","","","","","","","CALIBRATION","whole unit","0","0","",""
"dotnet.totp-secret-generation-and-base32-encoding","dotnet","cross-cutting","TOTP secret generation and Base32 encoding","_ai-conspects/_knowledge/dotnet/totp-secret-generation-and-base32-encoding.md","UNKNOWN","UNASSESSED","NOT_REVIEWED","","","","","","","CALIBRATION","whole unit","0","0","",""
"dotnet.httpclient-testing-with-message-handlers","dotnet","cross-cutting","Testing HttpClient code with message handlers","_ai-conspects/_knowledge/dotnet/httpclient-testing-with-message-handlers.md","UNKNOWN","UNASSESSED","NOT_REVIEWED","","","","","","","CALIBRATION","whole unit","0","0","",""
"dotnet.httpclient-requests-responses-and-ownership","dotnet","cross-cutting","HttpClient requests, responses, and ownership","_ai-conspects/_knowledge/dotnet/httpclient-requests-responses-and-ownership.md","UNKNOWN","UNASSESSED","NOT_REVIEWED","","","","","","","CALIBRATION","whole unit","0","0","",""
"dotnet.httpclientfactory-client-and-handler-lifetimes","dotnet","cross-cutting","HttpClientFactory client and handler lifetimes","_ai-conspects/_knowledge/dotnet/httpclientfactory-client-and-handler-lifetimes.md","UNKNOWN","UNASSESSED","NOT_REVIEWED","","","","","","","CALIBRATION","whole unit","0","0","",""
"dotnet.named-and-typed-httpclient-configuration","dotnet","cross-cutting","Named and typed HttpClient configuration","_ai-conspects/_knowledge/dotnet/named-and-typed-httpclient-configuration.md","UNKNOWN","UNASSESSED","NOT_REVIEWED","","","","","","","CALIBRATION","whole unit","0","0","",""
"dotnet.httpclient-handler-pipelines-and-transport-configuration","dotnet","cross-cutting","HttpClient handler pipelines and transport configuration","_ai-conspects/_knowledge/dotnet/httpclient-handler-pipelines-and-transport-configuration.md","UNKNOWN","UNASSESSED","NOT_REVIEWED","","","","","","","CALIBRATION","whole unit","0","0","",""
"dotnet.streaming-byte-object-and-memory-models","dotnet","cross-cutting","Streaming byte, object, and memory models","_ai-conspects/_knowledge/dotnet/streaming-byte-object-and-memory-models.md","UNKNOWN","UNASSESSED","NOT_REVIEWED","","","","","","","CALIBRATION","whole unit","0","0","",""
"dotnet.polly-pipeline-execution-and-resilience-context","dotnet","cross-cutting","Polly pipeline execution and ResilienceContext","_ai-conspects/_knowledge/dotnet/polly-pipeline-execution-and-resilience-context.md","UNKNOWN","UNASSESSED","NOT_REVIEWED","","","","","","","CALIBRATION","whole unit","0","0","",""
"dotnet.polly-retry-outcomes-delays-and-request-metadata","dotnet","cross-cutting","Polly retry outcomes, delays, and request metadata","_ai-conspects/_knowledge/dotnet/polly-retry-outcomes-delays-and-request-metadata.md","UNKNOWN","UNASSESSED","NOT_REVIEWED","","","","","","","CALIBRATION","whole unit","0","0","",""
"dotnet.polly-rate-limiter-strategies-and-partitions","dotnet","cross-cutting","Polly rate limiter strategies and partitions","_ai-conspects/_knowledge/dotnet/polly-rate-limiter-strategies-and-partitions.md","UNKNOWN","UNASSESSED","NOT_REVIEWED","","","","","","","CALIBRATION","whole unit","0","0","",""
"dotnet.polly-strategy-ordering-hedging-and-exception-flow","dotnet","cross-cutting","Polly strategy ordering, hedging, and exception flow","_ai-conspects/_knowledge/dotnet/polly-strategy-ordering-hedging-and-exception-flow.md","UNKNOWN","UNASSESSED","NOT_REVIEWED","","","","","","","CALIBRATION","whole unit","0","0","",""
"dotnet.polly-http-policy-helpers-and-httpclient-integration","dotnet","cross-cutting","Polly HTTP policy helpers and HttpClient integration","_ai-conspects/_knowledge/dotnet/polly-http-policy-helpers-and-httpclient-integration.md","UNKNOWN","UNASSESSED","NOT_REVIEWED","","","","","","","CALIBRATION","whole unit","0","0","",""
"dotnet.time-types-and-model-selection","dotnet","cross-cutting",".NET time types and model selection","_ai-conspects/_knowledge/dotnet/time-types-and-model-selection.md","UNKNOWN","UNASSESSED","NOT_REVIEWED","","","","","","","CALIBRATION","whole unit","0","0","",""
"dotnet.datetime-offset-kind-conversion-and-arithmetic","dotnet","cross-cutting","DateTime offset, Kind, conversion, and arithmetic","_ai-conspects/_knowledge/dotnet/datetime-offset-kind-conversion-and-arithmetic.md","UNKNOWN","UNASSESSED","NOT_REVIEWED","","","","","","","CALIBRATION","whole unit","0","0","",""
"dotnet.ticks-unix-time-and-javascript-display","dotnet","cross-cutting",".NET ticks, Unix time, and JavaScript display","_ai-conspects/_knowledge/dotnet/ticks-unix-time-and-javascript-display.md","UNKNOWN","UNASSESSED","NOT_REVIEWED","","","","","","","CALIBRATION","whole unit","0","0","",""
"dotnet.datetime-parsing-exactness-and-standard-formats","dotnet","cross-cutting","Date/time parsing exactness and standard formats","_ai-conspects/_knowledge/dotnet/datetime-parsing-exactness-and-standard-formats.md","UNKNOWN","UNASSESSED","NOT_REVIEWED","","","","","","","CALIBRATION","whole unit","0","0","",""
"dotnet.timezone-conversion-json-and-model-binding","dotnet","cross-cutting",".NET timezone conversion, JSON, and model binding","_ai-conspects/_knowledge/dotnet/timezone-conversion-json-and-model-binding.md","UNKNOWN","UNASSESSED","NOT_REVIEWED","","","","","","","CALIBRATION","whole unit","0","0","",""
"dotnet.timezone-date-math-and-dst","dotnet","cross-cutting","Timezone-aware date math and DST","_ai-conspects/_knowledge/dotnet/timezone-date-math-and-dst.md","UNKNOWN","UNASSESSED","NOT_REVIEWED","","","","","","","CALIBRATION","whole unit","0","0","",""
"dotnet.invalid-local-time-resolution-policies","dotnet","cross-cutting","Invalid local-time resolution policies","_ai-conspects/_knowledge/dotnet/invalid-local-time-resolution-policies.md","UNKNOWN","UNASSESSED","NOT_REVIEWED","","","","","","","CALIBRATION","whole unit","0","0","",""
"dotnet.ambiguous-local-time-scheduling-and-audit","dotnet","cross-cutting","Ambiguous local-time scheduling and audit","_ai-conspects/_knowledge/dotnet/ambiguous-local-time-scheduling-and-audit.md","UNKNOWN","UNASSESSED","NOT_REVIEWED","","","","","","","CALIBRATION","whole unit","0","0","",""
"dotnet.jsondocument-jsonelement-readonly-dom","dotnet","cross-cutting","JsonDocument and JsonElement read-only DOM","_ai-conspects/_knowledge/dotnet/jsondocument-jsonelement-readonly-dom.md","UNKNOWN","UNASSESSED","NOT_REVIEWED","","","","","","","CALIBRATION","whole unit","0","0","",""
"dotnet.jsonnode-mutable-dom","dotnet","cross-cutting","JsonNode mutable DOM","_ai-conspects/_knowledge/dotnet/jsonnode-mutable-dom.md","UNKNOWN","UNASSESSED","NOT_REVIEWED","","","","","","","CALIBRATION","whole unit","0","0","",""
"dotnet.utf8jsonwriter-streaming-and-token-control","dotnet","cross-cutting","Utf8JsonWriter streaming and token control","_ai-conspects/_knowledge/dotnet/utf8jsonwriter-streaming-and-token-control.md","UNKNOWN","UNASSESSED","NOT_REVIEWED","","","","","","","CALIBRATION","whole unit","0","0","",""
"dotnet.reflection-type-members-and-binding-flags","dotnet","cross-cutting","Reflection Type, members, and BindingFlags","_ai-conspects/_knowledge/dotnet/reflection-type-members-and-binding-flags.md","UNKNOWN","UNASSESSED","NOT_REVIEWED","","","","","","","CALIBRATION","whole unit","0","0","",""
"dotnet.reflection-fields-properties-and-attributes","dotnet","cross-cutting","Reflection fields, properties, and attributes","_ai-conspects/_knowledge/dotnet/reflection-fields-properties-and-attributes.md","UNKNOWN","UNASSESSED","NOT_REVIEWED","","","","","","","CALIBRATION","whole unit","0","0","",""
"dotnet.reflection-methods-constructors-and-parameters","dotnet","cross-cutting","Reflection methods, constructors, and parameters","_ai-conspects/_knowledge/dotnet/reflection-methods-constructors-and-parameters.md","UNKNOWN","UNASSESSED","NOT_REVIEWED","","","","","","","CALIBRATION","whole unit","0","0","",""
"dotnet.reflection-events-interfaces-and-member-origin","dotnet","cross-cutting","Reflection events, interfaces, nested types, and member origin","_ai-conspects/_knowledge/dotnet/reflection-events-interfaces-and-member-origin.md","UNKNOWN","UNASSESSED","NOT_REVIEWED","","","","","","","CALIBRATION","whole unit","0","0","",""
"dotnet.reflection-generics-type-checks-and-performance","dotnet","cross-cutting","Reflection generics, type checks, and performance","_ai-conspects/_knowledge/dotnet/reflection-generics-type-checks-and-performance.md","UNKNOWN","UNASSESSED","NOT_REVIEWED","","","","","","","CALIBRATION","whole unit","0","0","",""
"dotnet.reflection-element-types-and-byref-parameters","dotnet","cross-cutting","Reflection element types and by-ref parameters","_ai-conspects/_knowledge/dotnet/reflection-element-types-and-byref-parameters.md","UNKNOWN","UNASSESSED","NOT_REVIEWED","","","","","","","CALIBRATION","whole unit","0","0","",""
"ef-core.search-with-like","ef-core","data","EF Core substring and LIKE search","_ai-conspects/_knowledge/ef-core/search-with-like.md","UNKNOWN","UNASSESSED","NOT_REVIEWED","","","","","","","CALIBRATION","whole unit","0","0","",""
"ef-core.split-query-tradeoffs","ef-core","data","EF Core split-query tradeoffs","_ai-conspects/_knowledge/ef-core/split-query-tradeoffs.md","UNKNOWN","UNASSESSED","NOT_REVIEWED","","","","","","","CALIBRATION","whole unit","0","0","",""
"ef-core.index-configuration","ef-core","data","EF Core index configuration","_ai-conspects/_knowledge/ef-core/index-configuration.md","UNKNOWN","UNASSESSED","NOT_REVIEWED","","","","","","","CALIBRATION","whole unit","0","0","",""
"ef-core.dbcontext-pooling-tenant-and-connection-state","ef-core","data","DbContext pooling, tenant state, and connection cleanup","_ai-conspects/_knowledge/ef-core/dbcontext-pooling-tenant-and-connection-state.md","UNKNOWN","UNASSESSED","NOT_REVIEWED","","","","","","","CALIBRATION","whole unit","0","0","",""
"ef-core.lazy-loading-and-query-shaping","ef-core","data","Lazy loading and query shaping","_ai-conspects/_knowledge/ef-core/lazy-loading-and-query-shaping.md","UNKNOWN","UNASSESSED","NOT_REVIEWED","","","","","","","CALIBRATION","whole unit","0","0","",""
"ef-core.global-query-filters-and-required-navigations","ef-core","data","Global query filters and required navigations","_ai-conspects/_knowledge/ef-core/global-query-filters-and-required-navigations.md","UNKNOWN","UNASSESSED","NOT_REVIEWED","","","","","","","CALIBRATION","whole unit","0","0","",""
"ef-core.dbcontext-configuration-encapsulation","ef-core","data","DbContext configuration encapsulation","_ai-conspects/_knowledge/ef-core/dbcontext-configuration-encapsulation.md","UNKNOWN","UNASSESSED","NOT_REVIEWED","","","","","","","CALIBRATION","whole unit","0","0","",""
"ef-core.executeintransactionasync-ambiguous-commit-verification","ef-core","data","EF Core ExecuteInTransactionAsync and ambiguous commit verification","_ai-conspects/_knowledge/ef-core/executeintransactionasync-ambiguous-commit-verification.md","UNKNOWN","UNASSESSED","NOT_REVIEWED","","","","","","","CALIBRATION","whole unit","0","0","",""
"ef-core.execution-strategies-retry-behavior-and-configuration","ef-core","data","EF Core execution strategies, retry behavior, and configuration","_ai-conspects/_knowledge/ef-core/execution-strategies-retry-behavior-and-configuration.md","UNKNOWN","UNASSESSED","NOT_REVIEWED","","","","","","","CALIBRATION","whole unit","0","0","",""
"ef-core.isolation-levels-and-retry-semantics","ef-core","data","EF Core isolation levels and retry semantics","_ai-conspects/_knowledge/ef-core/isolation-levels-and-retry-semantics.md","UNKNOWN","UNASSESSED","NOT_REVIEWED","","","","","","","CALIBRATION","whole unit","0","0","",""
"ef-core.query-performance-shape-diagnostics-and-batching","ef-core","data","Query shape, diagnostics, and batching","_ai-conspects/_knowledge/ef-core/query-performance-shape-diagnostics-and-batching.md","UNKNOWN","UNASSESSED","NOT_REVIEWED","","","","","","","CALIBRATION","whole unit","0","0","",""
"ef-core.migrations-development-and-deployment-workflows","ef-core","data","Migrations in development and deployment","_ai-conspects/_knowledge/ef-core/migrations-development-and-deployment-workflows.md","UNKNOWN","UNASSESSED","NOT_REVIEWED","","","","","","","CALIBRATION","whole unit","0","0","",""
"ef-core.composite-keys-relationships-and-indexes","ef-core","data","Composite keys, relationships, and indexes","_ai-conspects/_knowledge/ef-core/composite-keys-relationships-and-indexes.md","UNKNOWN","UNASSESSED","NOT_REVIEWED","","","","","","","CALIBRATION","whole unit","0","0","",""
"ef-core.linq-relational-translation-shapes","ef-core","data","LINQ relational translation shapes","_ai-conspects/_knowledge/ef-core/linq-relational-translation-shapes.md","UNKNOWN","HIGH","NOT_REVIEWED","","","","","","","CALIBRATION","whole unit","0","0","",""
"ef-core.transactions-isolation-savepoints-and-retries","ef-core","data","Transactions, isolation, savepoints, and retries","_ai-conspects/_knowledge/ef-core/transactions-isolation-savepoints-and-retries.md","UNKNOWN","UNASSESSED","NOT_REVIEWED","","","","","","","CALIBRATION","whole unit","0","0","",""
"ef-core.keyless-models-vs-direct-sql-results","ef-core","data","Keyless models versus direct SQL results","_ai-conspects/_knowledge/ef-core/keyless-models-vs-direct-sql-results.md","UNKNOWN","UNASSESSED","NOT_REVIEWED","","","","","","","CALIBRATION","whole unit","0","0","",""
"ef-core.alternate-keys-and-principal-key-targets","ef-core","data","Alternate keys and principal-key relationship targets","_ai-conspects/_knowledge/ef-core/alternate-keys-and-principal-key-targets.md","UNKNOWN","UNASSESSED","NOT_REVIEWED","","","","","","","CALIBRATION","whole unit","0","0","",""
"ef-core.model-configuration-conventions-and-discovery","ef-core","data","Model configuration, conventions, and discovery","_ai-conspects/_knowledge/ef-core/model-configuration-conventions-and-discovery.md","UNKNOWN","UNASSESSED","NOT_REVIEWED","","","","","","","CALIBRATION","whole unit","0","0","",""
"ef-core.relational-property-types-collations-and-metadata","ef-core","data","Relational property types, collations, and metadata","_ai-conspects/_knowledge/ef-core/relational-property-types-collations-and-metadata.md","UNKNOWN","UNASSESSED","NOT_REVIEWED","","","","","","","CALIBRATION","whole unit","0","0","",""
"ef-core.value-generation-defaults-and-save-behavior","ef-core","data","Value generation, defaults, and save behavior","_ai-conspects/_knowledge/ef-core/value-generation-defaults-and-save-behavior.md","UNKNOWN","UNASSESSED","NOT_REVIEWED","","","","","","","CALIBRATION","whole unit","0","0","",""
"ef-core.backing-fields-and-property-access-modes","ef-core","data","Backing fields and property access modes","_ai-conspects/_knowledge/ef-core/backing-fields-and-property-access-modes.md","UNKNOWN","UNASSESSED","NOT_REVIEWED","","","","","","","CALIBRATION","whole unit","0","0","",""
"ef-core.many-to-many-join-entities-and-delete-behavior","ef-core","data","Many-to-many join entities and delete behavior","_ai-conspects/_knowledge/ef-core/many-to-many-join-entities-and-delete-behavior.md","UNKNOWN","UNASSESSED","NOT_REVIEWED","","","","","","","CALIBRATION","whole unit","0","0","",""
"ef-core.identity-sequences-and-hilo-key-generation","ef-core","data","Identity, sequences, and HiLo key generation","_ai-conspects/_knowledge/ef-core/identity-sequences-and-hilo-key-generation.md","UNKNOWN","UNASSESSED","NOT_REVIEWED","","","","","","","CALIBRATION","whole unit","0","0","",""
"ef-core.inheritance-mapping-tph-tpt-tpc","ef-core","data","Inheritance mapping with TPH, TPT, and TPC","_ai-conspects/_knowledge/ef-core/inheritance-mapping-tph-tpt-tpc.md","UNKNOWN","UNASSESSED","NOT_REVIEWED","","","","","","","CALIBRATION","whole unit","0","0","",""
"ef-core.owned-references-collections-and-relational-identity","ef-core","data","Owned references, collections, and relational identity","_ai-conspects/_knowledge/ef-core/owned-references-collections-and-relational-identity.md","UNKNOWN","UNASSESSED","NOT_REVIEWED","","","","","","","CALIBRATION","whole unit","0","0","",""
"ef-core.optional-nested-owned-values-and-requiredness","ef-core","data","Optional nested owned values and requiredness","_ai-conspects/_knowledge/ef-core/optional-nested-owned-values-and-requiredness.md","UNKNOWN","UNASSESSED","NOT_REVIEWED","","","","","","","CALIBRATION","whole unit","0","0","",""
"ef-core.value-converters-and-mutable-value-comparers","ef-core","data","Value converters and mutable value comparers","_ai-conspects/_knowledge/ef-core/value-converters-and-mutable-value-comparers.md","UNKNOWN","UNASSESSED","NOT_REVIEWED","","","","","","","CALIBRATION","whole unit","0","0","",""
"ef-core.json-converted-collections-and-sql-server-querying","ef-core","data","JSON-converted collections and SQL Server querying","_ai-conspects/_knowledge/ef-core/json-converted-collections-and-sql-server-querying.md","UNKNOWN","UNASSESSED","NOT_REVIEWED","","","","","","","CALIBRATION","whole unit","0","0","",""
"ef-core.stored-procedure-query-command-and-composition","ef-core","data","EF Core stored-procedure query, command, and composition boundaries","_ai-conspects/_knowledge/ef-core/stored-procedure-query-command-and-composition.md","UNKNOWN","UNASSESSED","NOT_REVIEWED","","","","","","","CALIBRATION","whole unit","0","0","",""
"ef-core.stored-procedure-cud-mapping-and-concurrency","ef-core","data","EF Core stored-procedure CUD mapping and concurrency","_ai-conspects/_knowledge/ef-core/stored-procedure-cud-mapping-and-concurrency.md","UNKNOWN","UNASSESSED","NOT_REVIEWED","","","","","","","CALIBRATION","whole unit","0","0","",""
"ef-core.iqueryable-repository-and-resource-boundaries","ef-core","data","IQueryable repository and resource boundaries","_ai-conspects/_knowledge/ef-core/iqueryable-repository-and-resource-boundaries.md","UNKNOWN","UNASSESSED","NOT_REVIEWED","","","","","","","CALIBRATION","whole unit","0","0","",""
"ef-core.database-view-and-defining-query-mapping","ef-core","data","EF Core database-view and defining-query mapping","_ai-conspects/_knowledge/ef-core/database-view-and-defining-query-mapping.md","UNKNOWN","UNASSESSED","NOT_REVIEWED","","","","","","","CALIBRATION","whole unit","0","0","",""
"ef-core.rowversion-http-etag-concurrency","ef-core","data","SQL Server rowversion as an HTTP ETag concurrency token","_ai-conspects/_knowledge/ef-core/rowversion-http-etag-concurrency.md","UNKNOWN","UNASSESSED","NOT_REVIEWED","","","","","","","CALIBRATION","whole unit","0","0","",""
"ef-core.aggregate-version-etag-propagation","ef-core","data","Aggregate-version ETags across root and child changes","_ai-conspects/_knowledge/ef-core/aggregate-version-etag-propagation.md","UNKNOWN","UNASSESSED","NOT_REVIEWED","","","","","","","CALIBRATION","whole unit","0","0","",""
"ef-core.changetracker-detection-cascade-and-save-lifecycle","ef-core","data","ChangeTracker detection, cascade timing, and save lifecycle","_ai-conspects/_knowledge/ef-core/changetracker-detection-cascade-and-save-lifecycle.md","UNKNOWN","UNASSESSED","NOT_REVIEWED","","","","","","","CALIBRATION","whole unit","0","0","",""
"ef-core.entityentry-state-values-and-property-control","ef-core","data","EntityEntry state, values, and property control","_ai-conspects/_knowledge/ef-core/entityentry-state-values-and-property-control.md","UNKNOWN","UNASSESSED","NOT_REVIEWED","","","","","","","CALIBRATION","whole unit","0","0","",""
"ef-core.entityentry-navigations-explicit-load-and-query","ef-core","data","EntityEntry navigations, explicit load, and Query()","_ai-conspects/_knowledge/ef-core/entityentry-navigations-explicit-load-and-query.md","UNKNOWN","UNASSESSED","NOT_REVIEWED","","","","","","","CALIBRATION","whole unit","0","0","",""
"ef-core.trackgraph-disconnected-graphs-and-nodestate","ef-core","data","TrackGraph, disconnected graphs, and NodeState","_ai-conspects/_knowledge/ef-core/trackgraph-disconnected-graphs-and-nodestate.md","UNKNOWN","UNASSESSED","NOT_REVIEWED","","","","","","","CALIBRATION","whole unit","0","0","",""
"ef-core.changetracker-tracking-and-state-events","ef-core","data","ChangeTracker Tracking, Tracked, and state-change events","_ai-conspects/_knowledge/ef-core/changetracker-tracking-and-state-events.md","UNKNOWN","UNASSESSED","NOT_REVIEWED","","","","","","","CALIBRATION","whole unit","0","0","",""
"ef-core.savechanges-interceptor-lifecycle-and-audit","ef-core","data","SaveChangesInterceptor lifecycle, event data, and audit stamping","_ai-conspects/_knowledge/ef-core/savechanges-interceptor-lifecycle-and-audit.md","UNKNOWN","UNASSESSED","NOT_REVIEWED","","","","","","","CALIBRATION","whole unit","0","0","",""
"ef-core.savechanges-interceptor-suppression-and-failure","ef-core","data","SaveChangesInterceptor suppression, failure, and concurrency","_ai-conspects/_knowledge/ef-core/savechanges-interceptor-suppression-and-failure.md","UNKNOWN","UNASSESSED","NOT_REVIEWED","","","","","","","CALIBRATION","whole unit","0","0","",""
"ef-core.dbcommand-interceptor-callbacks-and-sql-mutation","ef-core","data","DbCommandInterceptor callbacks, result shapes, and SQL mutation","_ai-conspects/_knowledge/ef-core/dbcommand-interceptor-callbacks-and-sql-mutation.md","UNKNOWN","UNASSESSED","NOT_REVIEWED","","","","","","","CALIBRATION","whole unit","0","0","",""
"ef-core.dbcommand-interceptor-event-data-and-command-properties","ef-core","data","DbCommandInterceptor event data properties and DbCommand shortlist","_ai-conspects/_knowledge/ef-core/dbcommand-interceptor-event-data-and-command-properties.md","UNKNOWN","UNASSESSED","NOT_REVIEWED","","","","","","","CALIBRATION","whole unit","0","0","",""
"ef-core.fromsql-and-sqlquery-apis","ef-core","data","EF Core FromSql and SqlQuery APIs","_ai-conspects/_knowledge/ef-core/fromsql-and-sqlquery-apis.md","UNKNOWN","UNASSESSED","NOT_REVIEWED","","","","","","","CALIBRATION","whole unit","0","0","",""
"ef-core.fromsql-parameterization-and-dynamic-sql","ef-core","data","EF Core FromSql parameterization and safe dynamic SQL","_ai-conspects/_knowledge/ef-core/fromsql-parameterization-and-dynamic-sql.md","UNKNOWN","UNASSESSED","NOT_REVIEWED","","","","","","","CALIBRATION","whole unit","0","0","",""
"ef-core.executeupdate-executedelete-and-set-based-dml","ef-core","data","EF Core ExecuteUpdate, ExecuteDelete, and set-based DML","_ai-conspects/_knowledge/ef-core/executeupdate-executedelete-and-set-based-dml.md","UNKNOWN","UNASSESSED","NOT_REVIEWED","","","","","","","CALIBRATION","whole unit","0","0","",""
"ef-core.retry-buffering-and-streaming-behavior","ef-core","data","EF Core retry buffering and streaming behavior","_ai-conspects/_knowledge/ef-core/retry-buffering-and-streaming-behavior.md","UNKNOWN","UNASSESSED","NOT_REVIEWED","","","","","","","CALIBRATION","whole unit","0","0","",""
"ef-core.savepoints-savechanges-and-transaction-recovery","ef-core","data","EF Core savepoints, SaveChanges, and transaction recovery","_ai-conspects/_knowledge/ef-core/savepoints-savechanges-and-transaction-recovery.md","UNKNOWN","UNASSESSED","NOT_REVIEWED","","","","","","","CALIBRATION","whole unit","0","0","",""
"ef-core.autotransaction-currenttransaction-and-autosavepoints","ef-core","data","EF Core AutoTransactionBehavior, CurrentTransaction, and AutoSavepoints","_ai-conspects/_knowledge/ef-core/autotransaction-currenttransaction-and-autosavepoints.md","UNKNOWN","UNASSESSED","NOT_REVIEWED","","","","","","","CALIBRATION","whole unit","0","0","",""
"ef-core.idbcontext-transaction-savepoints-and-dbtransaction-interop","ef-core","data","EF Core IDbContextTransaction, savepoints, and DbTransaction interop","_ai-conspects/_knowledge/ef-core/idbcontext-transaction-savepoints-and-dbtransaction-interop.md","UNKNOWN","UNASSESSED","NOT_REVIEWED","","","","","","","CALIBRATION","whole unit","0","0","",""
"ef-core.savechanges-flush-lifecycle-and-rollback-scope","ef-core","data","EF Core SaveChanges flush lifecycle and rollback scope","_ai-conspects/_knowledge/ef-core/savechanges-flush-lifecycle-and-rollback-scope.md","UNKNOWN","UNASSESSED","NOT_REVIEWED","","","","","","","CALIBRATION","whole unit","0","0","",""
"ef-core.savechanges-generated-values-batching-and-changetracker","ef-core","data","EF Core SaveChanges generated values, batching, and ChangeTracker.Clear","_ai-conspects/_knowledge/ef-core/savechanges-generated-values-batching-and-changetracker.md","UNKNOWN","UNASSESSED","NOT_REVIEWED","","","","","","","CALIBRATION","whole unit","0","0","",""
"ef-core.databasefacade-connectivity-and-migrations","ef-core","data","EF Core DatabaseFacade connectivity and migrations","_ai-conspects/_knowledge/ef-core/databasefacade-connectivity-and-migrations.md","UNKNOWN","UNASSESSED","NOT_REVIEWED","","","","","","","CALIBRATION","whole unit","0","0","",""
"ef-core.dbconnection-lifetime-setdbconnection-and-timeouts","ef-core","data","EF Core DbConnection lifetime, SetDbConnection, and timeouts","_ai-conspects/_knowledge/ef-core/dbconnection-lifetime-setdbconnection-and-timeouts.md","UNKNOWN","UNASSESSED","NOT_REVIEWED","","","","","","","CALIBRATION","whole unit","0","0","",""
"ef-core.manual-dbcontext-and-multi-context-patterns","ef-core","data","EF Core manual DbContext construction and multi-context patterns","_ai-conspects/_knowledge/ef-core/manual-dbcontext-and-multi-context-patterns.md","UNKNOWN","UNASSESSED","NOT_REVIEWED","","","","","","","CALIBRATION","whole unit","0","0","",""
"ef-core.tracking-queries-identity-resolution-and-projections","ef-core","data","Tracking queries, identity resolution, and read projections","_ai-conspects/_knowledge/ef-core/tracking-queries-identity-resolution-and-projections.md","UNKNOWN","HIGH","NOT_REVIEWED","","","","","","","CALIBRATION","whole unit","0","0","",""
"ef-core.entity-materialization-and-safe-constructors","ef-core","data","Entity materialization and safe constructors","_ai-conspects/_knowledge/ef-core/entity-materialization-and-safe-constructors.md","UNKNOWN","UNASSESSED","NOT_REVIEWED","","","","","","","CALIBRATION","whole unit","0","0","",""
"ef-core.shadow-properties-and-persistence-only-state","ef-core","data","Shadow properties and persistence-only state","_ai-conspects/_knowledge/ef-core/shadow-properties-and-persistence-only-state.md","UNKNOWN","UNASSESSED","NOT_REVIEWED","","","","","","","CALIBRATION","whole unit","0","0","",""
"ef-core.optimistic-concurrency-resolution-and-savepoints","ef-core","data","Optimistic concurrency resolution and savepoints","_ai-conspects/_knowledge/ef-core/optimistic-concurrency-resolution-and-savepoints.md","UNKNOWN","UNASSESSED","NOT_REVIEWED","","","","","","","CALIBRATION","whole unit","0","0","",""
"ef-core.database-failure-layers-and-sql-server-classification","ef-core","data","Database failure layers and SQL Server classification","_ai-conspects/_knowledge/ef-core/database-failure-layers-and-sql-server-classification.md","UNKNOWN","UNASSESSED","NOT_REVIEWED","","","","","","","CALIBRATION","whole unit","0","0","",""
"ef-core.query-shape-cartesian-expansion","ef-core","data","Query shape and cartesian expansion","_ai-conspects/_knowledge/ef-core/query-shape-cartesian-expansion.md","UNKNOWN","UNASSESSED","NOT_REVIEWED","","","","","","","CALIBRATION","whole unit","0","0","",""
"http.dotnet-header-representation","http","backend","HTTP header ownership and .NET representations","_ai-conspects/_knowledge/http/dotnet-header-representation.md","UNKNOWN","UNASSESSED","NOT_REVIEWED","","","","","","","CALIBRATION","whole unit","0","0","",""
"http.browser-header-controls-and-cors-visibility","http","backend","Browser-controlled headers and CORS visibility","_ai-conspects/_knowledge/http/browser-header-controls-and-cors-visibility.md","UNKNOWN","UNASSESSED","NOT_REVIEWED","","","","","","","CALIBRATION","whole unit","0","0","",""
"http.authentication-headers","http","backend","Authentication credentials and challenges","_ai-conspects/_knowledge/http/authentication-headers.md","UNKNOWN","UNASSESSED","NOT_REVIEWED","","","","","","","CALIBRATION","whole unit","0","0","",""
"http.location-header","http","backend","Location header semantics","_ai-conspects/_knowledge/http/location-header.md","UNKNOWN","UNASSESSED","NOT_REVIEWED","","","","","","","CALIBRATION","whole unit","0","0","",""
"http.cache-validation-headers","http","backend","HTTP cache freshness and validation headers","_ai-conspects/_knowledge/http/cache-validation-headers.md","UNKNOWN","UNASSESSED","NOT_REVIEWED","","","","","","","CALIBRATION","whole unit","0","0","",""
"http.cookie-and-set-cookie","http","backend","Cookie and Set-Cookie header models","_ai-conspects/_knowledge/http/cookie-and-set-cookie.md","UNKNOWN","UNASSESSED","NOT_REVIEWED","","","","","","","CALIBRATION","whole unit","0","0","",""
"http.sse-event-stream-reconnection","http","backend","SSE event framing, retry, and reconnection","_ai-conspects/_knowledge/http/sse-event-stream-reconnection.md","UNKNOWN","UNASSESSED","NOT_REVIEWED","","","","","","","CALIBRATION","whole unit","0","0","",""
"http.content-disposition-filenames","http","backend","Content-Disposition behavior and safe filenames","_ai-conspects/_knowledge/http/content-disposition-filenames.md","UNKNOWN","UNASSESSED","NOT_REVIEWED","","","","","","","CALIBRATION","whole unit","0","0","",""
"http.api-root-document-discovery","http","backend","API root document and link discovery","_ai-conspects/_knowledge/http/api-root-document-discovery.md","UNKNOWN","UNASSESSED","NOT_REVIEWED","","","","","","","CALIBRATION","whole unit","0","0","",""
"http.options-and-cors-preflight","http","backend","OPTIONS and browser CORS preflight","_ai-conspects/_knowledge/http/options-and-cors-preflight.md","UNKNOWN","UNASSESSED","NOT_REVIEWED","","","","","","","CALIBRATION","whole unit","0","0","",""
"http.vary-origin-cache-variants","http","backend","Vary: Origin and CORS cache variants","_ai-conspects/_knowledge/http/vary-origin-cache-variants.md","UNKNOWN","UNASSESSED","NOT_REVIEWED","","","","","","","CALIBRATION","whole unit","0","0","",""
"http.vary-representation-cache-keys","http","backend","Vary and representation cache keys","_ai-conspects/_knowledge/http/vary-representation-cache-keys.md","UNKNOWN","UNASSESSED","NOT_REVIEWED","","","","","","","CALIBRATION","whole unit","0","0","",""
"http.head-conditional-metadata","http","backend","HEAD requests, validators, and representation metadata","_ai-conspects/_knowledge/http/head-conditional-metadata.md","UNKNOWN","UNASSESSED","NOT_REVIEWED","","","","","","","CALIBRATION","whole unit","0","0","",""
"http.content-coding-direction-and-negotiation","http","backend","HTTP content coding direction and negotiation","_ai-conspects/_knowledge/http/content-coding-direction-and-negotiation.md","UNKNOWN","UNASSESSED","NOT_REVIEWED","","","","","","","CALIBRATION","whole unit","0","0","",""
"http.last-modified-revalidation-and-freshness","http","backend","Last-Modified revalidation and freshness","_ai-conspects/_knowledge/http/last-modified-revalidation-and-freshness.md","UNKNOWN","UNASSESSED","NOT_REVIEWED","","","","","","","CALIBRATION","whole unit","0","0","",""
"http.browser-cookie-delivery-and-security","http","backend","Browser cookie delivery and security","_ai-conspects/_knowledge/http/browser-cookie-delivery-and-security.md","UNKNOWN","UNASSESSED","NOT_REVIEWED","","","","","","","CALIBRATION","whole unit","0","0","",""
"http.cookie-session-vs-jwt-credentials","http","backend","Cookie sessions versus JWT credentials","_ai-conspects/_knowledge/http/cookie-session-vs-jwt-credentials.md","UNKNOWN","UNASSESSED","NOT_REVIEWED","","","","","","","CALIBRATION","whole unit","0","0","",""
"http.websocket-message-framing","http","backend","WebSocket message framing","_ai-conspects/_knowledge/http/websocket-message-framing.md","UNKNOWN","UNASSESSED","NOT_REVIEWED","","","","","","","CALIBRATION","whole unit","0","0","",""
"http.cookie-scope-and-secure-prefixes","http","backend","Cookie host scope, path, names, and secure prefixes","_ai-conspects/_knowledge/http/cookie-scope-and-secure-prefixes.md","UNKNOWN","UNASSESSED","NOT_REVIEWED","","","","","","","CALIBRATION","whole unit","0","0","",""
"http.put-patch-and-update-preconditions","http","backend","PUT, PATCH, representations, and update preconditions","_ai-conspects/_knowledge/http/put-patch-and-update-preconditions.md","UNKNOWN","UNASSESSED","NOT_REVIEWED","","","","","","","CALIBRATION","whole unit","0","0","",""
"http.rest-constraints-resource-and-method-semantics","http","backend","REST constraints, resource contracts, and method semantics","_ai-conspects/_knowledge/http/rest-constraints-resource-and-method-semantics.md","UNKNOWN","HIGH","NOT_REVIEWED","","","","","","","CALIBRATION","whole unit","0","0","",""
"http.problem-details-public-error-contracts","http","backend","Problem Details as a public error contract","_ai-conspects/_knowledge/http/problem-details-public-error-contracts.md","UNKNOWN","UNASSESSED","NOT_REVIEWED","","","","","","","CALIBRATION","whole unit","0","0","",""
"http.hypermedia-links-and-representation-negotiation","http","backend","Hypermedia links and representation negotiation","_ai-conspects/_knowledge/http/hypermedia-links-and-representation-negotiation.md","UNKNOWN","UNASSESSED","NOT_REVIEWED","","","","","","","CALIBRATION","whole unit","0","0","",""
"http.api-versioning-and-deprecation","http","backend","API versioning and deprecation","_ai-conspects/_knowledge/http/api-versioning-and-deprecation.md","UNKNOWN","UNASSESSED","NOT_REVIEWED","","","","","","","CALIBRATION","whole unit","0","0","",""
"http.rate-limit-responses-and-retry-after","http","backend","Rate-limit responses and Retry-After","_ai-conspects/_knowledge/http/rate-limit-responses-and-retry-after.md","UNKNOWN","UNASSESSED","NOT_REVIEWED","","","","","","","CALIBRATION","whole unit","0","0","",""
"http.accept-negotiation-ranking-and-selection","http","backend","Accept negotiation ranking and deterministic selection","_ai-conspects/_knowledge/http/accept-negotiation-ranking-and-selection.md","UNKNOWN","UNASSESSED","NOT_REVIEWED","","","","","","","CALIBRATION","whole unit","0","0","",""
"http.creation-responses-and-operation-resources","http","backend","Creation responses and operation resources","_ai-conspects/_knowledge/http/creation-responses-and-operation-resources.md","UNKNOWN","UNASSESSED","NOT_REVIEWED","","","","","","","CALIBRATION","whole unit","0","0","",""
"http.canonical-resource-identities-and-lookup-routes","http","backend","Canonical resource identities and lookup routes","_ai-conspects/_knowledge/http/canonical-resource-identities-and-lookup-routes.md","UNKNOWN","UNASSESSED","NOT_REVIEWED","","","","","","","CALIBRATION","whole unit","0","0","",""
"http.websocket-upgrade-subprotocols-and-application-contracts","http","backend","WebSocket upgrade, subprotocols, and application contracts","_ai-conspects/_knowledge/http/websocket-upgrade-subprotocols-and-application-contracts.md","UNKNOWN","UNASSESSED","NOT_REVIEWED","","","","","","","CALIBRATION","whole unit","0","0","",""
"http.client-server-roles-listening-and-request-flow","http","backend","Client/server roles, listening endpoints, and HTTP flow","_ai-conspects/_knowledge/http/client-server-roles-listening-and-request-flow.md","UNKNOWN","UNASSESSED","NOT_REVIEWED","","","","","","","CALIBRATION","whole unit","0","0","",""
"javascript.set-basics","javascript","frontend","JavaScript Set basics and value identity","_ai-conspects/_knowledge/javascript/set-basics.md","UNKNOWN","UNASSESSED","NOT_REVIEWED","","","","","","","CALIBRATION","whole unit","0","0","",""
"javascript.set-iteration-conversion","javascript","frontend","Set iteration and conversion","_ai-conspects/_knowledge/javascript/set-iteration-conversion.md","UNKNOWN","UNASSESSED","NOT_REVIEWED","","","","","","","CALIBRATION","whole unit","0","0","",""
"javascript.set-algebra","javascript","frontend","Portable Set algebra","_ai-conspects/_knowledge/javascript/set-algebra.md","UNKNOWN","UNASSESSED","NOT_REVIEWED","","","","","","","CALIBRATION","whole unit","0","0","",""
"javascript.set-vs-array","javascript","frontend","Choosing Set or Array","_ai-conspects/_knowledge/javascript/set-vs-array.md","UNKNOWN","UNASSESSED","NOT_REVIEWED","","","","","","","CALIBRATION","whole unit","0","0","",""
"javascript.intl-collator","javascript","frontend","Locale-aware comparison with Intl.Collator","_ai-conspects/_knowledge/javascript/intl-collator.md","UNKNOWN","UNASSESSED","NOT_REVIEWED","","","","","","","CALIBRATION","whole unit","0","0","",""
"javascript.collation-sort-vs-search","javascript","frontend","Collation for sorting versus search matching","_ai-conspects/_knowledge/javascript/collation-sort-vs-search.md","UNKNOWN","UNASSESSED","NOT_REVIEWED","","","","","","","CALIBRATION","whole unit","0","0","",""
"javascript.generator-control-flow","javascript","frontend","Generator execution, yield, and completion","_ai-conspects/_knowledge/javascript/generator-control-flow.md","UNKNOWN","UNASSESSED","NOT_REVIEWED","","","","","","","CALIBRATION","whole unit","0","0","",""
"javascript.async-generators-and-cancellation","javascript","frontend","Async generators and responsive cancellation","_ai-conspects/_knowledge/javascript/async-generators-and-cancellation.md","UNKNOWN","UNASSESSED","NOT_REVIEWED","","","","","","","CALIBRATION","whole unit","0","0","",""
"javascript.generator-finally-cleanup","javascript","frontend","Generator return and finally cleanup","_ai-conspects/_knowledge/javascript/generator-finally-cleanup.md","UNKNOWN","UNASSESSED","NOT_REVIEWED","","","","","","","CALIBRATION","whole unit","0","0","",""
"javascript.array-flat","javascript","frontend","Array flattening depth and semantics","_ai-conspects/_knowledge/javascript/array-flat.md","UNKNOWN","UNASSESSED","NOT_REVIEWED","","","","","","","CALIBRATION","whole unit","0","0","",""
"javascript.array-flatmap","javascript","frontend","One-to-many transformations with flatMap","_ai-conspects/_knowledge/javascript/array-flatmap.md","UNKNOWN","UNASSESSED","NOT_REVIEWED","","","","","","","CALIBRATION","whole unit","0","0","",""
"javascript.last-array-and-iterable-element","javascript","frontend","Reading the last array or iterable element","_ai-conspects/_knowledge/javascript/last-array-and-iterable-element.md","UNKNOWN","UNASSESSED","NOT_REVIEWED","","","","","","","CALIBRATION","whole unit","0","0","",""
"javascript.web-storage-api","javascript","frontend","Web Storage API and string serialization","_ai-conspects/_knowledge/javascript/web-storage-api.md","UNKNOWN","UNASSESSED","NOT_REVIEWED","","","","","","","CALIBRATION","whole unit","0","0","",""
"javascript.browser-storage-lifetimes-and-security","javascript","frontend","Memory, sessionStorage, and localStorage lifetimes","_ai-conspects/_knowledge/javascript/browser-storage-lifetimes-and-security.md","UNKNOWN","UNASSESSED","NOT_REVIEWED","","","","","","","CALIBRATION","whole unit","0","0","",""
"javascript.web-storage-events-and-failures","javascript","frontend","Storage events, quotas, and failure handling","_ai-conspects/_knowledge/javascript/web-storage-events-and-failures.md","UNKNOWN","UNASSESSED","NOT_REVIEWED","","","","","","","CALIBRATION","whole unit","0","0","",""
"javascript.eventsource-client-lifecycle","javascript","frontend","Browser EventSource client lifecycle","_ai-conspects/_knowledge/javascript/eventsource-client-lifecycle.md","UNKNOWN","UNASSESSED","NOT_REVIEWED","","","","","","","CALIBRATION","whole unit","0","0","",""
"javascript.fetch-response-contract-and-wrapper-policy","javascript","frontend","Fetch response contract and wrapper policy","_ai-conspects/_knowledge/javascript/fetch-response-contract-and-wrapper-policy.md","UNKNOWN","HIGH","NOT_REVIEWED","","","","","","","CALIBRATION","whole unit","0","0","",""
"javascript.fetch-requestinit-and-request-object","javascript","frontend","Fetch RequestInit and Request browser controls","_ai-conspects/_knowledge/javascript/fetch-requestinit-and-request-object.md","UNKNOWN","UNASSESSED","NOT_REVIEWED","","","","","","","CALIBRATION","whole unit","0","0","",""
"javascript.array-index-iteration","javascript","frontend","JavaScript array index iteration","_ai-conspects/_knowledge/javascript/array-index-iteration.md","UNKNOWN","UNASSESSED","NOT_REVIEWED","","","","","","","CALIBRATION","whole unit","0","0","",""
"javascript.index-search-apis","javascript","frontend","JavaScript index and search APIs","_ai-conspects/_knowledge/javascript/index-search-apis.md","UNKNOWN","UNASSESSED","NOT_REVIEWED","","","","","","","CALIBRATION","whole unit","0","0","",""
"javascript.array-join-and-serialization","javascript","frontend","JavaScript array join and serialization boundaries","_ai-conspects/_knowledge/javascript/array-join-and-serialization.md","UNKNOWN","UNASSESSED","NOT_REVIEWED","","","","","","","CALIBRATION","whole unit","0","0","",""
"javascript.svg-getbbox-geometry","javascript","frontend","SVG geometry with getBBox","_ai-conspects/_knowledge/javascript/svg-getbbox-geometry.md","UNKNOWN","UNASSESSED","NOT_REVIEWED","","","","","","","CALIBRATION","whole unit","0","0","",""
"javascript.url-encoding-components","javascript","frontend","JavaScript URL and component encoding","_ai-conspects/_knowledge/javascript/url-encoding-components.md","UNKNOWN","UNASSESSED","NOT_REVIEWED","","","","","","","CALIBRATION","whole unit","0","0","",""
"javascript.map-and-weakmap-semantics","javascript","frontend","JavaScript Map and WeakMap semantics","_ai-conspects/_knowledge/javascript/map-and-weakmap-semantics.md","UNKNOWN","UNASSESSED","NOT_REVIEWED","","","","","","","CALIBRATION","whole unit","0","0","",""
"javascript.promise-all-concurrency-and-outcomes","javascript","frontend","Promise.all concurrency and outcomes","_ai-conspects/_knowledge/javascript/promise-all-concurrency-and-outcomes.md","UNKNOWN","UNASSESSED","NOT_REVIEWED","","","","","","","CALIBRATION","whole unit","0","0","",""
"javascript.regex-operations-and-state","javascript","frontend","JavaScript regex operations and state","_ai-conspects/_knowledge/javascript/regex-operations-and-state.md","UNKNOWN","UNASSESSED","NOT_REVIEWED","","","","","","","CALIBRATION","whole unit","0","0","",""
"javascript.function-defaults-rest-and-spread","javascript","frontend","Function defaults, rest, and spread","_ai-conspects/_knowledge/javascript/function-defaults-rest-and-spread.md","UNKNOWN","UNASSESSED","NOT_REVIEWED","","","","","","","CALIBRATION","whole unit","0","0","",""
"javascript.array-creation-holes-and-fixed-storage","javascript","frontend","Array creation, holes, and fixed storage","_ai-conspects/_knowledge/javascript/array-creation-holes-and-fixed-storage.md","UNKNOWN","UNASSESSED","NOT_REVIEWED","","","","","","","CALIBRATION","whole unit","0","0","",""
"javascript.xhr-lifecycle-progress-and-streaming","javascript","frontend","XMLHttpRequest lifecycle, progress, and streaming limits","_ai-conspects/_knowledge/javascript/xhr-lifecycle-progress-and-streaming.md","UNKNOWN","UNASSESSED","NOT_REVIEWED","","","","","","","CALIBRATION","whole unit","0","0","",""
"javascript.symbol-identity-and-registry","javascript","frontend","Symbol identity and registry","_ai-conspects/_knowledge/javascript/symbol-identity-and-registry.md","UNKNOWN","UNASSESSED","NOT_REVIEWED","","","","","","","CALIBRATION","whole unit","0","0","",""
"javascript.splice-mutation-and-iteration","javascript","frontend","splice mutation and iteration","_ai-conspects/_knowledge/javascript/splice-mutation-and-iteration.md","UNKNOWN","UNASSESSED","NOT_REVIEWED","","","","","","","CALIBRATION","whole unit","0","0","",""
"javascript.text-encoding-and-stream-framing","javascript","frontend","Text encoding and stream framing","_ai-conspects/_knowledge/javascript/text-encoding-and-stream-framing.md","UNKNOWN","UNASSESSED","NOT_REVIEWED","","","","","","","CALIBRATION","whole unit","0","0","",""
"javascript.numeric-conversion-and-prefix-parsing","javascript","frontend","Numeric conversion and prefix parsing","_ai-conspects/_knowledge/javascript/numeric-conversion-and-prefix-parsing.md","UNKNOWN","UNASSESSED","NOT_REVIEWED","","","","","","","CALIBRATION","whole unit","0","0","",""
"javascript.web-workers-messaging-and-module-loading","javascript","frontend","Web Workers, messaging, and module-relative loading","_ai-conspects/_knowledge/javascript/web-workers-messaging-and-module-loading.md","UNKNOWN","UNASSESSED","NOT_REVIEWED","","","","","","","CALIBRATION","whole unit","0","0","",""
"javascript.browsing-contexts-popups-and-targets","javascript","frontend","Browsing contexts, popups, and navigation targets","_ai-conspects/_knowledge/javascript/browsing-contexts-popups-and-targets.md","UNKNOWN","UNASSESSED","NOT_REVIEWED","","","","","","","CALIBRATION","whole unit","0","0","",""
"javascript.cross-window-postmessage-security","javascript","frontend","Secure cross-window communication with postMessage","_ai-conspects/_knowledge/javascript/cross-window-postmessage-security.md","UNKNOWN","UNASSESSED","NOT_REVIEWED","","","","","","","CALIBRATION","whole unit","0","0","",""
"javascript.async-semaphore-permits-and-waiter-lifecycle","javascript","frontend","Async semaphore permits and waiter lifecycle","_ai-conspects/_knowledge/javascript/async-semaphore-permits-and-waiter-lifecycle.md","UNKNOWN","UNASSESSED","NOT_REVIEWED","","","","","","","CALIBRATION","whole unit","0","0","",""
"javascript.pending-promises-and-external-completion","javascript","frontend","Pending promises and external completion","_ai-conspects/_knowledge/javascript/pending-promises-and-external-completion.md","UNKNOWN","UNASSESSED","NOT_REVIEWED","","","","","","","CALIBRATION","whole unit","0","0","",""
"javascript.timers-tasks-microtasks-and-abortable-delay","javascript","frontend","Timers, tasks, microtasks, and abortable delay","_ai-conspects/_knowledge/javascript/timers-tasks-microtasks-and-abortable-delay.md","UNKNOWN","HIGH","NOT_REVIEWED","","","","","","","CALIBRATION","whole unit","0","0","",""
"javascript.binary-storage-arraybuffer-typedarrays-and-blob","javascript","frontend","Binary storage with ArrayBuffer, typed arrays, and Blob","_ai-conspects/_knowledge/javascript/binary-storage-arraybuffer-typedarrays-and-blob.md","UNKNOWN","UNASSESSED","NOT_REVIEWED","","","","","","","CALIBRATION","whole unit","0","0","",""
"javascript.byte-values-and-endianness","javascript","frontend","Byte values and endianness","_ai-conspects/_knowledge/javascript/byte-values-and-endianness.md","UNKNOWN","UNASSESSED","NOT_REVIEWED","","","","","","","CALIBRATION","whole unit","0","0","",""
"javascript.dataview-offsets-and-binary-layouts","javascript","frontend","DataView offsets and mixed binary layouts","_ai-conspects/_knowledge/javascript/dataview-offsets-and-binary-layouts.md","UNKNOWN","UNASSESSED","NOT_REVIEWED","","","","","","","CALIBRATION","whole unit","0","0","",""
"javascript.browser-download-navigation-and-blob-urls","javascript","frontend","Browser download navigation and Blob URL lifecycle","_ai-conspects/_knowledge/javascript/browser-download-navigation-and-blob-urls.md","UNKNOWN","UNASSESSED","NOT_REVIEWED","","","","","","","CALIBRATION","whole unit","0","0","",""
"javascript.file-system-access-save-and-streaming","javascript","frontend","File System Access save, streaming, and writer lifecycle","_ai-conspects/_knowledge/javascript/file-system-access-save-and-streaming.md","UNKNOWN","UNASSESSED","NOT_REVIEWED","","","","","","","CALIBRATION","whole unit","0","0","",""
"javascript.websocket-client-lifecycle-backpressure-and-reconnect","javascript","frontend","Browser WebSocket lifecycle, backpressure, and reconnect","_ai-conspects/_knowledge/javascript/websocket-client-lifecycle-backpressure-and-reconnect.md","UNKNOWN","UNASSESSED","NOT_REVIEWED","","","","","","","CALIBRATION","whole unit","0","0","",""
"javascript.etag-write-precondition-lifecycle","javascript","frontend","Browser ETag lifecycle for write preconditions","_ai-conspects/_knowledge/javascript/etag-write-precondition-lifecycle.md","UNKNOWN","UNASSESSED","NOT_REVIEWED","","","","","","","CALIBRATION","whole unit","0","0","",""
"javascript.readable-stream-consumption-and-tee","javascript","frontend","ReadableStream consumption, locking, and tee branching","_ai-conspects/_knowledge/javascript/readable-stream-consumption-and-tee.md","UNKNOWN","UNASSESSED","NOT_REVIEWED","","","","","","","CALIBRATION","whole unit","0","0","",""
"javascript.readable-stream-producers-backpressure-and-cancellation","javascript","frontend","ReadableStream producers, backpressure, and cancellation","_ai-conspects/_knowledge/javascript/readable-stream-producers-backpressure-and-cancellation.md","UNKNOWN","UNASSESSED","NOT_REVIEWED","","","","","","","CALIBRATION","whole unit","0","0","",""
"javascript.incremental-streaming-and-ndjson","javascript","frontend","Incremental streaming, peak memory, and NDJSON","_ai-conspects/_knowledge/javascript/incremental-streaming-and-ndjson.md","UNKNOWN","UNASSESSED","NOT_REVIEWED","","","","","","","CALIBRATION","whole unit","0","0","",""
"javascript.transformstream-pipelines-and-flush","javascript","frontend","TransformStream pipelines, buffering, and flush","_ai-conspects/_knowledge/javascript/transformstream-pipelines-and-flush.md","UNKNOWN","UNASSESSED","NOT_REVIEWED","","","","","","","CALIBRATION","whole unit","0","0","",""
"javascript.writablestream-pipeto-and-sink-lifecycle","javascript","frontend","WritableStream, pipeTo, and sink lifecycle","_ai-conspects/_knowledge/javascript/writablestream-pipeto-and-sink-lifecycle.md","UNKNOWN","UNASSESSED","NOT_REVIEWED","","","","","","","CALIBRATION","whole unit","0","0","",""
"javascript.vite-development-proxy-and-spa-orchestration","javascript","frontend","Vite development proxy and ASP.NET SPA orchestration","_ai-conspects/_knowledge/javascript/vite-development-proxy-and-spa-orchestration.md","UNKNOWN","UNASSESSED","NOT_REVIEWED","","","","","","","CALIBRATION","whole unit","0","0","",""
"react.router-location-state-and-effects","react","frontend","React Router location state and effects","_ai-conspects/_knowledge/react/router-location-state-and-effects.md","UNKNOWN","UNASSESSED","NOT_REVIEWED","","","","","","","CALIBRATION","whole unit","0","0","",""
"react.latest-callback-ref","react","frontend","Stable subscriptions with the latest callback ref","_ai-conspects/_knowledge/react/latest-callback-ref.md","UNKNOWN","UNASSESSED","NOT_REVIEWED","","","","","","","CALIBRATION","whole unit","0","0","",""
"react.context-provider-identity-and-splitting","react","frontend","Context provider identity and splitting","_ai-conspects/_knowledge/react/context-provider-identity-and-splitting.md","UNKNOWN","UNASSESSED","NOT_REVIEWED","","","","","","","CALIBRATION","whole unit","0","0","",""
"react.svg-import-contracts-and-accessibility","react","frontend","React SVG import contracts and accessibility","_ai-conspects/_knowledge/react/svg-import-contracts-and-accessibility.md","UNKNOWN","UNASSESSED","NOT_REVIEWED","","","","","","","CALIBRATION","whole unit","0","0","",""
"react.intersection-observer-lifecycle","react","frontend","IntersectionObserver lifecycle in React","_ai-conspects/_knowledge/react/intersection-observer-lifecycle.md","UNKNOWN","UNASSESSED","NOT_REVIEWED","","","","","","","CALIBRATION","whole unit","0","0","",""
"react.use-ref-lifecycle-and-latest-values","react","frontend","useRef lifecycle and latest values","_ai-conspects/_knowledge/react/use-ref-lifecycle-and-latest-values.md","UNKNOWN","UNASSESSED","NOT_REVIEWED","","","","","","","CALIBRATION","whole unit","0","0","",""
"react.transitions-suspense-and-query-cancellation","react","frontend","Transitions, Suspense, and query cancellation","_ai-conspects/_knowledge/react/transitions-suspense-and-query-cancellation.md","UNKNOWN","UNASSESSED","NOT_REVIEWED","","","","","","","CALIBRATION","whole unit","0","0","",""
"react.root-error-lifetime-and-route-clearing","react","frontend","Root error lifetime and route clearing","_ai-conspects/_knowledge/react/root-error-lifetime-and-route-clearing.md","UNKNOWN","UNASSESSED","NOT_REVIEWED","","","","","","","CALIBRATION","whole unit","0","0","",""
"react.use-sync-external-store-contract","react","frontend","useSyncExternalStore contract","_ai-conspects/_knowledge/react/use-sync-external-store-contract.md","UNKNOWN","UNASSESSED","NOT_REVIEWED","","","","","","","CALIBRATION","whole unit","0","0","",""
"react.render-snapshots-batching-and-memoization","react","frontend","Render snapshots, batching, and memoization","_ai-conspects/_knowledge/react/render-snapshots-batching-and-memoization.md","UNKNOWN","HIGH","NOT_REVIEWED","","","","","","","CALIBRATION","whole unit","0","0","",""
"react.strict-mode-effect-cleanup","react","frontend","Strict Mode and effect cleanup","_ai-conspects/_knowledge/react/strict-mode-effect-cleanup.md","UNKNOWN","HIGH","NOT_REVIEWED","","","","","","","CALIBRATION","whole unit","0","0","",""
"react.deferred-value-background-rendering","react","frontend","Deferred values and background rendering","_ai-conspects/_knowledge/react/deferred-value-background-rendering.md","UNKNOWN","UNASSESSED","NOT_REVIEWED","","","","","","","CALIBRATION","whole unit","0","0","",""
"react.debounce-hooks-and-request-cleanup","react","frontend","Debounce hooks and request cleanup","_ai-conspects/_knowledge/react/debounce-hooks-and-request-cleanup.md","UNKNOWN","UNASSESSED","NOT_REVIEWED","","","","","","","CALIBRATION","whole unit","0","0","",""
"react.reducer-state-transitions-and-initialization","react","frontend","Reducer state transitions and lazy initialization","_ai-conspects/_knowledge/react/reducer-state-transitions-and-initialization.md","UNKNOWN","UNASSESSED","NOT_REVIEWED","","","","","","","CALIBRATION","whole unit","0","0","",""
"react.zustand-store-creation-and-update-semantics","react","frontend","Zustand store creation and update semantics","_ai-conspects/_knowledge/react/zustand-store-creation-and-update-semantics.md","UNKNOWN","UNASSESSED","NOT_REVIEWED","","","","","","","CALIBRATION","whole unit","0","0","",""
"react.zustand-selectors-async-actions-and-subscriptions","react","frontend","Zustand selectors, async actions, and subscriptions","_ai-conspects/_knowledge/react/zustand-selectors-async-actions-and-subscriptions.md","UNKNOWN","UNASSESSED","NOT_REVIEWED","","","","","","","CALIBRATION","whole unit","0","0","",""
"react.zustand-immer-persist-and-custom-middleware","react","frontend","Zustand Immer, persistence, and custom middleware boundaries","_ai-conspects/_knowledge/react/zustand-immer-persist-and-custom-middleware.md","UNKNOWN","UNASSESSED","NOT_REVIEWED","","","","","","","CALIBRATION","whole unit","0","0","",""
"react.recaptcha-v2-v3-widget-and-token-lifecycle","react","frontend","React reCAPTCHA v2/v3 widget and token lifecycle","_ai-conspects/_knowledge/react/recaptcha-v2-v3-widget-and-token-lifecycle.md","UNKNOWN","UNASSESSED","NOT_REVIEWED","","","","","","","CALIBRATION","whole unit","0","0","",""
"react.react-router-route-tree-and-navigation","react","frontend","React Router route trees and navigation","_ai-conspects/_knowledge/react/react-router-route-tree-and-navigation.md","UNKNOWN","UNASSESSED","NOT_REVIEWED","","","","","","","CALIBRATION","whole unit","0","0","",""
"react.react-router-loaders-actions-and-testing","react","frontend","React Router loaders, actions, and router-aware testing","_ai-conspects/_knowledge/react/react-router-loaders-actions-and-testing.md","UNKNOWN","UNASSESSED","NOT_REVIEWED","","","","","","","CALIBRATION","whole unit","0","0","",""
"react.react-router-revalidation-navigation-state-and-redirects","react","frontend","React Router revalidation, navigation state, and redirects","_ai-conspects/_knowledge/react/react-router-revalidation-navigation-state-and-redirects.md","UNKNOWN","UNASSESSED","NOT_REVIEWED","","","","","","","CALIBRATION","whole unit","0","0","",""
"react.react-router-route-errors-and-action-data","react","frontend","React Router route errors and action data","_ai-conspects/_knowledge/react/react-router-route-errors-and-action-data.md","UNKNOWN","UNASSESSED","NOT_REVIEWED","","","","","","","CALIBRATION","whole unit","0","0","",""
"react.react-router-fetchers-and-local-mutations","react","frontend","React Router fetchers and local mutations","_ai-conspects/_knowledge/react/react-router-fetchers-and-local-mutations.md","UNKNOWN","UNASSESSED","NOT_REVIEWED","","","","","","","CALIBRATION","whole unit","0","0","",""
"react.react-router-matches-loader-data-handle-and-breadcrumbs","react","frontend","React Router matches, shared loader data, handle, and breadcrumbs","_ai-conspects/_knowledge/react/react-router-matches-loader-data-handle-and-breadcrumbs.md","UNKNOWN","UNASSESSED","NOT_REVIEWED","","","","","","","CALIBRATION","whole unit","0","0","",""
"react.react-router-forms-react-hook-form-and-history","react","frontend","React Router forms, React Hook Form, and history","_ai-conspects/_knowledge/react/react-router-forms-react-hook-form-and-history.md","UNKNOWN","UNASSESSED","NOT_REVIEWED","","","","","","","CALIBRATION","whole unit","0","0","",""
"react-hook-form.field-registration-and-lifecycle","react-hook-form","frontend","Field registration, unregistration, and submission lifecycle","_ai-conspects/_knowledge/react-hook-form/field-registration-and-lifecycle.md","UNKNOWN","UNASSESSED","NOT_REVIEWED","","","","","","","CALIBRATION","whole unit","0","0","",""
"react-hook-form.validation-errors-and-criteria","react-hook-form","frontend","Validation errors, criteria modes, and server error mapping","_ai-conspects/_knowledge/react-hook-form/validation-errors-and-criteria.md","UNKNOWN","UNASSESSED","NOT_REVIEWED","","","","","","","CALIBRATION","whole unit","0","0","",""
"react-hook-form.subscriptions-and-render-isolation","react-hook-form","frontend","Value subscriptions, form-state subscriptions, and render isolation","_ai-conspects/_knowledge/react-hook-form/subscriptions-and-render-isolation.md","UNKNOWN","UNASSESSED","NOT_REVIEWED","","","","","","","CALIBRATION","whole unit","0","0","",""
"react-hook-form.defaults-reset-and-async-edit-flows","react-hook-form","frontend","Defaults, reset semantics, and asynchronous edit flows","_ai-conspects/_knowledge/react-hook-form/defaults-reset-and-async-edit-flows.md","UNKNOWN","UNASSESSED","NOT_REVIEWED","","","","","","","CALIBRATION","whole unit","0","0","",""
"react-hook-form.controlled-field-adapters","react-hook-form","frontend","Controlled component adapters with Controller and useController","_ai-conspects/_knowledge/react-hook-form/controlled-field-adapters.md","UNKNOWN","UNASSESSED","NOT_REVIEWED","","","","","","","CALIBRATION","whole unit","0","0","",""
"react-hook-form.field-array-identity-and-operations","react-hook-form","frontend","Field-array identity, ordering, and structural operations","_ai-conspects/_knowledge/react-hook-form/field-array-identity-and-operations.md","UNKNOWN","UNASSESSED","NOT_REVIEWED","","","","","","","CALIBRATION","whole unit","0","0","",""
"react-hook-form.form-context-and-nested-fields","react-hook-form","frontend","FormProvider, form context, and deeply nested fields","_ai-conspects/_knowledge/react-hook-form/form-context-and-nested-fields.md","UNKNOWN","UNASSESSED","NOT_REVIEWED","","","","","","","CALIBRATION","whole unit","0","0","",""
"react-hook-form.reusable-form-architecture","react-hook-form","frontend","Reusable React Hook Form architecture and testing boundaries","_ai-conspects/_knowledge/react-hook-form/reusable-form-architecture.md","UNKNOWN","UNASSESSED","NOT_REVIEWED","","","","","","","CALIBRATION","whole unit","0","0","",""
"react-query.cache-observers-and-auth-refresh","react-query","frontend","Cache observers and auth refresh","_ai-conspects/_knowledge/react-query/cache-observers-and-auth-refresh.md","UNKNOWN","UNASSESSED","NOT_REVIEWED","","","","","","","CALIBRATION","whole unit","0","0","",""
"react-query.cache-http-and-browser-boundaries","react-query","frontend","React Query cache, browser cache, and HTTP cache boundaries","_ai-conspects/_knowledge/react-query/cache-http-and-browser-boundaries.md","UNKNOWN","UNASSESSED","NOT_REVIEWED","","","","","","","CALIBRATION","whole unit","0","0","",""
"react-query.cache-removal-reset-and-invalidation","react-query","frontend","React Query cache removal, reset, and invalidation","_ai-conspects/_knowledge/react-query/cache-removal-reset-and-invalidation.md","UNKNOWN","UNASSESSED","NOT_REVIEWED","","","","","","","CALIBRATION","whole unit","0","0","",""
"react-query.conditional-query-execution-and-ui","react-query","frontend","Conditional React Query execution and UI","_ai-conspects/_knowledge/react-query/conditional-query-execution-and-ui.md","UNKNOWN","UNASSESSED","NOT_REVIEWED","","","","","","","CALIBRATION","whole unit","0","0","",""
"react-query.core-architecture-and-practical-patterns","react-query","frontend","React Query core architecture and practical patterns","_ai-conspects/_knowledge/react-query/core-architecture-and-practical-patterns.md","UNKNOWN","UNASSESSED","NOT_REVIEWED","","","","","","","CALIBRATION","whole unit","0","0","",""
"react-query.error-boundaries-throwonerror-and-reset","react-query","frontend","React Query error boundaries, throwOnError, and reset","_ai-conspects/_knowledge/react-query/error-boundaries-throwonerror-and-reset.md","UNKNOWN","UNASSESSED","NOT_REVIEWED","","","","","","","CALIBRATION","whole unit","0","0","",""
"react-query.mutation-callbacks-and-optimistic-updates","react-query","frontend","React Query mutation callbacks and optimistic updates","_ai-conspects/_knowledge/react-query/mutation-callbacks-and-optimistic-updates.md","UNKNOWN","UNASSESSED","NOT_REVIEWED","","","","","","","CALIBRATION","whole unit","0","0","",""
"react-query.mutation-lifecycle-and-state","react-query","frontend","React Query mutation lifecycle and state","_ai-conspects/_knowledge/react-query/mutation-lifecycle-and-state.md","UNKNOWN","UNASSESSED","NOT_REVIEWED","","","","","","","CALIBRATION","whole unit","0","0","",""
"react-query.network-mode-offline-validation-and-resume","react-query","frontend","React Query network modes, offline state, and paused-work resumption","_ai-conspects/_knowledge/react-query/network-mode-offline-validation-and-resume.md","UNKNOWN","UNASSESSED","NOT_REVIEWED","","","","","","","CALIBRATION","whole unit","0","0","",""
"react-query.observer-cache-lifecycle-gctime-and-polling","react-query","frontend","React Query observer lifecycle, gcTime, and polling","_ai-conspects/_knowledge/react-query/observer-cache-lifecycle-gctime-and-polling.md","UNKNOWN","UNASSESSED","NOT_REVIEWED","","","","","","","CALIBRATION","whole unit","0","0","",""
"react-query.pagination-and-infinite-queries","react-query","frontend","React Query pagination and infinite queries","_ai-conspects/_knowledge/react-query/pagination-and-infinite-queries.md","UNKNOWN","UNASSESSED","NOT_REVIEWED","","","","","","","CALIBRATION","whole unit","0","0","",""
"react-query.persistence-hydration-and-cache-pruning","react-query","frontend","React Query persistence, hydration, and cache pruning","_ai-conspects/_knowledge/react-query/persistence-hydration-and-cache-pruning.md","UNKNOWN","UNASSESSED","NOT_REVIEWED","","","","","","","CALIBRATION","whole unit","0","0","",""
"react-query.prefetch-initialdata-placeholderdata-and-ensure","react-query","frontend","React Query prefetch, initialData, placeholderData, and ensure APIs","_ai-conspects/_knowledge/react-query/prefetch-initialdata-placeholderdata-and-ensure.md","UNKNOWN","UNASSESSED","NOT_REVIEWED","","","","","","","CALIBRATION","whole unit","0","0","",""
"react-query.query-cancellation-and-abortsignal","react-query","frontend","React Query cancellation and AbortSignal","_ai-conspects/_knowledge/react-query/query-cancellation-and-abortsignal.md","UNKNOWN","UNASSESSED","NOT_REVIEWED","","","","","","","CALIBRATION","whole unit","0","0","",""
"react-query.queryclient-filters-and-core-methods","react-query","frontend","QueryClient filters and core methods","_ai-conspects/_knowledge/react-query/queryclient-filters-and-core-methods.md","UNKNOWN","UNASSESSED","NOT_REVIEWED","","","","","","","CALIBRATION","whole unit","0","0","",""
"react-query.queryclient-outside-react-and-shape-discipline","react-query","frontend","Using QueryClient outside React and preserving cache shape","_ai-conspects/_knowledge/react-query/queryclient-outside-react-and-shape-discipline.md","UNKNOWN","UNASSESSED","NOT_REVIEWED","","","","","","","CALIBRATION","whole unit","0","0","",""
"react-query.queryclient-refetch-cancel-and-cache-helpers","react-query","frontend","QueryClient refetch, cancellation, and cache helpers","_ai-conspects/_knowledge/react-query/queryclient-refetch-cancel-and-cache-helpers.md","UNKNOWN","UNASSESSED","NOT_REVIEWED","","","","","","","CALIBRATION","whole unit","0","0","",""
"react-query.query-composition-usequeries-and-dependencies","react-query","frontend","React Query composition with useQueries and dependent queries","_ai-conspects/_knowledge/react-query/query-composition-usequeries-and-dependencies.md","UNKNOWN","UNASSESSED","NOT_REVIEWED","","","","","","","CALIBRATION","whole unit","0","0","",""
"react-query.query-defaults-key-and-option-factories","react-query","frontend","React Query defaults, key factories, and option factories","_ai-conspects/_knowledge/react-query/query-defaults-key-and-option-factories.md","UNKNOWN","UNASSESSED","NOT_REVIEWED","","","","","","","CALIBRATION","whole unit","0","0","",""
"react-query.query-keys-refetch-and-declarative-dependencies","react-query","frontend","React Query keys, refetch, and declarative dependencies","_ai-conspects/_knowledge/react-query/query-keys-refetch-and-declarative-dependencies.md","UNKNOWN","UNASSESSED","NOT_REVIEWED","","","","","","","CALIBRATION","whole unit","0","0","",""
"react-query.query-state-status-error-and-cache-core","react-query","frontend","React Query state, status, errors, and cache core","_ai-conspects/_knowledge/react-query/query-state-status-error-and-cache-core.md","UNKNOWN","UNASSESSED","NOT_REVIEWED","","","","","","","CALIBRATION","whole unit","0","0","",""
"react-query.select-notifications-and-structural-sharing","react-query","frontend","React Query select, notifications, and structural sharing","_ai-conspects/_knowledge/react-query/select-notifications-and-structural-sharing.md","UNKNOWN","UNASSESSED","NOT_REVIEWED","","","","","","","CALIBRATION","whole unit","0","0","",""
"react-query.selector-purity-observers-and-performance","react-query","frontend","React Query selector purity, observers, and performance","_ai-conspects/_knowledge/react-query/selector-purity-observers-and-performance.md","UNKNOWN","UNASSESSED","NOT_REVIEWED","","","","","","","CALIBRATION","whole unit","0","0","",""
"react-query.staleness-refetch-triggers-and-retry","react-query","frontend","React Query staleness, refetch triggers, and retry","_ai-conspects/_knowledge/react-query/staleness-refetch-triggers-and-retry.md","UNKNOWN","UNASSESSED","NOT_REVIEWED","","","","","","","CALIBRATION","whole unit","0","0","",""
"react-query.suspense-query-behavior-and-dependencies","react-query","frontend","React Query Suspense behavior and query dependencies","_ai-conspects/_knowledge/react-query/suspense-query-behavior-and-dependencies.md","UNKNOWN","UNASSESSED","NOT_REVIEWED","","","","","","","CALIBRATION","whole unit","0","0","",""
"react-query.testing-with-queryclient-and-msw","react-query","frontend","Testing React Query with QueryClient and MSW","_ai-conspects/_knowledge/react-query/testing-with-queryclient-and-msw.md","UNKNOWN","UNASSESSED","NOT_REVIEWED","","","","","","","CALIBRATION","whole unit","0","0","",""
"react-query.websocket-event-driven-cache-updates","react-query","frontend","WebSocket-driven React Query cache updates","_ai-conspects/_knowledge/react-query/websocket-event-driven-cache-updates.md","UNKNOWN","UNASSESSED","NOT_REVIEWED","","","","","","","CALIBRATION","whole unit","0","0","",""
"redis.connection-and-data-structures","redis","data","Redis connection model and data structures","_ai-conspects/_knowledge/redis/connection-and-data-structures.md","UNKNOWN","UNASSESSED","NOT_REVIEWED","","","","","","","CALIBRATION","whole unit","0","0","",""
"redis.values-and-command-atomicity","redis","data","Redis values, pipelining, and command atomicity","_ai-conspects/_knowledge/redis/values-and-command-atomicity.md","UNKNOWN","UNASSESSED","NOT_REVIEWED","","","","","","","CALIBRATION","whole unit","0","0","",""
"redis.server-key-scanning","redis","data","Redis server facades and key scanning","_ai-conspects/_knowledge/redis/server-key-scanning.md","UNKNOWN","UNASSESSED","NOT_REVIEWED","","","","","","","CALIBRATION","whole unit","0","0","",""
"redis.expiring-counters-portability-and-distributed-throttling","redis","data","Expiring counters, portability, and distributed throttling","_ai-conspects/_knowledge/redis/expiring-counters-portability-and-distributed-throttling.md","UNKNOWN","UNASSESSED","NOT_REVIEWED","","","","","","","CALIBRATION","whole unit","0","0","",""
"redis.cache-stampede-and-token-owned-locks","redis","data","Cache stampede protection and token-owned locks","_ai-conspects/_knowledge/redis/cache-stampede-and-token-owned-locks.md","UNKNOWN","UNASSESSED","NOT_REVIEWED","","","","","","","CALIBRATION","whole unit","0","0","",""
"redux.actions-slices-and-store","redux","frontend","Actions, slices, store, Provider, and selectors","_ai-conspects/_knowledge/redux/actions-slices-and-store.md","UNKNOWN","UNASSESSED","NOT_REVIEWED","","","","","","","CALIBRATION","whole unit","0","0","",""
"redux.async-thunk-lifecycle","redux","frontend","createAsyncThunk lifecycle and request state","_ai-conspects/_knowledge/redux/async-thunk-lifecycle.md","UNKNOWN","UNASSESSED","NOT_REVIEWED","","","","","","","CALIBRATION","whole unit","0","0","",""
"redux.extra-reducers","redux","frontend","Cross-slice and async reactions with extraReducers","_ai-conspects/_knowledge/redux/extra-reducers.md","UNKNOWN","UNASSESSED","NOT_REVIEWED","","","","","","","CALIBRATION","whole unit","0","0","",""
"redux.middleware-chain-and-manual-thunks","redux","frontend","Redux middleware chains and manual thunk orchestration","_ai-conspects/_knowledge/redux/middleware-chain-and-manual-thunks.md","UNKNOWN","UNASSESSED","NOT_REVIEWED","","","","","","","CALIBRATION","whole unit","0","0","",""
"redux.persist-reducers-transforms-and-rehydration","redux","frontend","Redux Persist reducers, transforms, migrations, and rehydration","_ai-conspects/_knowledge/redux/persist-reducers-transforms-and-rehydration.md","UNKNOWN","UNASSESSED","NOT_REVIEWED","","","","","","","CALIBRATION","whole unit","0","0","",""
"security.html-sanitization-and-contextual-output","security","security","HTML sanitization and contextual output","_ai-conspects/_knowledge/security/html-sanitization-and-contextual-output.md","UNKNOWN","UNASSESSED","NOT_REVIEWED","","","","","","","CALIBRATION","whole unit","0","0","",""
"security.xss-sources-sinks-and-attack-flows","security","security","XSS sources, sinks, and attack flows","_ai-conspects/_knowledge/security/xss-sources-sinks-and-attack-flows.md","UNKNOWN","UNASSESSED","NOT_REVIEWED","","","","","","","CALIBRATION","whole unit","0","0","",""
"security.csp-trusted-types-and-browser-storage-boundaries","security","security","CSP, Trusted Types, and browser-storage boundaries","_ai-conspects/_knowledge/security/csp-trusted-types-and-browser-storage-boundaries.md","UNKNOWN","UNASSESSED","NOT_REVIEWED","","","","","","","CALIBRATION","whole unit","0","0","",""
"security.oauth-oidc-token-roles-and-code-pkce","security","security","OAuth, OIDC, token roles, and code with PKCE","_ai-conspects/_knowledge/security/oauth-oidc-token-roles-and-code-pkce.md","UNKNOWN","UNASSESSED","NOT_REVIEWED","","","","","","","CALIBRATION","whole unit","0","0","",""
"security.identityserver-resources-claims-and-client-registration","security","security","IdentityServer resources, claims, and client registration","_ai-conspects/_knowledge/security/identityserver-resources-claims-and-client-registration.md","UNKNOWN","UNASSESSED","NOT_REVIEWED","","","","","","","CALIBRATION","whole unit","0","0","",""
"security.token-validation-signing-and-identity-deployment","security","security","Token validation, signing, and identity deployment","_ai-conspects/_knowledge/security/token-validation-signing-and-identity-deployment.md","UNKNOWN","UNASSESSED","NOT_REVIEWED","","","","","","","CALIBRATION","whole unit","0","0","",""
"security.cors-and-antiforgery-boundaries","security","security","CORS and antiforgery solve different browser boundaries","_ai-conspects/_knowledge/security/cors-and-antiforgery-boundaries.md","UNKNOWN","HIGH","NOT_REVIEWED","","","","","","","CALIBRATION","whole unit","0","0","",""
"security.cross-origin-embedding-and-side-channels","security","security","Cross-origin embedding and limited browser side channels","_ai-conspects/_knowledge/security/cross-origin-embedding-and-side-channels.md","UNKNOWN","UNASSESSED","NOT_REVIEWED","","","","","","","CALIBRATION","whole unit","0","0","",""
"security.windows-integrated-authentication-and-domain-infrastructure","security","security","Windows integrated authentication and domain infrastructure","_ai-conspects/_knowledge/security/windows-integrated-authentication-and-domain-infrastructure.md","UNKNOWN","UNASSESSED","NOT_REVIEWED","","","","","","","CALIBRATION","whole unit","0","0","",""
"security.signed-download-url-handoff","security","security","Short-lived signed download URL handoff","_ai-conspects/_knowledge/security/signed-download-url-handoff.md","UNKNOWN","UNASSESSED","NOT_REVIEWED","","","","","","","CALIBRATION","whole unit","0","0","",""
"security.refresh-token-family-rotation-and-reuse-detection","security","security","Refresh-token family rotation and reuse detection","_ai-conspects/_knowledge/security/refresh-token-family-rotation-and-reuse-detection.md","UNKNOWN","UNASSESSED","NOT_REVIEWED","","","","","","","CALIBRATION","whole unit","0","0","",""
"security.browser-access-and-refresh-token-lifecycle","security","security","Browser access-token and refresh-session lifecycle","_ai-conspects/_knowledge/security/browser-access-and-refresh-token-lifecycle.md","UNKNOWN","UNASSESSED","NOT_REVIEWED","","","","","","","CALIBRATION","whole unit","0","0","",""
"security.jwt-signing-keys-kid-and-jwks-rotation","security","security","JWT signing keys, KID, and JWKS rotation","_ai-conspects/_knowledge/security/jwt-signing-keys-kid-and-jwks-rotation.md","UNKNOWN","UNASSESSED","NOT_REVIEWED","","","","","","","CALIBRATION","whole unit","0","0","",""
"security.recaptcha-server-verification-and-risk-policy","security","security","reCAPTCHA server verification and risk policy","_ai-conspects/_knowledge/security/recaptcha-server-verification-and-risk-policy.md","UNKNOWN","UNASSESSED","NOT_REVIEWED","","","","","","","CALIBRATION","whole unit","0","0","",""
"security.mfa-factor-selection-trusted-devices-and-recovery","security","security","MFA factor selection, trusted devices, and recovery","_ai-conspects/_knowledge/security/mfa-factor-selection-trusted-devices-and-recovery.md","UNKNOWN","UNASSESSED","NOT_REVIEWED","","","","","","","CALIBRATION","whole unit","0","0","",""
"sql.subquery-membership-and-existence","sql","data","IN, EXISTS, ANY, and anti-join semantics","_ai-conspects/_knowledge/sql/subquery-membership-and-existence.md","UNKNOWN","UNASSESSED","NOT_REVIEWED","","","","","","","CALIBRATION","whole unit","0","0","",""
"sql-server.full-text-search","sql-server","data","SQL Server full-text search model and APIs","_ai-conspects/_knowledge/sql-server/full-text-search.md","UNKNOWN","UNASSESSED","NOT_REVIEWED","","","","","","","CALIBRATION","whole unit","0","0","",""
"sql-server.row-string-aggregation","sql-server","data","SQL Server row string aggregation","_ai-conspects/_knowledge/sql-server/row-string-aggregation.md","UNKNOWN","UNASSESSED","NOT_REVIEWED","","","","","","","CALIBRATION","whole unit","0","0","",""
"sql-server.offset-fetch-and-top","sql-server","data","SQL Server OFFSET/FETCH and TOP","_ai-conspects/_knowledge/sql-server/offset-fetch-and-top.md","UNKNOWN","UNASSESSED","NOT_REVIEWED","","","","","","","CALIBRATION","whole unit","0","0","",""
"sql-server.keyset-pagination","sql-server","data","SQL Server keyset pagination","_ai-conspects/_knowledge/sql-server/keyset-pagination.md","UNKNOWN","UNASSESSED","NOT_REVIEWED","","","","","","","CALIBRATION","whole unit","0","0","",""
"sql-server.pivot-unpivot-shaping","sql-server","data","SQL Server PIVOT and UNPIVOT shaping","_ai-conspects/_knowledge/sql-server/pivot-unpivot-shaping.md","UNKNOWN","UNASSESSED","NOT_REVIEWED","","","","","","","CALIBRATION","whole unit","0","0","",""
"sql-server.delete-duplicate-rows-safely","sql-server","data","Safely deleting duplicate rows","_ai-conspects/_knowledge/sql-server/delete-duplicate-rows-safely.md","UNKNOWN","UNASSESSED","NOT_REVIEWED","","","","","","","CALIBRATION","whole unit","0","0","",""
"sql-server.window-functions-ranking-navigation-frames","sql-server","data","Window ranking, navigation, and frames","_ai-conspects/_knowledge/sql-server/window-functions-ranking-navigation-frames.md","UNKNOWN","UNASSESSED","NOT_REVIEWED","","","","","","","CALIBRATION","whole unit","0","0","",""
"sql-server.index-design-and-query-cost","sql-server","data","SQL Server index design and query cost","_ai-conspects/_knowledge/sql-server/index-design-and-query-cost.md","UNKNOWN","HIGH","NOT_REVIEWED","","","","","","","CALIBRATION","whole unit","0","0","",""
"sql-server.openjson-relational-shaping","sql-server","data","OPENJSON relational shaping","_ai-conspects/_knowledge/sql-server/openjson-relational-shaping.md","UNKNOWN","UNASSESSED","NOT_REVIEWED","","","","","","","CALIBRATION","whole unit","0","0","",""
"sql-server.date-extraction-formatting-and-sargability","sql-server","data","Date extraction, formatting, and SARGability","_ai-conspects/_knowledge/sql-server/date-extraction-formatting-and-sargability.md","UNKNOWN","UNASSESSED","NOT_REVIEWED","","","","","","","CALIBRATION","whole unit","0","0","",""
"sql-server.collation-search-and-sargability","sql-server","data","Collation, search, and SARGability","_ai-conspects/_knowledge/sql-server/collation-search-and-sargability.md","UNKNOWN","UNASSESSED","NOT_REVIEWED","","","","","","","CALIBRATION","whole unit","0","0","",""
"sql-server.logical-query-processing-order","sql-server","data","SQL logical query processing order","_ai-conspects/_knowledge/sql-server/logical-query-processing-order.md","UNKNOWN","HIGH","NOT_REVIEWED","","","","","","","CALIBRATION","whole unit","0","0","",""
"sql-server.computed-columns-persistence-and-indexing","sql-server","data","Computed columns, persistence, and indexing","_ai-conspects/_knowledge/sql-server/computed-columns-persistence-and-indexing.md","UNKNOWN","UNASSESSED","NOT_REVIEWED","","","","","","","CALIBRATION","whole unit","0","0","",""
"sql-server.sqlbulkcopy-api-options-and-mappings","sql-server","data","SqlBulkCopy API, options, and column mappings","_ai-conspects/_knowledge/sql-server/sqlbulkcopy-api-options-and-mappings.md","UNKNOWN","UNASSESSED","NOT_REVIEWED","","","","","","","CALIBRATION","whole unit","0","0","",""
"sql-server.bulk-import-staging-validation-and-recovery","sql-server","data","Bulk-import staging, validation, and recovery","_ai-conspects/_knowledge/sql-server/bulk-import-staging-validation-and-recovery.md","UNKNOWN","UNASSESSED","NOT_REVIEWED","","","","","","","CALIBRATION","whole unit","0","0","",""
"sql-server.mars-reader-interleaving-and-yield-points","sql-server","data","MARS reader interleaving and yield points","_ai-conspects/_knowledge/sql-server/mars-reader-interleaving-and-yield-points.md","UNKNOWN","UNASSESSED","NOT_REVIEWED","","","","","","","CALIBRATION","whole unit","0","0","",""
"sql-server.mars-transactions-savepoints-and-tradeoffs","sql-server","data","MARS transactions, savepoints, and tradeoffs","_ai-conspects/_knowledge/sql-server/mars-transactions-savepoints-and-tradeoffs.md","UNKNOWN","UNASSESSED","NOT_REVIEWED","","","","","","","CALIBRATION","whole unit","0","0","",""
"sql-server.stored-procedure-contracts-and-result-channels","sql-server","data","SQL Server stored-procedure contracts and result channels","_ai-conspects/_knowledge/sql-server/stored-procedure-contracts-and-result-channels.md","UNKNOWN","UNASSESSED","NOT_REVIEWED","","","","","","","CALIBRATION","whole unit","0","0","",""
"sql-server.views-read-contracts-and-query-abstractions","sql-server","data","SQL Server views as read contracts and query abstractions","_ai-conspects/_knowledge/sql-server/views-read-contracts-and-query-abstractions.md","UNKNOWN","UNASSESSED","NOT_REVIEWED","","","","","","","CALIBRATION","whole unit","0","0","",""
"sql-server.indexed-view-materialization-and-write-cost","sql-server","data","SQL Server indexed-view materialization and write cost","_ai-conspects/_knowledge/sql-server/indexed-view-materialization-and-write-cost.md","UNKNOWN","UNASSESSED","NOT_REVIEWED","","","","","","","CALIBRATION","whole unit","0","0","",""
"sql-server.indexed-view-schemabinding-and-eligibility","sql-server","data","SQL Server indexed-view schemabinding and eligibility","_ai-conspects/_knowledge/sql-server/indexed-view-schemabinding-and-eligibility.md","UNKNOWN","UNASSESSED","NOT_REVIEWED","","","","","","","CALIBRATION","whole unit","0","0","",""
"sql-server.declarative-invariants-and-cross-row-enforcement","sql-server","data","Declarative invariants and cross-row enforcement","_ai-conspects/_knowledge/sql-server/declarative-invariants-and-cross-row-enforcement.md","UNKNOWN","UNASSESSED","NOT_REVIEWED","","","","","","","CALIBRATION","whole unit","0","0","",""
"sql-server.database-creation-files-system-databases-and-batches","sql-server","data","SQL Server database creation, files, system databases, and batches","_ai-conspects/_knowledge/sql-server/database-creation-files-system-databases-and-batches.md","UNKNOWN","UNASSESSED","NOT_REVIEWED","","","","","","","CALIBRATION","whole unit","0","0","",""
"sql-server.logins-users-roles-and-permissions","sql-server","data","SQL Server logins, users, roles, and permissions","_ai-conspects/_knowledge/sql-server/logins-users-roles-and-permissions.md","UNKNOWN","UNASSESSED","NOT_REVIEWED","","","","","","","CALIBRATION","whole unit","0","0","",""
"sql-server.procedural-control-flow-variables-and-errors","sql-server","data","SQL Server procedural control flow, variables, and errors","_ai-conspects/_knowledge/sql-server/procedural-control-flow-variables-and-errors.md","UNKNOWN","UNASSESSED","NOT_REVIEWED","","","","","","","CALIBRATION","whole unit","0","0","",""
"sql-server.rowversion-concurrency-and-returning-values","sql-server","data","SQL Server rowversion concurrency and returned values","_ai-conspects/_knowledge/sql-server/rowversion-concurrency-and-returning-values.md","UNKNOWN","UNASSESSED","NOT_REVIEWED","","","","","","","CALIBRATION","whole unit","0","0","",""
"sql-server.table-schema-types-identifiers-and-foreign-keys","sql-server","data","SQL Server table schemas, identifiers, and foreign keys","_ai-conspects/_knowledge/sql-server/table-schema-types-identifiers-and-foreign-keys.md","UNKNOWN","UNASSESSED","NOT_REVIEWED","","","","","","","CALIBRATION","whole unit","0","0","",""
"sql-server.dml-output-rowcount-and-table-variables","sql-server","data","SQL Server DML, OUTPUT, row counts, and table variables","_ai-conspects/_knowledge/sql-server/dml-output-rowcount-and-table-variables.md","UNKNOWN","UNASSESSED","NOT_REVIEWED","","","","","","","CALIBRATION","whole unit","0","0","",""
"sql-server.upsert-merge-and-concurrency","sql-server","data","SQL Server upsert, MERGE, and concurrency","_ai-conspects/_knowledge/sql-server/upsert-merge-and-concurrency.md","UNKNOWN","UNASSESSED","NOT_REVIEWED","","","","","","","CALIBRATION","whole unit","0","0","",""
"sql-server.transactions-trancount-and-boundaries","sql-server","data","SQL Server transactions, TRANCOUNT, and boundaries","_ai-conspects/_knowledge/sql-server/transactions-trancount-and-boundaries.md","UNKNOWN","HIGH","NOT_REVIEWED","","","","","","","CALIBRATION","whole unit","0","0","",""
"sql-server.schema-evolution-indexes-and-constraints","sql-server","data","SQL Server schema evolution, indexes, and constraints","_ai-conspects/_knowledge/sql-server/schema-evolution-indexes-and-constraints.md","UNKNOWN","UNASSESSED","NOT_REVIEWED","","","","","","","CALIBRATION","whole unit","0","0","",""
"testing.vitest-module-mocking","testing","cross-cutting","Vitest module mocking","_ai-conspects/_knowledge/testing/vitest-module-mocking.md","UNKNOWN","UNASSESSED","NOT_REVIEWED","","","","","","","CALIBRATION","whole unit","0","0","",""
"testing.vitest-react-environment-errors","testing","cross-cutting","Diagnosing Vitest React environment errors","_ai-conspects/_knowledge/testing/vitest-react-environment-errors.md","UNKNOWN","UNASSESSED","NOT_REVIEWED","","","","","","","CALIBRATION","whole unit","0","0","",""
"testing.testing-library-query-and-wait-semantics","testing","cross-cutting","Testing Library query and wait semantics","_ai-conspects/_knowledge/testing/testing-library-query-and-wait-semantics.md","UNKNOWN","UNASSESSED","NOT_REVIEWED","","","","","","","CALIBRATION","whole unit","0","0","",""
"testing.react-router-redirect-tests","testing","cross-cutting","React Router redirect tests","_ai-conspects/_knowledge/testing/react-router-redirect-tests.md","UNKNOWN","UNASSESSED","NOT_REVIEWED","","","","","","","CALIBRATION","whole unit","0","0","",""
"typescript.class-members-and-accessors","typescript","frontend","Static members, getters, and setters","_ai-conspects/_knowledge/typescript/class-members-and-accessors.md","UNKNOWN","UNASSESSED","NOT_REVIEWED","","","","","","","CALIBRATION","whole unit","0","0","",""
"typescript.interfaces-and-class-contracts","typescript","frontend","Interfaces and implements","_ai-conspects/_knowledge/typescript/interfaces-and-class-contracts.md","UNKNOWN","UNASSESSED","NOT_REVIEWED","","","","","","","CALIBRATION","whole unit","0","0","",""
"typescript.constructor-inheritance-and-definite-assignment","typescript","frontend","Parameter properties, inheritance, and definite assignment","_ai-conspects/_knowledge/typescript/constructor-inheritance-and-definite-assignment.md","UNKNOWN","UNASSESSED","NOT_REVIEWED","","","","","","","CALIBRATION","whole unit","0","0","",""
"typescript.keyof-property-extraction","typescript","frontend","Generic property extraction with keyof","_ai-conspects/_knowledge/typescript/keyof-property-extraction.md","UNKNOWN","UNASSESSED","NOT_REVIEWED","","","","","","","CALIBRATION","whole unit","0","0","",""
"typescript.control-flow-type-narrowing","typescript","frontend","Control-flow type narrowing","_ai-conspects/_knowledge/typescript/control-flow-type-narrowing.md","UNKNOWN","HIGH","NOT_REVIEWED","","","","","","","CALIBRATION","whole unit","0","0","",""
"typescript.constructor-and-instance-types","typescript","frontend","Constructor and instance types","_ai-conspects/_knowledge/typescript/constructor-and-instance-types.md","UNKNOWN","UNASSESSED","NOT_REVIEWED","","","","","","","CALIBRATION","whole unit","0","0","",""
"typescript.type-aliases-unions-and-interfaces","typescript","frontend","Type aliases, unions, and interfaces","_ai-conspects/_knowledge/typescript/type-aliases-unions-and-interfaces.md","UNKNOWN","UNASSESSED","NOT_REVIEWED","","","","","","","CALIBRATION","whole unit","0","0","",""
"typescript.decorator-wrapping-and-semantics","typescript","frontend","Decorator wrapping and semantics","_ai-conspects/_knowledge/typescript/decorator-wrapping-and-semantics.md","UNKNOWN","UNASSESSED","NOT_REVIEWED","","","","","","","CALIBRATION","whole unit","0","0","",""
"typescript.satisfies-inference-and-runtime-boundary","typescript","frontend","satisfies inference and runtime boundary","_ai-conspects/_knowledge/typescript/satisfies-inference-and-runtime-boundary.md","UNKNOWN","UNASSESSED","NOT_REVIEWED","","","","","","","CALIBRATION","whole unit","0","0","",""
"typescript.index-signatures-assertions-and-records","typescript","frontend","Index signatures, assertions, and finite records","_ai-conspects/_knowledge/typescript/index-signatures-assertions-and-records.md","UNKNOWN","UNASSESSED","NOT_REVIEWED","","","","","","","CALIBRATION","whole unit","0","0","",""
"typescript.never-and-discriminated-union-exhaustiveness","typescript","frontend","never and discriminated-union exhaustiveness","_ai-conspects/_knowledge/typescript/never-and-discriminated-union-exhaustiveness.md","UNKNOWN","UNASSESSED","NOT_REVIEWED","","","","","","","CALIBRATION","whole unit","0","0","",""
"typescript.any-vs-unknown-external-data","typescript","frontend","any versus unknown at external-data boundaries","_ai-conspects/_knowledge/typescript/any-vs-unknown-external-data.md","UNKNOWN","UNASSESSED","NOT_REVIEWED","","","","","","","CALIBRATION","whole unit","0","0","",""
"typescript.generic-default-type-arguments","typescript","frontend","Generic default type arguments","_ai-conspects/_knowledge/typescript/generic-default-type-arguments.md","UNKNOWN","UNASSESSED","NOT_REVIEWED","","","","","","","CALIBRATION","whole unit","0","0","",""
"typescript.built-in-object-and-union-utility-types","typescript","frontend","Built-in object and union utility types","_ai-conspects/_knowledge/typescript/built-in-object-and-union-utility-types.md","UNKNOWN","UNASSESSED","NOT_REVIEWED","","","","","","","CALIBRATION","whole unit","0","0","",""
"typescript.function-signature-and-async-utility-types","typescript","frontend","Function signature and async utility types","_ai-conspects/_knowledge/typescript/function-signature-and-async-utility-types.md","UNKNOWN","UNASSESSED","NOT_REVIEWED","","","","","","","CALIBRATION","whole unit","0","0","",""
"typescript.object-value-unions-and-literal-inference","typescript","frontend","Object value unions and literal inference","_ai-conspects/_knowledge/typescript/object-value-unions-and-literal-inference.md","UNKNOWN","UNASSESSED","NOT_REVIEWED","","","","","","","CALIBRATION","whole unit","0","0","",""
"typescript.deep-partial-recursive-contracts","typescript","frontend","DeepPartial recursive contracts","_ai-conspects/_knowledge/typescript/deep-partial-recursive-contracts.md","UNKNOWN","UNASSESSED","NOT_REVIEWED","","","","","","","CALIBRATION","whole unit","0","0","",""
"typescript.custom-mapped-utilities-prettify-and-xor","typescript","frontend","Custom mapped utilities: Prettify and XOR","_ai-conspects/_knowledge/typescript/custom-mapped-utilities-prettify-and-xor.md","UNKNOWN","UNASSESSED","NOT_REVIEWED","","","","","","","CALIBRATION","whole unit","0","0","",""
"typescript.zod-schema-validation-and-inference","typescript","frontend","Zod schema validation, composition, and type inference","_ai-conspects/_knowledge/typescript/zod-schema-validation-and-inference.md","UNKNOWN","UNASSESSED","NOT_REVIEWED","","","","","","","CALIBRATION","whole unit","0","0","",""
"typescript.zod-form-input-coercion-and-transforms","typescript","frontend","Zod form-input coercion, preprocessing, and transforms","_ai-conspects/_knowledge/typescript/zod-form-input-coercion-and-transforms.md","UNKNOWN","UNASSESSED","NOT_REVIEWED","","","","","","","CALIBRATION","whole unit","0","0","",""
"typescript.zod-refinements-and-cross-field-errors","typescript","frontend","Zod refinements and cross-field errors","_ai-conspects/_knowledge/typescript/zod-refinements-and-cross-field-errors.md","UNKNOWN","UNASSESSED","NOT_REVIEWED","","","","","","","CALIBRATION","whole unit","0","0","",""
"typescript.zod-discriminated-union-validation","typescript","frontend","Zod discriminated-union validation","_ai-conspects/_knowledge/typescript/zod-discriminated-union-validation.md","UNKNOWN","UNASSESSED","NOT_REVIEWED","","","","","","","CALIBRATION","whole unit","0","0","",""
