responsibility_id,area,area_name,responsibility_family,responsibility,coverage_state,evidence_count,evidence_ids,candidate_evidence_count,candidate_evidence_ids,assessment_basis
A01-R01,A01,Programming Models & Language Semantics,"Values, Types & Contracts","Values, identity, equality, mutability and conversion",PARTIAL,28,dotnet.dictionary-equality-and-key-set-operations;dotnet.expression-tree-members-parameters-and-binary-operators;dotnet.flag-combination-enumeration;dotnet.hashcode-api-and-implementation;dotnet.hashcode-equality-contract;dotnet.identity-sentinels-and-transferable-ids;dotnet.record-value-semantics-and-representation;dotnet.string-case-conversion-and-comparison,28,dotnet.dictionary-equality-and-key-set-operations;dotnet.expression-tree-members-parameters-and-binary-operators;dotnet.flag-combination-enumeration;dotnet.hashcode-api-and-implementation;dotnet.hashcode-equality-contract;dotnet.identity-sentinels-and-transferable-ids;dotnet.record-value-semantics-and-representation;dotnet.string-case-conversion-and-comparison,"Reviewed responsibility checklist seeded from Map v3; evidence is conservative current-corpus support, not proof of completeness."
A01-R02,A01,Programming Models & Language Semantics,"Values, Types & Contracts","Variables, binding, scope and lifetime",MISSING,0,,3,dotnet.byref-parameters-aliases-and-lifetimes;dotnet.csharp-event-subscription-lifetime-and-failure;dotnet.reflection-type-members-and-binding-flags,Semantic review: incidental/narrow evidence does not satisfy this generic responsibility; treat as explicit gap.
A01-R03,A01,Programming Models & Language Semantics,"Functions, Control & Interaction","Functions, closures and callable abstractions",PARTIAL,8,dotnet.async-callbacks-vs-events;dotnet.built-in-delegate-shapes;dotnet.csharp-event-declaration-and-raising;dotnet.csharp-event-subscription-lifetime-and-failure;javascript.function-defaults-rest-and-spread;javascript.generator-control-flow;javascript.generator-finally-cleanup;typescript.function-signature-and-async-utility-types,8,dotnet.async-callbacks-vs-events;dotnet.built-in-delegate-shapes;dotnet.csharp-event-declaration-and-raising;dotnet.csharp-event-subscription-lifetime-and-failure;javascript.function-defaults-rest-and-spread;javascript.generator-control-flow;javascript.generator-finally-cleanup;typescript.function-signature-and-async-utility-types,"Reviewed responsibility checklist seeded from Map v3; evidence is conservative current-corpus support, not proof of completeness."
A01-R04,A01,Programming Models & Language Semantics,"Functions, Control & Interaction","Control flow, generators and cleanup semantics",PARTIAL,3,dotnet.iterator-disposal-and-finally-cleanup;javascript.generator-control-flow;javascript.generator-finally-cleanup,3,dotnet.iterator-disposal-and-finally-cleanup;javascript.generator-control-flow;javascript.generator-finally-cleanup,"Reviewed responsibility checklist seeded from Map v3; evidence is conservative current-corpus support, not proof of completeness."
A01-R05,A01,Programming Models & Language Semantics,"Values, Types & Contracts","Type systems, inference, narrowing, generics and contracts",PARTIAL,54,dotnet.async-callbacks-vs-events;dotnet.byref-parameters-aliases-and-lifetimes;dotnet.dictionary-capacity-and-api-contracts;dotnet.exhaustiveness-enums-records-and-unions;dotnet.explicit-interface-implementation;dotnet.flag-combination-enumeration;dotnet.hashcode-api-and-implementation;dotnet.hashcode-equality-contract,54,dotnet.async-callbacks-vs-events;dotnet.byref-parameters-aliases-and-lifetimes;dotnet.dictionary-capacity-and-api-contracts;dotnet.exhaustiveness-enums-records-and-unions;dotnet.explicit-interface-implementation;dotnet.flag-combination-enumeration;dotnet.hashcode-api-and-implementation;dotnet.hashcode-equality-contract,"Reviewed responsibility checklist seeded from Map v3; evidence is conservative current-corpus support, not proof of completeness."
A01-R06,A01,Programming Models & Language Semantics,"Values, Types & Contracts","Nullability, optionality and absence models",PARTIAL,1,dotnet.membernotnull-flow-contracts,1,dotnet.membernotnull-flow-contracts,"Reviewed responsibility checklist seeded from Map v3; evidence is conservative current-corpus support, not proof of completeness."
A01-R07,A01,Programming Models & Language Semantics,"Objects, Composition & Metaprogramming","Object, prototype and composition models",PARTIAL,16,dotnet.async-callbacks-vs-events;dotnet.exhaustiveness-enums-records-and-unions;dotnet.expression-tree-members-parameters-and-binary-operators;dotnet.expression-tree-method-calls-and-provider-boundaries;dotnet.expression-tree-structure-and-visitors;dotnet.record-value-semantics-and-representation;dotnet.reflection-element-types-and-byref-parameters;dotnet.reflection-events-interfaces-and-member-origin,16,dotnet.async-callbacks-vs-events;dotnet.exhaustiveness-enums-records-and-unions;dotnet.expression-tree-members-parameters-and-binary-operators;dotnet.expression-tree-method-calls-and-provider-boundaries;dotnet.expression-tree-structure-and-visitors;dotnet.record-value-semantics-and-representation;dotnet.reflection-element-types-and-byref-parameters;dotnet.reflection-events-interfaces-and-member-origin,"Reviewed responsibility checklist seeded from Map v3; evidence is conservative current-corpus support, not proof of completeness."
A01-R08,A01,Programming Models & Language Semantics,"Collections, Iteration & Query Semantics","Collections, iteration, lazy evaluation and sequence semantics",PARTIAL,34,dotnet.array-removal-and-copying;dotnet.async-enumerable-replay-and-single-use-streams;dotnet.deferred-enumeration-replay-and-materialization;dotnet.dictionary-capacity-and-api-contracts;dotnet.dictionary-equality-and-key-set-operations;dotnet.enumerable-static-methods-and-execution;dotnet.flag-combination-enumeration;dotnet.hashset-operations-and-ownership,34,dotnet.array-removal-and-copying;dotnet.async-enumerable-replay-and-single-use-streams;dotnet.deferred-enumeration-replay-and-materialization;dotnet.dictionary-capacity-and-api-contracts;dotnet.dictionary-equality-and-key-set-operations;dotnet.enumerable-static-methods-and-execution;dotnet.flag-combination-enumeration;dotnet.hashset-operations-and-ownership,"Reviewed responsibility checklist seeded from Map v3; evidence is conservative current-corpus support, not proof of completeness."
A01-R09,A01,Programming Models & Language Semantics,"Functions, Control & Interaction","Events, callbacks and observer-style interaction",PARTIAL,5,dotnet.async-callbacks-vs-events;dotnet.built-in-delegate-shapes;dotnet.csharp-event-declaration-and-raising;dotnet.csharp-event-subscription-lifetime-and-failure;dotnet.reflection-events-interfaces-and-member-origin,5,dotnet.async-callbacks-vs-events;dotnet.built-in-delegate-shapes;dotnet.csharp-event-declaration-and-raising;dotnet.csharp-event-subscription-lifetime-and-failure;dotnet.reflection-events-interfaces-and-member-origin,"Reviewed responsibility checklist seeded from Map v3; evidence is conservative current-corpus support, not proof of completeness."
A01-R10,A01,Programming Models & Language Semantics,Errors & Failure Semantics,"Error, exception and result-value models",MISSING,0,,0,,Semantic review: incidental/narrow evidence does not satisfy this generic responsibility; treat as explicit gap.
A01-R11,A01,Programming Models & Language Semantics,Modules & API Abstractions,"Modules, namespaces, imports and name resolution",MISSING,0,,1,dotnet.accept-general-return-specific,Semantic review: incidental/narrow evidence does not satisfy this generic responsibility; treat as explicit gap.
A01-R12,A01,Programming Models & Language Semantics,"Objects, Composition & Metaprogramming","Reflection, metadata and metaprogramming",PARTIAL,10,dotnet.expression-tree-members-parameters-and-binary-operators;dotnet.expression-tree-method-calls-and-provider-boundaries;dotnet.expression-tree-structure-and-visitors;dotnet.reflection-element-types-and-byref-parameters;dotnet.reflection-events-interfaces-and-member-origin;dotnet.reflection-fields-properties-and-attributes;dotnet.reflection-generics-type-checks-and-performance;dotnet.reflection-methods-constructors-and-parameters,10,dotnet.expression-tree-members-parameters-and-binary-operators;dotnet.expression-tree-method-calls-and-provider-boundaries;dotnet.expression-tree-structure-and-visitors;dotnet.reflection-element-types-and-byref-parameters;dotnet.reflection-events-interfaces-and-member-origin;dotnet.reflection-fields-properties-and-attributes;dotnet.reflection-generics-type-checks-and-performance;dotnet.reflection-methods-constructors-and-parameters,"Reviewed responsibility checklist seeded from Map v3; evidence is conservative current-corpus support, not proof of completeness."
A01-R13,A01,Programming Models & Language Semantics,Expressions & Evaluation,Expression and evaluation semantics,MISSING,0,,13,dotnet.async-enumerable-replay-and-single-use-streams;dotnet.deferred-enumeration-replay-and-materialization;dotnet.dictionary-equality-and-key-set-operations;dotnet.enumerable-static-methods-and-execution;dotnet.expression-tree-members-parameters-and-binary-operators;dotnet.hashcode-equality-contract;dotnet.iterator-disposal-and-finally-cleanup;dotnet.user-defined-conversion-operators,Semantic review: incidental/narrow evidence does not satisfy this generic responsibility; treat as explicit gap.
A01-R14,A01,Programming Models & Language Semantics,Modules & API Abstractions,API and abstraction design at code level,PARTIAL,1,dotnet.accept-general-return-specific,1,dotnet.accept-general-return-specific,"Reviewed responsibility checklist seeded from Map v3; evidence is conservative current-corpus support, not proof of completeness."
A01-R15,A01,Programming Models & Language Semantics,Cross-Language Semantics,Cross-language conceptual comparison,MISSING,0,,0,,Semantic review: incidental/narrow evidence does not satisfy this generic responsibility; treat as explicit gap.
A02-R01,A02,Algorithms & Data Structures,Complexity & Correctness,Asymptotic complexity and cost reasoning,MISSING,0,,0,,"Reviewed responsibility checklist seeded from Map v3; evidence is conservative current-corpus support, not proof of completeness."
A02-R02,A02,Algorithms & Data Structures,Data Structures,"Linear, hash-based and queue/deque data structures",MISSING,0,,0,,"Reviewed responsibility checklist seeded from Map v3; evidence is conservative current-corpus support, not proof of completeness."
A02-R03,A02,Algorithms & Data Structures,Data Structures,"Trees, heaps, tries and priority structures",MISSING,0,,0,,"Reviewed responsibility checklist seeded from Map v3; evidence is conservative current-corpus support, not proof of completeness."
A02-R04,A02,Algorithms & Data Structures,Data Structures,Graph representation and traversal,MISSING,0,,0,,"Reviewed responsibility checklist seeded from Map v3; evidence is conservative current-corpus support, not proof of completeness."
A02-R05,A02,Algorithms & Data Structures,Algorithmic Techniques,"Searching, sorting and selection",MISSING,0,,0,,"Reviewed responsibility checklist seeded from Map v3; evidence is conservative current-corpus support, not proof of completeness."
A02-R06,A02,Algorithms & Data Structures,Algorithmic Techniques,Recursion and divide-and-conquer,MISSING,0,,0,,"Reviewed responsibility checklist seeded from Map v3; evidence is conservative current-corpus support, not proof of completeness."
A02-R07,A02,Algorithms & Data Structures,Algorithmic Techniques,"Greedy, dynamic-programming and backtracking techniques",MISSING,0,,0,,"Reviewed responsibility checklist seeded from Map v3; evidence is conservative current-corpus support, not proof of completeness."
A02-R08,A02,Algorithms & Data Structures,Algorithmic Techniques,"Sliding-window, prefix, bit and string techniques",PARTIAL,2,algorithms.binary-code-coverage-sliding-window;algorithms.fixed-width-bitmask-window,2,algorithms.binary-code-coverage-sliding-window;algorithms.fixed-width-bitmask-window,"Reviewed responsibility checklist seeded from Map v3; evidence is conservative current-corpus support, not proof of completeness."
A02-R09,A02,Algorithms & Data Structures,Algorithmic Techniques,Randomized and probabilistic techniques,MISSING,0,,0,,"Reviewed responsibility checklist seeded from Map v3; evidence is conservative current-corpus support, not proof of completeness."
A02-R10,A02,Algorithms & Data Structures,Complexity & Correctness,Algorithm correctness and space/time trade-offs,MISSING,0,,0,,"Reviewed responsibility checklist seeded from Map v3; evidence is conservative current-corpus support, not proof of completeness."
A03-R01,A03,Concurrency & Asynchrony,Concurrency Foundations,Concurrency versus parallelism and execution ownership,PARTIAL,4,dotnet.async-concurrency-and-task-start;dotnet.bounded-async-concurrency;dotnet.channels-producer-consumer-lifecycle;javascript.promise-all-concurrency-and-outcomes,4,dotnet.async-concurrency-and-task-start;dotnet.bounded-async-concurrency;dotnet.channels-producer-consumer-lifecycle;javascript.promise-all-concurrency-and-outcomes,"Reviewed responsibility checklist seeded from Map v3; evidence is conservative current-corpus support, not proof of completeness."
A03-R02,A03,Concurrency & Asynchrony,Async Execution & Scheduling,Async execution and tasks/futures/promises/coroutines,PARTIAL,11,dotnet.async-concurrency-and-task-start;dotnet.async-failure-ordering-and-server-safety;dotnet.bounded-async-concurrency;dotnet.lazy-initialization-and-argument-patterns;dotnet.per-key-async-single-flight;dotnet.server-threadpool-async-io-and-background-work;dotnet.valuetask-synchronous-completion-and-consumption;javascript.async-semaphore-permits-and-waiter-lifecycle,11,dotnet.async-concurrency-and-task-start;dotnet.async-failure-ordering-and-server-safety;dotnet.bounded-async-concurrency;dotnet.lazy-initialization-and-argument-patterns;dotnet.per-key-async-single-flight;dotnet.server-threadpool-async-io-and-background-work;dotnet.valuetask-synchronous-completion-and-consumption;javascript.async-semaphore-permits-and-waiter-lifecycle,"Reviewed responsibility checklist seeded from Map v3; evidence is conservative current-corpus support, not proof of completeness."
A03-R03,A03,Concurrency & Asynchrony,Async Execution & Scheduling,"Event loops, scheduling queues and work scheduling",PARTIAL,2,dotnet.server-threadpool-async-io-and-background-work;javascript.timers-tasks-microtasks-and-abortable-delay,2,dotnet.server-threadpool-async-io-and-background-work;javascript.timers-tasks-microtasks-and-abortable-delay,"Reviewed responsibility checklist seeded from Map v3; evidence is conservative current-corpus support, not proof of completeness."
A03-R04,A03,Concurrency & Asynchrony,"Threads, Processes & Parallelism","Threads, thread pools, processes and workers",PARTIAL,3,dotnet.bounded-async-concurrency;dotnet.lazy-thread-safety-modes-and-exception-caching;dotnet.server-threadpool-async-io-and-background-work,3,dotnet.bounded-async-concurrency;dotnet.lazy-thread-safety-modes-and-exception-caching;dotnet.server-threadpool-async-io-and-background-work,"Reviewed responsibility checklist seeded from Map v3; evidence is conservative current-corpus support, not proof of completeness."
A03-R05,A03,Concurrency & Asynchrony,Cancellation & Time Bounds,"Cancellation, deadlines and timeouts",PARTIAL,4,aspnet-core.request-aborted-propagation;aspnet-core.request-cancellation-and-pipeline-short-circuiting;dotnet.cancellation-tokens-linked-sources-and-causes;javascript.async-generators-and-cancellation,4,aspnet-core.request-aborted-propagation;aspnet-core.request-cancellation-and-pipeline-short-circuiting;dotnet.cancellation-tokens-linked-sources-and-causes;javascript.async-generators-and-cancellation,"Reviewed responsibility checklist seeded from Map v3; evidence is conservative current-corpus support, not proof of completeness."
A03-R06,A03,Concurrency & Asynchrony,Structured Concurrency & Failure,Structured concurrency and async failure propagation,PARTIAL,1,dotnet.async-failure-ordering-and-server-safety,1,dotnet.async-failure-ordering-and-server-safety,"Reviewed responsibility checklist seeded from Map v3; evidence is conservative current-corpus support, not proof of completeness."
A03-R07,A03,Concurrency & Asynchrony,Synchronization & Memory Ordering,"Mutual exclusion, semaphores and signaling",PARTIAL,6,dotnet.bounded-async-concurrency;dotnet.interlocked-atomic-transitions;dotnet.monitor-condition-waiting-and-signaling;dotnet.monitor-mutual-exclusion-and-lock-ownership;dotnet.semaphore-vs-channel;javascript.async-semaphore-permits-and-waiter-lifecycle,6,dotnet.bounded-async-concurrency;dotnet.interlocked-atomic-transitions;dotnet.monitor-condition-waiting-and-signaling;dotnet.monitor-mutual-exclusion-and-lock-ownership;dotnet.semaphore-vs-channel;javascript.async-semaphore-permits-and-waiter-lifecycle,"Reviewed responsibility checklist seeded from Map v3; evidence is conservative current-corpus support, not proof of completeness."
A03-R08,A03,Concurrency & Asynchrony,Synchronization & Memory Ordering,"Atomics, memory visibility, ordering and happens-before",PARTIAL,7,dotnet.interlocked-atomic-transitions;dotnet.lazy-initialization-and-argument-patterns;dotnet.lazy-thread-safety-modes-and-exception-caching;dotnet.monitor-condition-waiting-and-signaling;dotnet.monitor-mutual-exclusion-and-lock-ownership;dotnet.semaphore-vs-channel;javascript.async-semaphore-permits-and-waiter-lifecycle,7,dotnet.interlocked-atomic-transitions;dotnet.lazy-initialization-and-argument-patterns;dotnet.lazy-thread-safety-modes-and-exception-caching;dotnet.monitor-condition-waiting-and-signaling;dotnet.monitor-mutual-exclusion-and-lock-ownership;dotnet.semaphore-vs-channel;javascript.async-semaphore-permits-and-waiter-lifecycle,"Reviewed responsibility checklist seeded from Map v3; evidence is conservative current-corpus support, not proof of completeness."
A03-R09,A03,Concurrency & Asynchrony,Synchronization & Memory Ordering,"Race conditions, deadlocks, starvation and fairness",MISSING,0,,0,,Semantic review: incidental/narrow evidence does not satisfy this generic responsibility; treat as explicit gap.
A03-R10,A03,Concurrency & Asynchrony,Work Coordination & Backpressure,"Producer-consumer, channels and async queues",PARTIAL,2,dotnet.channels-producer-consumer-lifecycle;dotnet.semaphore-vs-channel,2,dotnet.channels-producer-consumer-lifecycle;dotnet.semaphore-vs-channel,"Reviewed responsibility checklist seeded from Map v3; evidence is conservative current-corpus support, not proof of completeness."
A03-R11,A03,Concurrency & Asynchrony,Work Coordination & Backpressure,Bounded concurrency and backpressure,PARTIAL,5,dotnet.bounded-async-concurrency;dotnet.channels-producer-consumer-lifecycle;dotnet.per-key-async-single-flight;dotnet.semaphore-vs-channel;javascript.async-semaphore-permits-and-waiter-lifecycle,5,dotnet.bounded-async-concurrency;dotnet.channels-producer-consumer-lifecycle;dotnet.per-key-async-single-flight;dotnet.semaphore-vs-channel;javascript.async-semaphore-permits-and-waiter-lifecycle,"Reviewed responsibility checklist seeded from Map v3; evidence is conservative current-corpus support, not proof of completeness."
A03-R12,A03,Concurrency & Asynchrony,"Threads, Processes & Parallelism","Parallel decomposition, fan-out and fan-in",PARTIAL,1,dotnet.async-concurrency-and-task-start,1,dotnet.async-concurrency-and-task-start,"Reviewed responsibility checklist seeded from Map v3; evidence is conservative current-corpus support, not proof of completeness."
A03-R13,A03,Concurrency & Asynchrony,Structured Concurrency & Failure,Resource ownership across concurrent work,PARTIAL,2,dotnet.per-key-async-single-flight;dotnet.server-threadpool-async-io-and-background-work,2,dotnet.per-key-async-single-flight;dotnet.server-threadpool-async-io-and-background-work,"Reviewed responsibility checklist seeded from Map v3; evidence is conservative current-corpus support, not proof of completeness."
A04-R01,A04,"Runtime, Operating Systems, Memory & Resources",Runtime & Toolchain,"Runtime, compiler, interpreter, VM, SDK, JIT and AOT model",PARTIAL,2,architecture.runtime-compiler-and-sdk-responsibilities;dotnet.conditionalweaktable-lifetime-associations,2,architecture.runtime-compiler-and-sdk-responsibilities;dotnet.conditionalweaktable-lifetime-associations,"Reviewed responsibility checklist seeded from Map v3; evidence is conservative current-corpus support, not proof of completeness."
A04-R02,A04,"Runtime, Operating Systems, Memory & Resources",Runtime & OS Execution,"Process lifecycle, startup/shutdown, environment and signals",MISSING,0,,0,,Semantic review: incidental/narrow evidence does not satisfy this generic responsibility; treat as explicit gap.
A04-R03,A04,"Runtime, Operating Systems, Memory & Resources",Runtime & OS Execution,"OS processes, threads, scheduling and system calls",MISSING,0,,7,dotnet.ambiguous-local-time-scheduling-and-audit;dotnet.datetime-offset-kind-conversion-and-arithmetic;dotnet.invalid-local-time-resolution-policies;dotnet.ticks-unix-time-and-javascript-display;dotnet.time-types-and-model-selection;dotnet.timezone-conversion-json-and-model-binding;dotnet.timezone-date-math-and-dst,Semantic review: incidental/narrow evidence does not satisfy this generic responsibility; treat as explicit gap.
A04-R04,A04,"Runtime, Operating Systems, Memory & Resources",Runtime & OS Execution,"Filesystem, paths, handles/descriptors and permissions",MISSING,0,,2,dotnet.allocations-gc-pressure-and-hot-paths;dotnet.unmanaged-ownership-safehandle-and-finalizer-decisions,Semantic review: incidental/narrow evidence does not satisfy this generic responsibility; treat as explicit gap.
A04-R05,A04,"Runtime, Operating Systems, Memory & Resources",Runtime & OS Execution,"Local IPC, pipes and shared memory",MISSING,0,,0,,Semantic review: incidental/narrow evidence does not satisfy this generic responsibility; treat as explicit gap.
A04-R06,A04,"Runtime, Operating Systems, Memory & Resources",Runtime & OS Execution,"Virtual memory, memory mapping and page/cache concepts",MISSING,0,,0,,Semantic review: incidental/narrow evidence does not satisfy this generic responsibility; treat as explicit gap.
A04-R07,A04,"Runtime, Operating Systems, Memory & Resources",Memory & Resource Lifecycle,"Allocation, stack/heap, GC, reference counting and reachability",PARTIAL,4,dotnet.allocations-gc-pressure-and-hot-paths;dotnet.conditionalweaktable-lifetime-associations;dotnet.gc-roots-reachability-and-disposal-state;dotnet.stackalloc-lifetime-and-stack-pressure,4,dotnet.allocations-gc-pressure-and-hot-paths;dotnet.conditionalweaktable-lifetime-associations;dotnet.gc-roots-reachability-and-disposal-state;dotnet.stackalloc-lifetime-and-stack-pressure,"Reviewed responsibility checklist seeded from Map v3; evidence is conservative current-corpus support, not proof of completeness."
A04-R08,A04,"Runtime, Operating Systems, Memory & Resources",Memory & Resource Lifecycle,"Deterministic cleanup, finalization and resource ownership",PARTIAL,4,dotnet.disposable-ownership-and-deterministic-cleanup;dotnet.dispose-pattern-and-suppress-finalize;dotnet.finalizer-lifecycle-costs-and-failure-boundaries;dotnet.unmanaged-ownership-safehandle-and-finalizer-decisions,4,dotnet.disposable-ownership-and-deterministic-cleanup;dotnet.dispose-pattern-and-suppress-finalize;dotnet.finalizer-lifecycle-costs-and-failure-boundaries;dotnet.unmanaged-ownership-safehandle-and-finalizer-decisions,"Reviewed responsibility checklist seeded from Map v3; evidence is conservative current-corpus support, not proof of completeness."
A04-R09,A04,"Runtime, Operating Systems, Memory & Resources",Memory & Resource Lifecycle,"Memory safety, references/views, layout, alignment and pinning",PARTIAL,12,dotnet.allocations-gc-pressure-and-hot-paths;dotnet.conditionalweaktable-lifetime-associations;dotnet.csharp-pointers-pinning-and-alternatives;dotnet.disposable-ownership-and-deterministic-cleanup;dotnet.dispose-pattern-and-suppress-finalize;dotnet.finalizer-lifecycle-costs-and-failure-boundaries;dotnet.gc-roots-reachability-and-disposal-state;dotnet.pooling-objects-arrays-and-memory,12,dotnet.allocations-gc-pressure-and-hot-paths;dotnet.conditionalweaktable-lifetime-associations;dotnet.csharp-pointers-pinning-and-alternatives;dotnet.disposable-ownership-and-deterministic-cleanup;dotnet.dispose-pattern-and-suppress-finalize;dotnet.finalizer-lifecycle-costs-and-failure-boundaries;dotnet.gc-roots-reachability-and-disposal-state;dotnet.pooling-objects-arrays-and-memory,"Reviewed responsibility checklist seeded from Map v3; evidence is conservative current-corpus support, not proof of completeness."
A04-R10,A04,"Runtime, Operating Systems, Memory & Resources",Memory & Resource Lifecycle,Pooling and buffer ownership,PARTIAL,5,dotnet.csharp-pointers-pinning-and-alternatives;dotnet.pooling-objects-arrays-and-memory;dotnet.span-memory-and-ref-safety;dotnet.stackalloc-lifetime-and-stack-pressure;dotnet.unmanaged-size-and-struct-layout,5,dotnet.csharp-pointers-pinning-and-alternatives;dotnet.pooling-objects-arrays-and-memory;dotnet.span-memory-and-ref-safety;dotnet.stackalloc-lifetime-and-stack-pressure;dotnet.unmanaged-size-and-struct-layout,"Reviewed responsibility checklist seeded from Map v3; evidence is conservative current-corpus support, not proof of completeness."
A04-R11,A04,"Runtime, Operating Systems, Memory & Resources",Runtime & OS Execution,Native/runtime boundary and FFI/unmanaged interop,PARTIAL,6,dotnet.csharp-pointers-pinning-and-alternatives;dotnet.disposable-ownership-and-deterministic-cleanup;dotnet.dispose-pattern-and-suppress-finalize;dotnet.finalizer-lifecycle-costs-and-failure-boundaries;dotnet.unmanaged-ownership-safehandle-and-finalizer-decisions;dotnet.unmanaged-size-and-struct-layout,6,dotnet.csharp-pointers-pinning-and-alternatives;dotnet.disposable-ownership-and-deterministic-cleanup;dotnet.dispose-pattern-and-suppress-finalize;dotnet.finalizer-lifecycle-costs-and-failure-boundaries;dotnet.unmanaged-ownership-safehandle-and-finalizer-decisions;dotnet.unmanaged-size-and-struct-layout,"Reviewed responsibility checklist seeded from Map v3; evidence is conservative current-corpus support, not proof of completeness."
A04-R12,A04,"Runtime, Operating Systems, Memory & Resources",Time & Clocks,"Wall/monotonic clocks, timers, instants, zones and scheduling",PARTIAL,7,dotnet.ambiguous-local-time-scheduling-and-audit;dotnet.datetime-offset-kind-conversion-and-arithmetic;dotnet.invalid-local-time-resolution-policies;dotnet.ticks-unix-time-and-javascript-display;dotnet.time-types-and-model-selection;dotnet.timezone-conversion-json-and-model-binding;dotnet.timezone-date-math-and-dst,7,dotnet.ambiguous-local-time-scheduling-and-audit;dotnet.datetime-offset-kind-conversion-and-arithmetic;dotnet.invalid-local-time-resolution-policies;dotnet.ticks-unix-time-and-javascript-display;dotnet.time-types-and-model-selection;dotnet.timezone-conversion-json-and-model-binding;dotnet.timezone-date-math-and-dst,"Reviewed responsibility checklist seeded from Map v3; evidence is conservative current-corpus support, not proof of completeness."
A04-R13,A04,"Runtime, Operating Systems, Memory & Resources",Memory & Resource Lifecycle,Runtime profiling and memory diagnostics,MISSING,0,,0,,Semantic review: incidental/narrow evidence does not satisfy this generic responsibility; treat as explicit gap.
A05-R01,A05,"Data Representation, Serialization & I/O",Data Representation,"Bits, bytes, numeric binary representation and endianness",PARTIAL,15,dotnet.binary-primitives-endianness;dotnet.binary-to-text-encodings;dotnet.encoding-conversion-overloads-and-buffer-sizing;dotnet.hexadecimal-byte-representation;dotnet.httpcontent-read-stream-buffering;dotnet.incremental-text-decoding;dotnet.stream-whole-content-buffering-and-byte-arrays;dotnet.streaming-byte-object-and-memory-models,15,dotnet.binary-primitives-endianness;dotnet.binary-to-text-encodings;dotnet.encoding-conversion-overloads-and-buffer-sizing;dotnet.hexadecimal-byte-representation;dotnet.httpcontent-read-stream-buffering;dotnet.incremental-text-decoding;dotnet.stream-whole-content-buffering-and-byte-arrays;dotnet.streaming-byte-object-and-memory-models,"Reviewed responsibility checklist seeded from Map v3; evidence is conservative current-corpus support, not proof of completeness."
A05-R02,A05,"Data Representation, Serialization & I/O",Data Representation,"Unicode, encodings, culture, collation and normalization",PARTIAL,16,dotnet.ascii-and-utf8-compatibility;dotnet.binary-to-text-encodings;dotnet.encoding-conversion-overloads-and-buffer-sizing;dotnet.format-strings-culture-and-round-trip;dotnet.incremental-text-decoding;dotnet.numeric-string-parsing;dotnet.regex-balancing-groups;dotnet.regex-inline-option-scopes,16,dotnet.ascii-and-utf8-compatibility;dotnet.binary-to-text-encodings;dotnet.encoding-conversion-overloads-and-buffer-sizing;dotnet.format-strings-culture-and-round-trip;dotnet.incremental-text-decoding;dotnet.numeric-string-parsing;dotnet.regex-balancing-groups;dotnet.regex-inline-option-scopes,"Reviewed responsibility checklist seeded from Map v3; evidence is conservative current-corpus support, not proof of completeness."
A05-R03,A05,"Data Representation, Serialization & I/O",Data Representation,Structured data and in-memory versus wire representation,PARTIAL,36,dotnet.ascii-and-utf8-compatibility;dotnet.binary-primitives-endianness;dotnet.binary-to-text-encodings;dotnet.datetime-parsing-exactness-and-standard-formats;dotnet.encoding-conversion-overloads-and-buffer-sizing;dotnet.format-strings-culture-and-round-trip;dotnet.hexadecimal-byte-representation;dotnet.httpcontent-read-stream-buffering,36,dotnet.ascii-and-utf8-compatibility;dotnet.binary-primitives-endianness;dotnet.binary-to-text-encodings;dotnet.datetime-parsing-exactness-and-standard-formats;dotnet.encoding-conversion-overloads-and-buffer-sizing;dotnet.format-strings-culture-and-round-trip;dotnet.hexadecimal-byte-representation;dotnet.httpcontent-read-stream-buffering,"Reviewed responsibility checklist seeded from Map v3; evidence is conservative current-corpus support, not proof of completeness."
A05-R04,A05,"Data Representation, Serialization & I/O","Parsing, Validation & Serialization",Parsing boundaries and boundary validation,PARTIAL,21,dotnet.ascii-and-utf8-compatibility;dotnet.datetime-parsing-exactness-and-standard-formats;dotnet.jsondocument-jsonelement-readonly-dom;dotnet.jsonnode-mutable-dom;dotnet.numeric-string-parsing;dotnet.regex-balancing-groups;dotnet.regex-inline-option-scopes;dotnet.regex-operations-and-safety,21,dotnet.ascii-and-utf8-compatibility;dotnet.datetime-parsing-exactness-and-standard-formats;dotnet.jsondocument-jsonelement-readonly-dom;dotnet.jsonnode-mutable-dom;dotnet.numeric-string-parsing;dotnet.regex-balancing-groups;dotnet.regex-inline-option-scopes;dotnet.regex-operations-and-safety,"Reviewed responsibility checklist seeded from Map v3; evidence is conservative current-corpus support, not proof of completeness."
A05-R05,A05,"Data Representation, Serialization & I/O","Parsing, Validation & Serialization",JSON and schema-driven data models,PARTIAL,9,dotnet.jsondocument-jsonelement-readonly-dom;dotnet.jsonnode-mutable-dom;dotnet.system-text-json-optional-converter-factory;dotnet.utf8jsonwriter-streaming-and-token-control;javascript.incremental-streaming-and-ndjson;typescript.zod-discriminated-union-validation;typescript.zod-form-input-coercion-and-transforms;typescript.zod-refinements-and-cross-field-errors,9,dotnet.jsondocument-jsonelement-readonly-dom;dotnet.jsonnode-mutable-dom;dotnet.system-text-json-optional-converter-factory;dotnet.utf8jsonwriter-streaming-and-token-control;javascript.incremental-streaming-and-ndjson;typescript.zod-discriminated-union-validation;typescript.zod-form-input-coercion-and-transforms;typescript.zod-refinements-and-cross-field-errors,"Reviewed responsibility checklist seeded from Map v3; evidence is conservative current-corpus support, not proof of completeness."
A05-R06,A05,"Data Representation, Serialization & I/O","Parsing, Validation & Serialization","Serialization compatibility, versioning and evolution",MISSING,0,,0,,Semantic review: incidental/narrow evidence does not satisfy this generic responsibility; treat as explicit gap.
A05-R07,A05,"Data Representation, Serialization & I/O","Parsing, Validation & Serialization",Binary serialization and compression,MISSING,0,,0,,Semantic review: incidental/narrow evidence does not satisfy this generic responsibility; treat as explicit gap.
A05-R08,A05,"Data Representation, Serialization & I/O",I/O & Streaming,"Streams, buffering and partial reads/writes",PARTIAL,18,dotnet.httpcontent-read-stream-buffering;dotnet.pipereader-consumed-examined-and-segmented-framing;dotnet.pipewriter-buffer-advance-flush-and-batching;dotnet.sequencereader-segmented-protocol-parsing;dotnet.stream-partial-reads-and-bounded-loops;dotnet.stream-readexactly-readatleast-fixed-count-reads;dotnet.stream-whole-content-buffering-and-byte-arrays;dotnet.streaming-byte-object-and-memory-models,18,dotnet.httpcontent-read-stream-buffering;dotnet.pipereader-consumed-examined-and-segmented-framing;dotnet.pipewriter-buffer-advance-flush-and-batching;dotnet.sequencereader-segmented-protocol-parsing;dotnet.stream-partial-reads-and-bounded-loops;dotnet.stream-readexactly-readatleast-fixed-count-reads;dotnet.stream-whole-content-buffering-and-byte-arrays;dotnet.streaming-byte-object-and-memory-models,"Reviewed responsibility checklist seeded from Map v3; evidence is conservative current-corpus support, not proof of completeness."
A05-R09,A05,"Data Representation, Serialization & I/O",I/O & Streaming,"Framing, delimiters, length-prefixing and incremental decoding",PARTIAL,18,dotnet.httpcontent-read-stream-buffering;dotnet.incremental-text-decoding;dotnet.pipereader-consumed-examined-and-segmented-framing;dotnet.pipewriter-buffer-advance-flush-and-batching;dotnet.sequencereader-segmented-protocol-parsing;dotnet.stream-partial-reads-and-bounded-loops;dotnet.stream-readexactly-readatleast-fixed-count-reads;dotnet.stream-whole-content-buffering-and-byte-arrays,18,dotnet.httpcontent-read-stream-buffering;dotnet.incremental-text-decoding;dotnet.pipereader-consumed-examined-and-segmented-framing;dotnet.pipewriter-buffer-advance-flush-and-batching;dotnet.sequencereader-segmented-protocol-parsing;dotnet.stream-partial-reads-and-bounded-loops;dotnet.stream-readexactly-readatleast-fixed-count-reads;dotnet.stream-whole-content-buffering-and-byte-arrays,"Reviewed responsibility checklist seeded from Map v3; evidence is conservative current-corpus support, not proof of completeness."
A05-R10,A05,"Data Representation, Serialization & I/O",I/O & Streaming,File I/O and seekable versus sequential access,MISSING,0,,0,,Semantic review: incidental/narrow evidence does not satisfy this generic responsibility; treat as explicit gap.
A05-R11,A05,"Data Representation, Serialization & I/O",I/O & Streaming,"Pipelines, backpressure and copy-minimization/zero-copy",PARTIAL,7,dotnet.pipereader-consumed-examined-and-segmented-framing;dotnet.pipewriter-buffer-advance-flush-and-batching;dotnet.sequencereader-segmented-protocol-parsing;javascript.readable-stream-producers-backpressure-and-cancellation;javascript.text-encoding-and-stream-framing;javascript.transformstream-pipelines-and-flush;javascript.writablestream-pipeto-and-sink-lifecycle,7,dotnet.pipereader-consumed-examined-and-segmented-framing;dotnet.pipewriter-buffer-advance-flush-and-batching;dotnet.sequencereader-segmented-protocol-parsing;javascript.readable-stream-producers-backpressure-and-cancellation;javascript.text-encoding-and-stream-framing;javascript.transformstream-pipelines-and-flush;javascript.writablestream-pipeto-and-sink-lifecycle,"Reviewed responsibility checklist seeded from Map v3; evidence is conservative current-corpus support, not proof of completeness."
A06-R01,A06,"Networking, Protocols & API Semantics",Network & Transport Foundations,"IP addressing, ports, routing and DNS",MISSING,0,,25,architecture.forward-and-reverse-proxy-roles;architecture.reverse-proxy-central-routing-and-policy;architecture.reverse-proxy-edge-tls-isolation-and-offload;aspnet-core.createdat-route-generation;aspnet-core.yarp-routes-clusters-and-destinations;axios.adapters-progress-and-streaming;axios.files-and-query-serialization;axios.interceptor-lifecycle-status-and-token-refresh,Semantic review: incidental/narrow evidence does not satisfy this generic responsibility; treat as explicit gap.
A06-R02,A06,"Networking, Protocols & API Semantics",Network & Transport Foundations,"TCP/UDP connection, ordering, reliability and teardown",MISSING,0,,6,architecture.forward-and-reverse-proxy-roles;architecture.reverse-proxy-central-routing-and-policy;aspnet-core.yarp-routes-clusters-and-destinations;dotnet.clientwebsocket-options-and-connection-state;dotnet.sockets-http-handler-connection-pooling-and-proxies;http.sse-event-stream-reconnection,Semantic review: incidental/narrow evidence does not satisfy this generic responsibility; treat as explicit gap.
A06-R03,A06,"Networking, Protocols & API Semantics",Network & Transport Foundations,Sockets and connection pooling,PARTIAL,5,dotnet.clientwebsocket-options-and-connection-state;dotnet.sockets-http-handler-connection-pooling-and-proxies;dotnet.sockets-http-handler-response-upload-and-tls-options;http.websocket-message-framing;http.websocket-upgrade-subprotocols-and-application-contracts,5,dotnet.clientwebsocket-options-and-connection-state;dotnet.sockets-http-handler-connection-pooling-and-proxies;dotnet.sockets-http-handler-response-upload-and-tls-options;http.websocket-message-framing;http.websocket-upgrade-subprotocols-and-application-contracts,"Reviewed responsibility checklist seeded from Map v3; evidence is conservative current-corpus support, not proof of completeness."
A06-R04,A06,"Networking, Protocols & API Semantics",Network & Transport Foundations,"NAT, proxies, load balancers, gateways and middleboxes",PARTIAL,10,architecture.forward-and-reverse-proxy-roles;architecture.reverse-proxy-central-routing-and-policy;architecture.reverse-proxy-edge-tls-isolation-and-offload;aspnet-core.collection-filter-search-query-composition;aspnet-core.dynamic-data-shaping;aspnet-core.paged-list-query-and-consistency;aspnet-core.public-sorting-property-mapping;aspnet-core.yarp-routes-clusters-and-destinations,10,architecture.forward-and-reverse-proxy-roles;architecture.reverse-proxy-central-routing-and-policy;architecture.reverse-proxy-edge-tls-isolation-and-offload;aspnet-core.collection-filter-search-query-composition;aspnet-core.dynamic-data-shaping;aspnet-core.paged-list-query-and-consistency;aspnet-core.public-sorting-property-mapping;aspnet-core.yarp-routes-clusters-and-destinations,"Reviewed responsibility checklist seeded from Map v3; evidence is conservative current-corpus support, not proof of completeness."
A06-R05,A06,"Networking, Protocols & API Semantics",Network & Transport Foundations,"TLS, certificates, trust chain and termination",PARTIAL,2,architecture.reverse-proxy-edge-tls-isolation-and-offload;dotnet.sockets-http-handler-response-upload-and-tls-options,2,architecture.reverse-proxy-edge-tls-isolation-and-offload;dotnet.sockets-http-handler-response-upload-and-tls-options,"Reviewed responsibility checklist seeded from Map v3; evidence is conservative current-corpus support, not proof of completeness."
A06-R06,A06,"Networking, Protocols & API Semantics",HTTP Semantics,"HTTP requests, methods, status codes and headers",PARTIAL,57,aspnet-core.cache-control-headers-responsecache-attribute-and-middleware;aspnet-core.cors-middleware-preflight;aspnet-core.json-patch-formatters-and-content-negotiation;aspnet-core.json-xml-formatters-and-default-order;aspnet-core.media-type-formatters-and-406-415;aspnet-core.semantic-media-types-and-formatter-contracts;aspnet-core.status-code-pages-and-problem-details;axios.adapters-progress-and-streaming,57,aspnet-core.cache-control-headers-responsecache-attribute-and-middleware;aspnet-core.cors-middleware-preflight;aspnet-core.json-patch-formatters-and-content-negotiation;aspnet-core.json-xml-formatters-and-default-order;aspnet-core.media-type-formatters-and-406-415;aspnet-core.semantic-media-types-and-formatter-contracts;aspnet-core.status-code-pages-and-problem-details;axios.adapters-progress-and-streaming,"Reviewed responsibility checklist seeded from Map v3; evidence is conservative current-corpus support, not proof of completeness."
A06-R07,A06,"Networking, Protocols & API Semantics",HTTP Semantics,"Representation metadata, negotiation and content coding",PARTIAL,17,aspnet-core.json-patch-formatters-and-content-negotiation;aspnet-core.json-xml-formatters-and-default-order;aspnet-core.media-type-formatters-and-406-415;aspnet-core.problem-details-writers-context-and-metadata;aspnet-core.semantic-media-types-and-formatter-contracts;dotnet.httpclient-request-content-and-representation;dotnet.httpcontent-media-type-charset-and-content-encoding;dotnet.streaming-gzip-httpcontent,17,aspnet-core.json-patch-formatters-and-content-negotiation;aspnet-core.json-xml-formatters-and-default-order;aspnet-core.media-type-formatters-and-406-415;aspnet-core.problem-details-writers-context-and-metadata;aspnet-core.semantic-media-types-and-formatter-contracts;dotnet.httpclient-request-content-and-representation;dotnet.httpcontent-media-type-charset-and-content-encoding;dotnet.streaming-gzip-httpcontent,"Reviewed responsibility checklist seeded from Map v3; evidence is conservative current-corpus support, not proof of completeness."
A06-R08,A06,"Networking, Protocols & API Semantics",HTTP Semantics,"Cookies, caching, validators, ranges and HTTP version model",PARTIAL,15,aspnet-core.cache-control-headers-responsecache-attribute-and-middleware;aspnet-core.cors-middleware-preflight;http.authentication-headers;http.browser-cookie-delivery-and-security;http.browser-header-controls-and-cors-visibility;http.cache-validation-headers;http.cookie-and-set-cookie;http.cookie-scope-and-secure-prefixes,15,aspnet-core.cache-control-headers-responsecache-attribute-and-middleware;aspnet-core.cors-middleware-preflight;http.authentication-headers;http.browser-cookie-delivery-and-security;http.browser-header-controls-and-cors-visibility;http.cache-validation-headers;http.cookie-and-set-cookie;http.cookie-scope-and-secure-prefixes,"Reviewed responsibility checklist seeded from Map v3; evidence is conservative current-corpus support, not proof of completeness."
A06-R09,A06,"Networking, Protocols & API Semantics",API Contracts & Resource Semantics,"Resources, REST semantics, CRUD and idempotency",PARTIAL,16,aspnet-core.collection-filter-search-query-composition;aspnet-core.createdat-route-generation;aspnet-core.dynamic-data-shaping;aspnet-core.hateoas-link-generation-and-resource-envelopes;aspnet-core.json-patch-formatters-and-content-negotiation;aspnet-core.paged-list-query-and-consistency;aspnet-core.problem-details-writers-context-and-metadata;aspnet-core.public-sorting-property-mapping,16,aspnet-core.collection-filter-search-query-composition;aspnet-core.createdat-route-generation;aspnet-core.dynamic-data-shaping;aspnet-core.hateoas-link-generation-and-resource-envelopes;aspnet-core.json-patch-formatters-and-content-negotiation;aspnet-core.paged-list-query-and-consistency;aspnet-core.problem-details-writers-context-and-metadata;aspnet-core.public-sorting-property-mapping,"Reviewed responsibility checklist seeded from Map v3; evidence is conservative current-corpus support, not proof of completeness."
A06-R10,A06,"Networking, Protocols & API Semantics",API Contracts & Resource Semantics,"Pagination, filtering, sorting and search contracts",PARTIAL,4,aspnet-core.collection-filter-search-query-composition;aspnet-core.dynamic-data-shaping;aspnet-core.paged-list-query-and-consistency;aspnet-core.public-sorting-property-mapping,4,aspnet-core.collection-filter-search-query-composition;aspnet-core.dynamic-data-shaping;aspnet-core.paged-list-query-and-consistency;aspnet-core.public-sorting-property-mapping,"Reviewed responsibility checklist seeded from Map v3; evidence is conservative current-corpus support, not proof of completeness."
A06-R11,A06,"Networking, Protocols & API Semantics",API Contracts & Resource Semantics,"Error contracts, versioning, deprecation and discovery",PARTIAL,8,aspnet-core.createdat-route-generation;aspnet-core.hateoas-link-generation-and-resource-envelopes;aspnet-core.problem-details-writers-context-and-metadata;aspnet-core.status-code-pages-and-problem-details;http.api-root-document-discovery;http.api-versioning-and-deprecation;http.canonical-resource-identities-and-lookup-routes;http.problem-details-public-error-contracts,8,aspnet-core.createdat-route-generation;aspnet-core.hateoas-link-generation-and-resource-envelopes;aspnet-core.problem-details-writers-context-and-metadata;aspnet-core.status-code-pages-and-problem-details;http.api-root-document-discovery;http.api-versioning-and-deprecation;http.canonical-resource-identities-and-lookup-routes;http.problem-details-public-error-contracts,"Reviewed responsibility checklist seeded from Map v3; evidence is conservative current-corpus support, not proof of completeness."
A06-R12,A06,"Networking, Protocols & API Semantics",API Contracts & Resource Semantics,"Machine-readable contracts, RPC and gRPC",MISSING,0,,0,,Semantic review: incidental/narrow evidence does not satisfy this generic responsibility; treat as explicit gap.
A06-R13,A06,"Networking, Protocols & API Semantics",Network & Transport Foundations,Realtime protocols: WebSocket and SSE,PARTIAL,4,dotnet.clientwebsocket-options-and-connection-state;http.sse-event-stream-reconnection;http.websocket-message-framing;http.websocket-upgrade-subprotocols-and-application-contracts,4,dotnet.clientwebsocket-options-and-connection-state;http.sse-event-stream-reconnection;http.websocket-message-framing;http.websocket-upgrade-subprotocols-and-application-contracts,"Reviewed responsibility checklist seeded from Map v3; evidence is conservative current-corpus support, not proof of completeness."
A06-R14,A06,"Networking, Protocols & API Semantics",API Contracts & Resource Semantics,"Webhooks, signatures, delivery and retry semantics",MISSING,0,,0,,Semantic review: incidental/narrow evidence does not satisfy this generic responsibility; treat as explicit gap.
A07-R01,A07,Application & Service Engineering,Application Host & Lifecycle,"Application/process host lifecycle, startup and graceful shutdown",MISSING,0,,1,aspnet-core.options-validation-and-startup-failure,Semantic review: incidental/narrow evidence does not satisfy this generic responsibility; treat as explicit gap.
A07-R02,A07,Application & Service Engineering,Application Host & Lifecycle,"Long-running services, workers, batch and command applications",MISSING,0,,0,,Semantic review: incidental/narrow evidence does not satisfy this generic responsibility; treat as explicit gap.
A07-R03,A07,Application & Service Engineering,Request Pipeline & Endpoint Execution,"Request context, middleware/interception and pipeline",PARTIAL,13,aspnet-core.cookie-policy-consent-and-defaults;aspnet-core.exception-handler-features;aspnet-core.exception-middleware-response-lifecycle;aspnet-core.httpcontext-features;aspnet-core.httpcontext-items;aspnet-core.middleware-ordering-short-circuit-and-json;aspnet-core.mvc-exception-filters-and-error-results;aspnet-core.mvc-filter-activation-di-and-factories,13,aspnet-core.cookie-policy-consent-and-defaults;aspnet-core.exception-handler-features;aspnet-core.exception-middleware-response-lifecycle;aspnet-core.httpcontext-features;aspnet-core.httpcontext-items;aspnet-core.middleware-ordering-short-circuit-and-json;aspnet-core.mvc-exception-filters-and-error-results;aspnet-core.mvc-filter-activation-di-and-factories,"Reviewed responsibility checklist seeded from Map v3; evidence is conservative current-corpus support, not proof of completeness."
A07-R04,A07,Application & Service Engineering,Request Pipeline & Endpoint Execution,"Routing, binding, validation, error handling and response construction",PARTIAL,29,aspnet-core.action-parameter-binding-sources;aspnet-core.api-behavior-validation-and-client-errors;aspnet-core.cross-property-model-validation;aspnet-core.custom-route-constraints;aspnet-core.endpoint-matching-phases-and-route-precedence;aspnet-core.endpoint-metadata-and-mvc-action-descriptors;aspnet-core.exception-middleware-response-lifecycle;aspnet-core.explicit-head-endpoints,29,aspnet-core.action-parameter-binding-sources;aspnet-core.api-behavior-validation-and-client-errors;aspnet-core.cross-property-model-validation;aspnet-core.custom-route-constraints;aspnet-core.endpoint-matching-phases-and-route-precedence;aspnet-core.endpoint-metadata-and-mvc-action-descriptors;aspnet-core.exception-middleware-response-lifecycle;aspnet-core.explicit-head-endpoints,"Reviewed responsibility checklist seeded from Map v3; evidence is conservative current-corpus support, not proof of completeness."
A07-R05,A07,Application & Service Engineering,Service Concerns,Streaming responses and cancellation propagation,PARTIAL,5,aspnet-core.async-enumerable-query-streaming-lifecycle;aspnet-core.request-decompression-stream-ownership;aspnet-core.request-response-streams-and-pipelines;aspnet-core.response-body-shapes-and-streaming-output;aspnet-core.websocket-endpoint-lifecycle-and-security,5,aspnet-core.async-enumerable-query-streaming-lifecycle;aspnet-core.request-decompression-stream-ownership;aspnet-core.request-response-streams-and-pipelines;aspnet-core.response-body-shapes-and-streaming-output;aspnet-core.websocket-endpoint-lifecycle-and-security,"Reviewed responsibility checklist seeded from Map v3; evidence is conservative current-corpus support, not proof of completeness."
A07-R06,A07,Application & Service Engineering,Composition & Configuration,"Dependency composition, DI and lifetime/scoping",PARTIAL,4,aspnet-core.di-scope-lifetime-and-disposal;aspnet-core.mvc-filters-vs-middleware-selection-and-lifetimes;aspnet-core.options-binding-names-and-access-lifetimes;aspnet-core.options-configuration-pipeline-and-di,4,aspnet-core.di-scope-lifetime-and-disposal;aspnet-core.mvc-filters-vs-middleware-selection-and-lifetimes;aspnet-core.options-binding-names-and-access-lifetimes;aspnet-core.options-configuration-pipeline-and-di,"Reviewed responsibility checklist seeded from Map v3; evidence is conservative current-corpus support, not proof of completeness."
A07-R07,A07,Application & Service Engineering,Composition & Configuration,"Configuration, feature flags and environment-specific behavior",PARTIAL,6,aspnet-core.di-scope-lifetime-and-disposal;aspnet-core.options-binding-names-and-access-lifetimes;aspnet-core.options-configuration-pipeline-and-di;aspnet-core.options-monitor-reload-and-background-services;aspnet-core.options-validation-and-startup-failure;aspnet-core.system-text-json-configuration,6,aspnet-core.di-scope-lifetime-and-disposal;aspnet-core.options-binding-names-and-access-lifetimes;aspnet-core.options-configuration-pipeline-and-di;aspnet-core.options-monitor-reload-and-background-services;aspnet-core.options-validation-and-startup-failure;aspnet-core.system-text-json-configuration,"Reviewed responsibility checklist seeded from Map v3; evidence is conservative current-corpus support, not proof of completeness."
A07-R08,A07,Application & Service Engineering,Service Concerns,"Recurring work, durable jobs and scheduler/queue integration",MISSING,0,,0,,Semantic review: incidental/narrow evidence does not satisfy this generic responsibility; treat as explicit gap.
A07-R09,A07,Application & Service Engineering,Service Concerns,"Rate-limit, cache, health and OpenAPI application integration",PARTIAL,3,aspnet-core.output-cache-admission-and-policy-lifecycle;aspnet-core.output-cache-safety-value-and-locking;aspnet-core.response-and-output-caching-policies,3,aspnet-core.output-cache-admission-and-policy-lifecycle;aspnet-core.output-cache-safety-value-and-locking;aspnet-core.response-and-output-caching-policies,"Reviewed responsibility checklist seeded from Map v3; evidence is conservative current-corpus support, not proof of completeness."
A07-R10,A07,Application & Service Engineering,Service Concerns,"Localization, file transfer, multi-tenancy and plugin boundaries",PARTIAL,1,aspnet-core.localizer-resource-resolution,1,aspnet-core.localizer-resource-resolution,"Reviewed responsibility checklist seeded from Map v3; evidence is conservative current-corpus support, not proof of completeness."
A07-R11,A07,Application & Service Engineering,Server Rendering & MVC,"Server rendering, MVC and templating",PARTIAL,18,aspnet-core.endpoint-metadata-and-mvc-action-descriptors;aspnet-core.localizer-resource-resolution;aspnet-core.mvc-action-constraints-selection-and-validation-boundary;aspnet-core.mvc-application-controller-and-action-models;aspnet-core.mvc-application-model-convention-lifecycle;aspnet-core.mvc-display-editor-templates;aspnet-core.mvc-exception-filters-and-error-results;aspnet-core.mvc-filter-activation-di-and-factories,18,aspnet-core.endpoint-metadata-and-mvc-action-descriptors;aspnet-core.localizer-resource-resolution;aspnet-core.mvc-action-constraints-selection-and-validation-boundary;aspnet-core.mvc-application-controller-and-action-models;aspnet-core.mvc-application-model-convention-lifecycle;aspnet-core.mvc-display-editor-templates;aspnet-core.mvc-exception-filters-and-error-results;aspnet-core.mvc-filter-activation-di-and-factories,"Reviewed responsibility checklist seeded from Map v3; evidence is conservative current-corpus support, not proof of completeness."
A08-R01,A08,"Client, Browser & UI Engineering",Browser Platform,"Browser execution model, DOM, events and browsing contexts",PARTIAL,1,javascript.browsing-contexts-popups-and-targets,1,javascript.browsing-contexts-popups-and-targets,"Reviewed responsibility checklist seeded from Map v3; evidence is conservative current-corpus support, not proof of completeness."
A08-R02,A08,"Client, Browser & UI Engineering",Browser Platform,"Navigation, URL, storage, workers and cross-context communication",PARTIAL,10,javascript.browser-download-navigation-and-blob-urls;javascript.browser-storage-lifetimes-and-security;javascript.browsing-contexts-popups-and-targets;javascript.cross-window-postmessage-security;javascript.web-storage-api;javascript.web-storage-events-and-failures;javascript.web-workers-messaging-and-module-loading;react.react-router-forms-react-hook-form-and-history,10,javascript.browser-download-navigation-and-blob-urls;javascript.browser-storage-lifetimes-and-security;javascript.browsing-contexts-popups-and-targets;javascript.cross-window-postmessage-security;javascript.web-storage-api;javascript.web-storage-events-and-failures;javascript.web-workers-messaging-and-module-loading;react.react-router-forms-react-hook-form-and-history,"Reviewed responsibility checklist seeded from Map v3; evidence is conservative current-corpus support, not proof of completeness."
A08-R03,A08,"Client, Browser & UI Engineering",Browser Platform,"Browser networking, file/platform APIs and rendering pipeline",PARTIAL,10,javascript.eventsource-client-lifecycle;javascript.fetch-requestinit-and-request-object;javascript.fetch-response-contract-and-wrapper-policy;javascript.websocket-client-lifecycle-backpressure-and-reconnect;javascript.xhr-lifecycle-progress-and-streaming;react.react-router-fetchers-and-local-mutations;react-query.prefetch-initialdata-placeholderdata-and-ensure;react-query.query-keys-refetch-and-declarative-dependencies,10,javascript.eventsource-client-lifecycle;javascript.fetch-requestinit-and-request-object;javascript.fetch-response-contract-and-wrapper-policy;javascript.websocket-client-lifecycle-backpressure-and-reconnect;javascript.xhr-lifecycle-progress-and-streaming;react.react-router-fetchers-and-local-mutations;react-query.prefetch-initialdata-placeholderdata-and-ensure;react-query.query-keys-refetch-and-declarative-dependencies,"Reviewed responsibility checklist seeded from Map v3; evidence is conservative current-corpus support, not proof of completeness."
A08-R04,A08,"Client, Browser & UI Engineering","Markup, Accessibility & Interaction","Semantic HTML, forms, accessibility tree, keyboard, focus and ARIA",PARTIAL,2,css.fullscreen-modal-overlay;react.svg-import-contracts-and-accessibility,2,css.fullscreen-modal-overlay;react.svg-import-contracts-and-accessibility,"Reviewed responsibility checklist seeded from Map v3; evidence is conservative current-corpus support, not proof of completeness."
A08-R05,A08,"Client, Browser & UI Engineering",CSS & Visual Implementation,"CSS cascade, box model, layout, positioning, flex and grid",PARTIAL,26,css.animation-keyframes-and-motion;css.bem-component-naming;css.flex-centering-axes-and-defaults;css.flex-item-shrink-and-basis;css.fullscreen-modal-overlay;css.header-positioning-and-centering;css.mobile-viewport-height-units;css.not-selector-exclusion,26,css.animation-keyframes-and-motion;css.bem-component-naming;css.flex-centering-axes-and-defaults;css.flex-item-shrink-and-basis;css.fullscreen-modal-overlay;css.header-positioning-and-centering;css.mobile-viewport-height-units;css.not-selector-exclusion,"Reviewed responsibility checklist seeded from Map v3; evidence is conservative current-corpus support, not proof of completeness."
A08-R06,A08,"Client, Browser & UI Engineering",CSS & Visual Implementation,"Stacking, overflow, responsive design, typography and motion",PARTIAL,10,css.animation-keyframes-and-motion;css.flex-centering-axes-and-defaults;css.flex-item-shrink-and-basis;css.fullscreen-modal-overlay;css.header-positioning-and-centering;css.mobile-viewport-height-units;css.positioning-constraint-equations;css.pseudo-element-positioning-and-stacking,10,css.animation-keyframes-and-motion;css.flex-centering-axes-and-defaults;css.flex-item-shrink-and-basis;css.fullscreen-modal-overlay;css.header-positioning-and-centering;css.mobile-viewport-height-units;css.positioning-constraint-equations;css.pseudo-element-positioning-and-stacking,"Reviewed responsibility checklist seeded from Map v3; evidence is conservative current-corpus support, not proof of completeness."
A08-R07,A08,"Client, Browser & UI Engineering",UI Composition & Rendering,"Component models, rendering, state, effects and subscriptions",PARTIAL,72,architecture.client-state-persistence-snapshot-lifecycle;aspnet-core.jquery-unobtrusive-validation-for-dynamic-forms;css.stacking-context-hierarchy-and-clipping;javascript.browser-download-navigation-and-blob-urls;javascript.browser-storage-lifetimes-and-security;javascript.browsing-contexts-popups-and-targets;javascript.cross-window-postmessage-security;javascript.web-storage-api,72,architecture.client-state-persistence-snapshot-lifecycle;aspnet-core.jquery-unobtrusive-validation-for-dynamic-forms;css.stacking-context-hierarchy-and-clipping;javascript.browser-download-navigation-and-blob-urls;javascript.browser-storage-lifetimes-and-security;javascript.browsing-contexts-popups-and-targets;javascript.cross-window-postmessage-security;javascript.web-storage-api,"Reviewed responsibility checklist seeded from Map v3; evidence is conservative current-corpus support, not proof of completeness."
A08-R08,A08,"Client, Browser & UI Engineering",Client Data & State,"Routing, forms and data loading",PARTIAL,37,aspnet-core.jquery-unobtrusive-validation-for-dynamic-forms;javascript.browser-download-navigation-and-blob-urls;javascript.browser-storage-lifetimes-and-security;javascript.browsing-contexts-popups-and-targets;javascript.cross-window-postmessage-security;javascript.eventsource-client-lifecycle;javascript.fetch-requestinit-and-request-object;javascript.fetch-response-contract-and-wrapper-policy,37,aspnet-core.jquery-unobtrusive-validation-for-dynamic-forms;javascript.browser-download-navigation-and-blob-urls;javascript.browser-storage-lifetimes-and-security;javascript.browsing-contexts-popups-and-targets;javascript.cross-window-postmessage-security;javascript.eventsource-client-lifecycle;javascript.fetch-requestinit-and-request-object;javascript.fetch-response-contract-and-wrapper-policy,"Reviewed responsibility checklist seeded from Map v3; evidence is conservative current-corpus support, not proof of completeness."
A08-R09,A08,"Client, Browser & UI Engineering",Client Data & State,"Local/server state, cache and invalidation",PARTIAL,34,react.zustand-immer-persist-and-custom-middleware;react.zustand-selectors-async-actions-and-subscriptions;react.zustand-store-creation-and-update-semantics;react-query.cache-http-and-browser-boundaries;react-query.cache-observers-and-auth-refresh;react-query.cache-removal-reset-and-invalidation;react-query.conditional-query-execution-and-ui;react-query.core-architecture-and-practical-patterns,34,react.zustand-immer-persist-and-custom-middleware;react.zustand-selectors-async-actions-and-subscriptions;react.zustand-store-creation-and-update-semantics;react-query.cache-http-and-browser-boundaries;react-query.cache-observers-and-auth-refresh;react-query.cache-removal-reset-and-invalidation;react-query.conditional-query-execution-and-ui;react-query.core-architecture-and-practical-patterns,"Reviewed responsibility checklist seeded from Map v3; evidence is conservative current-corpus support, not proof of completeness."
A08-R10,A08,"Client, Browser & UI Engineering",Client Data & State,Optimistic UI and error/loading state,PARTIAL,11,javascript.web-workers-messaging-and-module-loading;react.react-router-fetchers-and-local-mutations;react.react-router-loaders-actions-and-testing;react.react-router-matches-loader-data-handle-and-breadcrumbs;react.react-router-revalidation-navigation-state-and-redirects;react.react-router-route-errors-and-action-data;react.react-router-route-tree-and-navigation;react.router-location-state-and-effects,11,javascript.web-workers-messaging-and-module-loading;react.react-router-fetchers-and-local-mutations;react.react-router-loaders-actions-and-testing;react.react-router-matches-loader-data-handle-and-breadcrumbs;react.react-router-revalidation-navigation-state-and-redirects;react.react-router-route-errors-and-action-data;react.react-router-route-tree-and-navigation;react.router-location-state-and-effects,"Reviewed responsibility checklist seeded from Map v3; evidence is conservative current-corpus support, not proof of completeness."
A08-R11,A08,"Client, Browser & UI Engineering",Client Data & State,"Persistence, hydration and offline behavior",PARTIAL,5,architecture.client-state-persistence-snapshot-lifecycle;react.zustand-immer-persist-and-custom-middleware;react-query.network-mode-offline-validation-and-resume;react-query.persistence-hydration-and-cache-pruning;redux.persist-reducers-transforms-and-rehydration,5,architecture.client-state-persistence-snapshot-lifecycle;react.zustand-immer-persist-and-custom-middleware;react-query.network-mode-offline-validation-and-resume;react-query.persistence-hydration-and-cache-pruning;redux.persist-reducers-transforms-and-rehydration,"Reviewed responsibility checklist seeded from Map v3; evidence is conservative current-corpus support, not proof of completeness."
A08-R12,A08,"Client, Browser & UI Engineering",UI Composition & Rendering,"Frontend performance, code splitting and loading",PARTIAL,3,react.deferred-value-background-rendering;react.render-snapshots-batching-and-memoization;react-query.selector-purity-observers-and-performance,3,react.deferred-value-background-rendering;react.render-snapshots-batching-and-memoization;react-query.selector-purity-observers-and-performance,"Reviewed responsibility checklist seeded from Map v3; evidence is conservative current-corpus support, not proof of completeness."
A08-R13,A08,"Client, Browser & UI Engineering","Markup, Accessibility & Interaction","Feedback, error recovery, interaction consistency and usability",MISSING,0,,1,react.svg-import-contracts-and-accessibility,Semantic review: incidental/narrow evidence does not satisfy this generic responsibility; treat as explicit gap.
A09-R01,A09,Data & Persistence,Data Modeling & Integrity,"Relational model, entities, keys and relationships",PARTIAL,30,dotnet.hybridcache-key-tag-invalidation;ef-core.alternate-keys-and-principal-key-targets;ef-core.composite-keys-relationships-and-indexes;ef-core.entity-materialization-and-safe-constructors;ef-core.entityentry-navigations-explicit-load-and-query;ef-core.entityentry-state-values-and-property-control;ef-core.identity-sequences-and-hilo-key-generation;ef-core.keyless-models-vs-direct-sql-results,30,dotnet.hybridcache-key-tag-invalidation;ef-core.alternate-keys-and-principal-key-targets;ef-core.composite-keys-relationships-and-indexes;ef-core.entity-materialization-and-safe-constructors;ef-core.entityentry-navigations-explicit-load-and-query;ef-core.entityentry-state-values-and-property-control;ef-core.identity-sequences-and-hilo-key-generation;ef-core.keyless-models-vs-direct-sql-results,"Reviewed responsibility checklist seeded from Map v3; evidence is conservative current-corpus support, not proof of completeness."
A09-R02,A09,Data & Persistence,Data Modeling & Integrity,"Normalization, constraints, null semantics, invariants and history models",PARTIAL,3,sql-server.declarative-invariants-and-cross-row-enforcement;sql-server.schema-evolution-indexes-and-constraints;sql-server.table-schema-types-identifiers-and-foreign-keys,3,sql-server.declarative-invariants-and-cross-row-enforcement;sql-server.schema-evolution-indexes-and-constraints;sql-server.table-schema-types-identifiers-and-foreign-keys,"Reviewed responsibility checklist seeded from Map v3; evidence is conservative current-corpus support, not proof of completeness."
A09-R03,A09,Data & Persistence,Query Semantics & SQL,"SQL logical processing, joins, grouping, windows, CTEs and DML",PARTIAL,8,ef-core.executeupdate-executedelete-and-set-based-dml;ef-core.many-to-many-join-entities-and-delete-behavior;ef-core.trackgraph-disconnected-graphs-and-nodestate;sql.subquery-membership-and-existence;sql-server.dml-output-rowcount-and-table-variables;sql-server.logical-query-processing-order;sql-server.stored-procedure-contracts-and-result-channels;sql-server.window-functions-ranking-navigation-frames,8,ef-core.executeupdate-executedelete-and-set-based-dml;ef-core.many-to-many-join-entities-and-delete-behavior;ef-core.trackgraph-disconnected-graphs-and-nodestate;sql.subquery-membership-and-existence;sql-server.dml-output-rowcount-and-table-variables;sql-server.logical-query-processing-order;sql-server.stored-procedure-contracts-and-result-channels;sql-server.window-functions-ranking-navigation-frames,"Reviewed responsibility checklist seeded from Map v3; evidence is conservative current-corpus support, not proof of completeness."
A09-R04,A09,Data & Persistence,Query Performance & Indexing,"Indexes, SARGability, plans, cardinality, statistics and diagnosis",PARTIAL,27,ef-core.composite-keys-relationships-and-indexes;ef-core.database-view-and-defining-query-mapping;ef-core.entityentry-navigations-explicit-load-and-query;ef-core.fromsql-and-sqlquery-apis;ef-core.global-query-filters-and-required-navigations;ef-core.index-configuration;ef-core.iqueryable-repository-and-resource-boundaries;ef-core.json-converted-collections-and-sql-server-querying,27,ef-core.composite-keys-relationships-and-indexes;ef-core.database-view-and-defining-query-mapping;ef-core.entityentry-navigations-explicit-load-and-query;ef-core.fromsql-and-sqlquery-apis;ef-core.global-query-filters-and-required-navigations;ef-core.index-configuration;ef-core.iqueryable-repository-and-resource-boundaries;ef-core.json-converted-collections-and-sql-server-querying,"Reviewed responsibility checklist seeded from Map v3; evidence is conservative current-corpus support, not proof of completeness."
A09-R05,A09,Data & Persistence,Transactions & Concurrency,"Transactions, isolation, locking/MVCC, anomalies and recovery",PARTIAL,13,dotnet.ado-net-transactions-and-ef-core-state;ef-core.aggregate-version-etag-propagation;ef-core.autotransaction-currenttransaction-and-autosavepoints;ef-core.executeintransactionasync-ambiguous-commit-verification;ef-core.idbcontext-transaction-savepoints-and-dbtransaction-interop;ef-core.isolation-levels-and-retry-semantics;ef-core.optimistic-concurrency-resolution-and-savepoints;ef-core.rowversion-http-etag-concurrency,13,dotnet.ado-net-transactions-and-ef-core-state;ef-core.aggregate-version-etag-propagation;ef-core.autotransaction-currenttransaction-and-autosavepoints;ef-core.executeintransactionasync-ambiguous-commit-verification;ef-core.idbcontext-transaction-savepoints-and-dbtransaction-interop;ef-core.isolation-levels-and-retry-semantics;ef-core.optimistic-concurrency-resolution-and-savepoints;ef-core.rowversion-http-etag-concurrency,"Reviewed responsibility checklist seeded from Map v3; evidence is conservative current-corpus support, not proof of completeness."
A09-R06,A09,Data & Persistence,Storage & Database Systems,"Database storage/files, buffer/cache and connection/session lifecycle",PARTIAL,5,dotnet.ado-net-transactions-and-ef-core-state;ef-core.dbconnection-lifetime-setdbconnection-and-timeouts;ef-core.dbcontext-pooling-tenant-and-connection-state;redis.connection-and-data-structures;sql-server.mars-reader-interleaving-and-yield-points,5,dotnet.ado-net-transactions-and-ef-core-state;ef-core.dbconnection-lifetime-setdbconnection-and-timeouts;ef-core.dbcontext-pooling-tenant-and-connection-state;redis.connection-and-data-structures;sql-server.mars-reader-interleaving-and-yield-points,"Reviewed responsibility checklist seeded from Map v3; evidence is conservative current-corpus support, not proof of completeness."
A09-R07,A09,Data & Persistence,Storage & Database Systems,Schema migration and evolution,PARTIAL,4,ef-core.databasefacade-connectivity-and-migrations;ef-core.migrations-development-and-deployment-workflows;sql-server.database-creation-files-system-databases-and-batches;sql-server.schema-evolution-indexes-and-constraints,4,ef-core.databasefacade-connectivity-and-migrations;ef-core.migrations-development-and-deployment-workflows;sql-server.database-creation-files-system-databases-and-batches;sql-server.schema-evolution-indexes-and-constraints,"Reviewed responsibility checklist seeded from Map v3; evidence is conservative current-corpus support, not proof of completeness."
A09-R08,A09,Data & Persistence,Data Access & ORM,"ORM/data-access abstractions, mapping and relationships",PARTIAL,76,dotnet.ado-net-abstractions-portability-and-lifecycle;dotnet.ado-net-command-execution-and-row-mapping;dotnet.ado-net-transactions-and-ef-core-state;ef-core.alternate-keys-and-principal-key-targets;ef-core.autotransaction-currenttransaction-and-autosavepoints;ef-core.backing-fields-and-property-access-modes;ef-core.changetracker-detection-cascade-and-save-lifecycle;ef-core.changetracker-tracking-and-state-events,76,dotnet.ado-net-abstractions-portability-and-lifecycle;dotnet.ado-net-command-execution-and-row-mapping;dotnet.ado-net-transactions-and-ef-core-state;ef-core.alternate-keys-and-principal-key-targets;ef-core.autotransaction-currenttransaction-and-autosavepoints;ef-core.backing-fields-and-property-access-modes;ef-core.changetracker-detection-cascade-and-save-lifecycle;ef-core.changetracker-tracking-and-state-events,"Reviewed responsibility checklist seeded from Map v3; evidence is conservative current-corpus support, not proof of completeness."
A09-R09,A09,Data & Persistence,Data Access & ORM,"Unit of Work, identity/tracking and persistence lifecycle",PARTIAL,12,ef-core.changetracker-detection-cascade-and-save-lifecycle;ef-core.changetracker-tracking-and-state-events;ef-core.entity-materialization-and-safe-constructors;ef-core.entityentry-navigations-explicit-load-and-query;ef-core.entityentry-state-values-and-property-control;ef-core.savechanges-flush-lifecycle-and-rollback-scope;ef-core.savechanges-generated-values-batching-and-changetracker;ef-core.savechanges-interceptor-lifecycle-and-audit,12,ef-core.changetracker-detection-cascade-and-save-lifecycle;ef-core.changetracker-tracking-and-state-events;ef-core.entity-materialization-and-safe-constructors;ef-core.entityentry-navigations-explicit-load-and-query;ef-core.entityentry-state-values-and-property-control;ef-core.savechanges-flush-lifecycle-and-rollback-scope;ef-core.savechanges-generated-values-batching-and-changetracker;ef-core.savechanges-interceptor-lifecycle-and-audit,"Reviewed responsibility checklist seeded from Map v3; evidence is conservative current-corpus support, not proof of completeness."
A09-R10,A09,Data & Persistence,Data Access & ORM,"Query translation, materialization, raw SQL and bulk operations",PARTIAL,18,ef-core.dbcommand-interceptor-callbacks-and-sql-mutation;ef-core.dbcommand-interceptor-event-data-and-command-properties;ef-core.entity-materialization-and-safe-constructors;ef-core.executeupdate-executedelete-and-set-based-dml;ef-core.fromsql-and-sqlquery-apis;ef-core.fromsql-parameterization-and-dynamic-sql;ef-core.iqueryable-repository-and-resource-boundaries;ef-core.json-converted-collections-and-sql-server-querying,18,ef-core.dbcommand-interceptor-callbacks-and-sql-mutation;ef-core.dbcommand-interceptor-event-data-and-command-properties;ef-core.entity-materialization-and-safe-constructors;ef-core.executeupdate-executedelete-and-set-based-dml;ef-core.fromsql-and-sqlquery-apis;ef-core.fromsql-parameterization-and-dynamic-sql;ef-core.iqueryable-repository-and-resource-boundaries;ef-core.json-converted-collections-and-sql-server-querying,"Reviewed responsibility checklist seeded from Map v3; evidence is conservative current-corpus support, not proof of completeness."
A09-R11,A09,Data & Persistence,Caching & Derived State,"Caching, freshness, invalidation and derived/materialized state",PARTIAL,6,aspnet-core.distributed-cache-storage-and-invalidation;aspnet-core.imemorycache-expiration-invalidation-and-stampede;dotnet.hybridcache-key-tag-invalidation;dotnet.hybridcache-local-cache-flags;dotnet.hybridcache-registration-getorcreate-and-single-flight;sql-server.indexed-view-materialization-and-write-cost,6,aspnet-core.distributed-cache-storage-and-invalidation;aspnet-core.imemorycache-expiration-invalidation-and-stampede;dotnet.hybridcache-key-tag-invalidation;dotnet.hybridcache-local-cache-flags;dotnet.hybridcache-registration-getorcreate-and-single-flight;sql-server.indexed-view-materialization-and-write-cost,"Reviewed responsibility checklist seeded from Map v3; evidence is conservative current-corpus support, not proof of completeness."
A09-R12,A09,Data & Persistence,Data Processing & Search,"Batch/stream data processing, ETL, search and data-quality checks",PARTIAL,8,ef-core.query-performance-shape-diagnostics-and-batching;ef-core.savechanges-generated-values-batching-and-changetracker;ef-core.search-with-like;sql-server.bulk-import-staging-validation-and-recovery;sql-server.collation-search-and-sargability;sql-server.database-creation-files-system-databases-and-batches;sql-server.full-text-search;sql-server.sqlbulkcopy-api-options-and-mappings,8,ef-core.query-performance-shape-diagnostics-and-batching;ef-core.savechanges-generated-values-batching-and-changetracker;ef-core.search-with-like;sql-server.bulk-import-staging-validation-and-recovery;sql-server.collation-search-and-sargability;sql-server.database-creation-files-system-databases-and-batches;sql-server.full-text-search;sql-server.sqlbulkcopy-api-options-and-mappings,"Reviewed responsibility checklist seeded from Map v3; evidence is conservative current-corpus support, not proof of completeness."
A09-R13,A09,Data & Persistence,Other Data Systems,"Non-relational data models: key-value, document, graph and time-series",PARTIAL,3,redis.connection-and-data-structures;redis.server-key-scanning;redis.values-and-command-atomicity,3,redis.connection-and-data-structures;redis.server-key-scanning;redis.values-and-command-atomicity,"Reviewed responsibility checklist seeded from Map v3; evidence is conservative current-corpus support, not proof of completeness."
A10-R01,A10,Distributed Systems & Resilience,Distributed Foundations & Scaling,"Partial failure, partitions, latency and failure detection",MISSING,0,,1,dotnet.polly-rate-limiter-strategies-and-partitions,Semantic review: incidental/narrow evidence does not satisfy this generic responsibility; treat as explicit gap.
A10-R02,A10,Distributed Systems & Resilience,Distributed Foundations & Scaling,"Distributed time, ordering and causality",MISSING,0,,1,dotnet.polly-strategy-ordering-hedging-and-exception-flow,Semantic review: incidental/narrow evidence does not satisfy this generic responsibility; treat as explicit gap.
A10-R03,A10,Distributed Systems & Resilience,Coordination & Consistency,"Consistency models, replication, quorum, leader election and consensus",PARTIAL,2,dotnet.hybridcache-multi-instance-l1-l2-coherence;redis.cache-stampede-and-token-owned-locks,2,dotnet.hybridcache-multi-instance-l1-l2-coherence;redis.cache-stampede-and-token-owned-locks,"Reviewed responsibility checklist seeded from Map v3; evidence is conservative current-corpus support, not proof of completeness."
A10-R04,A10,Distributed Systems & Resilience,Distributed Foundations & Scaling,"Sharding, rebalancing, service discovery and stateful/stateless scaling",PARTIAL,2,architecture.horizontal-scaling-and-state;architecture.microservices-boundaries-and-costs,2,architecture.horizontal-scaling-and-state;architecture.microservices-boundaries-and-costs,"Reviewed responsibility checklist seeded from Map v3; evidence is conservative current-corpus support, not proof of completeness."
A10-R05,A10,Distributed Systems & Resilience,Messaging & Delivery,"Queues, pub/sub, streams/logs and consumer groups",MISSING,0,,1,architecture.horizontal-scaling-and-state,Semantic review: incidental/narrow evidence does not satisfy this generic responsibility; treat as explicit gap.
A10-R06,A10,Distributed Systems & Resilience,Messaging & Delivery,"Delivery semantics, duplicates, ordering, DLQ and message evolution",MISSING,0,,0,,Semantic review: incidental/narrow evidence does not satisfy this generic responsibility; treat as explicit gap.
A10-R07,A10,Distributed Systems & Resilience,Distributed Workflows & Consistency Patterns,"Idempotency, outbox, inbox and deduplication",MISSING,0,,0,,Semantic review: incidental/narrow evidence does not satisfy this generic responsibility; treat as explicit gap.
A10-R08,A10,Distributed Systems & Resilience,Distributed Workflows & Consistency Patterns,"Saga, compensation, distributed transactions and eventual consistency",MISSING,0,,0,,Semantic review: incidental/narrow evidence does not satisfy this generic responsibility; treat as explicit gap.
A10-R09,A10,Distributed Systems & Resilience,Resilience & Traffic Control,"Timeouts, retries, backoff, circuit breakers and bulkheads",PARTIAL,6,dotnet.polly-http-policy-helpers-and-httpclient-integration;dotnet.polly-pipeline-execution-and-resilience-context;dotnet.polly-rate-limiter-strategies-and-partitions;dotnet.polly-retry-outcomes-delays-and-request-metadata;dotnet.polly-strategy-ordering-hedging-and-exception-flow;ef-core.execution-strategies-retry-behavior-and-configuration,6,dotnet.polly-http-policy-helpers-and-httpclient-integration;dotnet.polly-pipeline-execution-and-resilience-context;dotnet.polly-rate-limiter-strategies-and-partitions;dotnet.polly-retry-outcomes-delays-and-request-metadata;dotnet.polly-strategy-ordering-hedging-and-exception-flow;ef-core.execution-strategies-retry-behavior-and-configuration,"Reviewed responsibility checklist seeded from Map v3; evidence is conservative current-corpus support, not proof of completeness."
A10-R10,A10,Distributed Systems & Resilience,Resilience & Traffic Control,"Rate limiting, load shedding, hedging, single-flight and stampede prevention",PARTIAL,8,dotnet.polly-http-policy-helpers-and-httpclient-integration;dotnet.polly-pipeline-execution-and-resilience-context;dotnet.polly-rate-limiter-strategies-and-partitions;dotnet.polly-retry-outcomes-delays-and-request-metadata;dotnet.polly-strategy-ordering-hedging-and-exception-flow;ef-core.execution-strategies-retry-behavior-and-configuration;redis.cache-stampede-and-token-owned-locks;redis.expiring-counters-portability-and-distributed-throttling,8,dotnet.polly-http-policy-helpers-and-httpclient-integration;dotnet.polly-pipeline-execution-and-resilience-context;dotnet.polly-rate-limiter-strategies-and-partitions;dotnet.polly-retry-outcomes-delays-and-request-metadata;dotnet.polly-strategy-ordering-hedging-and-exception-flow;ef-core.execution-strategies-retry-behavior-and-configuration;redis.cache-stampede-and-token-owned-locks;redis.expiring-counters-portability-and-distributed-throttling,"Reviewed responsibility checklist seeded from Map v3; evidence is conservative current-corpus support, not proof of completeness."
A10-R11,A10,Distributed Systems & Resilience,Coordination & Consistency,"Distributed locks/leases, failover and graceful degradation",PARTIAL,1,redis.cache-stampede-and-token-owned-locks,1,redis.cache-stampede-and-token-owned-locks,"Reviewed responsibility checklist seeded from Map v3; evidence is conservative current-corpus support, not proof of completeness."
A11-R01,A11,Architecture & Design,Design Fundamentals,"Modularity, cohesion, coupling and dependency direction",MISSING,0,,0,,Semantic review: incidental/narrow evidence does not satisfy this generic responsibility; treat as explicit gap.
A11-R02,A11,Architecture & Design,Design Fundamentals,"Abstraction, encapsulation, composition and invariants",PARTIAL,2,architecture.abstraction-hierarchy-and-intent;architecture.encapsulation-invariants-and-legal-transitions,2,architecture.abstraction-hierarchy-and-intent;architecture.encapsulation-invariants-and-legal-transitions,"Reviewed responsibility checklist seeded from Map v3; evidence is conservative current-corpus support, not proof of completeness."
A11-R03,A11,Architecture & Design,Domain & Boundary Design,"Domain entities, values, aggregates, services, events and repository boundaries",PARTIAL,2,architecture.projections-vs-partial-aggregates;architecture.relationship-ownership-and-association-entities,2,architecture.projections-vs-partial-aggregates;architecture.relationship-ownership-and-association-entities,"Reviewed responsibility checklist seeded from Map v3; evidence is conservative current-corpus support, not proof of completeness."
A11-R04,A11,Architecture & Design,Architectural Styles,"Layered, hexagonal/ports-adapters, clean and modular-monolith styles",MISSING,0,,0,,Semantic review: incidental/narrow evidence does not satisfy this generic responsibility; treat as explicit gap.
A11-R05,A11,Architecture & Design,Architectural Styles,"Microservices, event-driven, CQRS, vertical slice and serverless styles",MISSING,0,,0,,Semantic review: incidental/narrow evidence does not satisfy this generic responsibility; treat as explicit gap.
A11-R06,A11,Architecture & Design,Architecture Reasoning,Quality attributes and architecture trade-off analysis,MISSING,0,,0,,Semantic review: incidental/narrow evidence does not satisfy this generic responsibility; treat as explicit gap.
A11-R07,A11,Architecture & Design,Architecture Reasoning,"ADRs, evaluation, evolutionary architecture and architecture diagrams",MISSING,0,,0,,Semantic review: incidental/narrow evidence does not satisfy this generic responsibility; treat as explicit gap.
A11-R08,A11,Architecture & Design,Architecture Reasoning,Boundary discovery and build-vs-buy/managed-service decisions,PARTIAL,2,architecture.projections-vs-partial-aggregates;architecture.relationship-ownership-and-association-entities,2,architecture.projections-vs-partial-aggregates;architecture.relationship-ownership-and-association-entities,"Reviewed responsibility checklist seeded from Map v3; evidence is conservative current-corpus support, not proof of completeness."
A11-R09,A11,Architecture & Design,Design Patterns,"Patterns, anti-patterns and refactoring-to-pattern trade-offs",MISSING,0,,0,,Semantic review: incidental/narrow evidence does not satisfy this generic responsibility; treat as explicit gap.
A12-R01,A12,Security & Identity,Security Foundations,"Assets, trust boundaries, threats and attack surface",PARTIAL,1,security.xss-sources-sinks-and-attack-flows,1,security.xss-sources-sinks-and-attack-flows,"Reviewed responsibility checklist seeded from Map v3; evidence is conservative current-corpus support, not proof of completeness."
A12-R02,A12,Security & Identity,Security Foundations,"Least privilege, secure defaults and security invariants",MISSING,0,,0,,Semantic review: incidental/narrow evidence does not satisfy this generic responsibility; treat as explicit gap.
A12-R03,A12,Security & Identity,Identity & Access,"Authentication, sessions, tokens and federation",PARTIAL,30,architecture.bff-token-storage-and-refresh-lifecycle;aspnet-core.account-lockout-and-failed-login-throttling;aspnet-core.antiforgery-token-lifecycle;aspnet-core.authentication-properties-operation-and-session-state;aspnet-core.authentication-schemes-oidc-events-and-tickets;aspnet-core.authentication-ticket-principal-and-request-user;aspnet-core.basic-authentication-handler-and-clients;aspnet-core.claims-transformation-lifecycle,30,architecture.bff-token-storage-and-refresh-lifecycle;aspnet-core.account-lockout-and-failed-login-throttling;aspnet-core.antiforgery-token-lifecycle;aspnet-core.authentication-properties-operation-and-session-state;aspnet-core.authentication-schemes-oidc-events-and-tickets;aspnet-core.authentication-ticket-principal-and-request-user;aspnet-core.basic-authentication-handler-and-clients;aspnet-core.claims-transformation-lifecycle,"Reviewed responsibility checklist seeded from Map v3; evidence is conservative current-corpus support, not proof of completeness."
A12-R04,A12,Security & Identity,Identity & Access,Authorization and access-control models,PARTIAL,7,aspnet-core.authorization-middleware-policy-evaluator-and-result-handler;aspnet-core.authorization-policy-requirements-and-pending-lifecycle;aspnet-core.cookie-policy-callbacks-and-deletion;security.csp-trusted-types-and-browser-storage-boundaries;security.oauth-oidc-token-roles-and-code-pkce;security.recaptcha-server-verification-and-risk-policy;sql-server.logins-users-roles-and-permissions,7,aspnet-core.authorization-middleware-policy-evaluator-and-result-handler;aspnet-core.authorization-policy-requirements-and-pending-lifecycle;aspnet-core.cookie-policy-callbacks-and-deletion;security.csp-trusted-types-and-browser-storage-boundaries;security.oauth-oidc-token-roles-and-code-pkce;security.recaptcha-server-verification-and-risk-policy;sql-server.logins-users-roles-and-permissions,"Reviewed responsibility checklist seeded from Map v3; evidence is conservative current-corpus support, not proof of completeness."
A12-R05,A12,Security & Identity,Identity & Access,"MFA, passkeys and account recovery",PARTIAL,6,aspnet-core.account-activation-email-confirmation-flow;aspnet-core.account-lockout-and-failed-login-throttling;aspnet-core.otpauth-uri-construction;aspnet-core.totp-enrollment-and-verification;dotnet.totp-secret-generation-and-base32-encoding;security.mfa-factor-selection-trusted-devices-and-recovery,6,aspnet-core.account-activation-email-confirmation-flow;aspnet-core.account-lockout-and-failed-login-throttling;aspnet-core.otpauth-uri-construction;aspnet-core.totp-enrollment-and-verification;dotnet.totp-secret-generation-and-base32-encoding;security.mfa-factor-selection-trusted-devices-and-recovery,"Reviewed responsibility checklist seeded from Map v3; evidence is conservative current-corpus support, not proof of completeness."
A12-R06,A12,Security & Identity,Application & Browser Security,"Injection, XSS, CSRF, SSRF, path/file and deserialization risks",PARTIAL,10,aspnet-core.antiforgery-token-lifecycle;aspnet-core.cookie-policy-callbacks-and-deletion;aspnet-core.safe-return-url-login-flow;react.recaptcha-v2-v3-widget-and-token-lifecycle;security.cors-and-antiforgery-boundaries;security.cross-origin-embedding-and-side-channels;security.csp-trusted-types-and-browser-storage-boundaries;security.html-sanitization-and-contextual-output,10,aspnet-core.antiforgery-token-lifecycle;aspnet-core.cookie-policy-callbacks-and-deletion;aspnet-core.safe-return-url-login-flow;react.recaptcha-v2-v3-widget-and-token-lifecycle;security.cors-and-antiforgery-boundaries;security.cross-origin-embedding-and-side-channels;security.csp-trusted-types-and-browser-storage-boundaries;security.html-sanitization-and-contextual-output,"Reviewed responsibility checklist seeded from Map v3; evidence is conservative current-corpus support, not proof of completeness."
A12-R07,A12,Security & Identity,Application & Browser Security,"Same-origin/CORS, CSP, Trusted Types, clickjacking and browser storage security",PARTIAL,2,security.cors-and-antiforgery-boundaries;security.csp-trusted-types-and-browser-storage-boundaries,2,security.cors-and-antiforgery-boundaries;security.csp-trusted-types-and-browser-storage-boundaries,"Reviewed responsibility checklist seeded from Map v3; evidence is conservative current-corpus support, not proof of completeness."
A12-R08,A12,Security & Identity,Cryptography & Credential Protection,"Hashing/KDF, MAC, encryption, signatures and randomness",PARTIAL,5,aspnet-core.data-protection-reset-tokens;dotnet.cryptographic-randomness-and-unbiased-ranges;dotnet.password-hashing-verification-and-upgrades;dotnet.totp-secret-generation-and-base32-encoding;security.jwt-signing-keys-kid-and-jwks-rotation,5,aspnet-core.data-protection-reset-tokens;dotnet.cryptographic-randomness-and-unbiased-ranges;dotnet.password-hashing-verification-and-upgrades;dotnet.totp-secret-generation-and-base32-encoding;security.jwt-signing-keys-kid-and-jwks-rotation,"Reviewed responsibility checklist seeded from Map v3; evidence is conservative current-corpus support, not proof of completeness."
A12-R09,A12,Security & Identity,Cryptography & Credential Protection,"Keys, certificates, storage and rotation",PARTIAL,1,security.jwt-signing-keys-kid-and-jwks-rotation,1,security.jwt-signing-keys-kid-and-jwks-rotation,"Reviewed responsibility checklist seeded from Map v3; evidence is conservative current-corpus support, not proof of completeness."
A12-R10,A12,Security & Identity,Security Architecture,Threat modeling and security requirements,MISSING,0,,1,security.xss-sources-sinks-and-attack-flows,Semantic review: incidental/narrow evidence does not satisfy this generic responsibility; treat as explicit gap.
A12-R11,A12,Security & Identity,Secure Software Lifecycle,"Secure design/coding/build, verification, remediation and security update lifecycle",MISSING,0,,0,,Semantic review: incidental/narrow evidence does not satisfy this generic responsibility; treat as explicit gap.
A12-R12,A12,Security & Identity,Security Architecture,"Secrets, security logging/audit, supply-chain/SBOM and hardening",MISSING,0,,1,dotnet.totp-secret-generation-and-base32-encoding,Semantic review: incidental/narrow evidence does not satisfy this generic responsibility; treat as explicit gap.
A13-R01,A13,"Testing, Debugging & Quality Engineering",Testing Strategy & Tooling,"Testing purpose, confidence model, levels and strategy",MISSING,0,,5,dotnet.httpclient-testing-with-message-handlers;react-query.testing-with-queryclient-and-msw;testing.react-router-redirect-tests;testing.testing-library-query-and-wait-semantics;testing.vitest-module-mocking,Semantic review: incidental/narrow evidence does not satisfy this generic responsibility; treat as explicit gap.
A13-R02,A13,"Testing, Debugging & Quality Engineering",Testing Strategy & Tooling,"Isolation, doubles, fixtures, data and environment strategy",PARTIAL,5,dotnet.httpclient-testing-with-message-handlers;react-query.testing-with-queryclient-and-msw;testing.testing-library-query-and-wait-semantics;testing.vitest-module-mocking;testing.vitest-react-environment-errors,5,dotnet.httpclient-testing-with-message-handlers;react-query.testing-with-queryclient-and-msw;testing.testing-library-query-and-wait-semantics;testing.vitest-module-mocking;testing.vitest-react-environment-errors,"Reviewed responsibility checklist seeded from Map v3; evidence is conservative current-corpus support, not proof of completeness."
A13-R03,A13,"Testing, Debugging & Quality Engineering",Testing Strategy & Tooling,Determinism and flakiness control,MISSING,0,,0,,Semantic review: incidental/narrow evidence does not satisfy this generic responsibility; treat as explicit gap.
A13-R04,A13,"Testing, Debugging & Quality Engineering",Test Design Techniques,"Boundary, equivalence, state, decision-table, pairwise and risk-based techniques",MISSING,0,,0,,Semantic review: incidental/narrow evidence does not satisfy this generic responsibility; treat as explicit gap.
A13-R05,A13,"Testing, Debugging & Quality Engineering",Specialized Testing,"Contract, property-based, fuzzing and mutation testing",MISSING,0,,0,,Semantic review: incidental/narrow evidence does not satisfy this generic responsibility; treat as explicit gap.
A13-R06,A13,"Testing, Debugging & Quality Engineering",Specialized Testing,"Concurrency, database, browser/UI and security testing",MISSING,0,,0,,"Reviewed responsibility checklist seeded from Map v3; evidence is conservative current-corpus support, not proof of completeness."
A13-R07,A13,"Testing, Debugging & Quality Engineering",Specialized Testing,"Performance/load/stress, chaos and recovery testing",MISSING,0,,0,,Semantic review: incidental/narrow evidence does not satisfy this generic responsibility; treat as explicit gap.
A13-R08,A13,"Testing, Debugging & Quality Engineering",Coverage & Quality,"Coverage interpretation, static analysis, quality gates and maintainability signals",MISSING,0,,0,,Semantic review: incidental/narrow evidence does not satisfy this generic responsibility; treat as explicit gap.
A13-R09,A13,"Testing, Debugging & Quality Engineering",Debugging & Diagnosis,"Reproduction, hypotheses, debugger, traces, stack traces and dumps",PARTIAL,1,testing.vitest-react-environment-errors,1,testing.vitest-react-environment-errors,"Reviewed responsibility checklist seeded from Map v3; evidence is conservative current-corpus support, not proof of completeness."
A13-R10,A13,"Testing, Debugging & Quality Engineering",Debugging & Diagnosis,"Profiling, benchmarking and performance investigation",MISSING,0,,0,,Semantic review: incidental/narrow evidence does not satisfy this generic responsibility; treat as explicit gap.
A13-R11,A13,"Testing, Debugging & Quality Engineering",Debugging & Diagnosis,Race-condition and production/local diagnosis boundaries,MISSING,0,,1,testing.vitest-react-environment-errors,Semantic review: incidental/narrow evidence does not satisfy this generic responsibility; treat as explicit gap.
A13-R12,A13,"Testing, Debugging & Quality Engineering",Reviews,"Code review, design review and inspection/checklist techniques",MISSING,0,,0,,Semantic review: incidental/narrow evidence does not satisfy this generic responsibility; treat as explicit gap.
A14-R01,A14,Software Lifecycle & Engineering Practice,Requirements & Problem Definition,"Problem framing, stakeholders, functional/nonfunctional requirements and constraints",MISSING,0,,0,,Semantic review: incidental/narrow evidence does not satisfy this generic responsibility; treat as explicit gap.
A14-R02,A14,Software Lifecycle & Engineering Practice,Construction & Change Practice,"Readable construction, refactoring, documentation and small iterative change",MISSING,0,,0,,Semantic review: incidental/narrow evidence does not satisfy this generic responsibility; treat as explicit gap.
A14-R03,A14,Software Lifecycle & Engineering Practice,Construction & Change Practice,"Technical debt, compatibility, API evolution, deprecation, migration and feature flags",MISSING,0,,0,,Semantic review: incidental/narrow evidence does not satisfy this generic responsibility; treat as explicit gap.
A14-R04,A14,Software Lifecycle & Engineering Practice,Source & Configuration Management,"Version control, commits, branching, merging, rebasing and conflicts",MISSING,0,,0,,Semantic review: incidental/narrow evidence does not satisfy this generic responsibility; treat as explicit gap.
A14-R05,A14,Software Lifecycle & Engineering Practice,Source & Configuration Management,"Configuration items, releases/versioning, dependencies and lockfiles",MISSING,0,,0,,Semantic review: incidental/narrow evidence does not satisfy this generic responsibility; treat as explicit gap.
A14-R06,A14,Software Lifecycle & Engineering Practice,Maintenance & Evolution,"Maintenance modes, legacy change, upgrades, rollback and obsolescence",MISSING,0,,0,,Semantic review: incidental/narrow evidence does not satisfy this generic responsibility; treat as explicit gap.
A14-R07,A14,Software Lifecycle & Engineering Practice,Developer Workflow & Tooling,"Dev environments, reproducibility, build/package/workspace and automation tooling",PARTIAL,1,javascript.vite-development-proxy-and-spa-orchestration,1,javascript.vite-development-proxy-and-spa-orchestration,"Reviewed responsibility checklist seeded from Map v3; evidence is conservative current-corpus support, not proof of completeness."
A14-R08,A14,Software Lifecycle & Engineering Practice,Development Process & Technical Communication,"Iterative process, work decomposition, definition of done and risk sequencing",MISSING,0,,0,,Semantic review: incidental/narrow evidence does not satisfy this generic responsibility; treat as explicit gap.
A14-R09,A14,Software Lifecycle & Engineering Practice,Development Process & Technical Communication,"Decision capture, handoffs, estimation and technical communication",MISSING,0,,0,,Semantic review: incidental/narrow evidence does not satisfy this generic responsibility; treat as explicit gap.
A14-R10,A14,Software Lifecycle & Engineering Practice,Development Process & Technical Communication,"Licensing, open-source obligations and professional/ethical constraints",MISSING,0,,0,,Semantic review: incidental/narrow evidence does not satisfy this generic responsibility; treat as explicit gap.
A14-R11,A14,Software Lifecycle & Engineering Practice,Engineering Economics & Decision Basics,"Cost of change, opportunity cost, build-vs-buy, TCO, risk and reversibility",MISSING,0,,0,,Semantic review: incidental/narrow evidence does not satisfy this generic responsibility; treat as explicit gap.
A15-R01,A15,"Observability, Operations & Delivery",Reliability Objectives,"SLIs, SLOs, error budgets and reliability targets",MISSING,0,,0,,Semantic review: incidental/narrow evidence does not satisfy this generic responsibility; treat as explicit gap.
A15-R02,A15,"Observability, Operations & Delivery",Observability,Structured logging and event design,MISSING,0,,0,,Semantic review: incidental/narrow evidence does not satisfy this generic responsibility; treat as explicit gap.
A15-R03,A15,"Observability, Operations & Delivery",Observability,"Metrics, metric types and cardinality",MISSING,0,,0,,Semantic review: incidental/narrow evidence does not satisfy this generic responsibility; treat as explicit gap.
A15-R04,A15,"Observability, Operations & Delivery",Observability,"Tracing, context propagation and OpenTelemetry",MISSING,0,,0,,Semantic review: incidental/narrow evidence does not satisfy this generic responsibility; treat as explicit gap.
A15-R05,A15,"Observability, Operations & Delivery",Observability,"Dashboards, alerting and white/black-box monitoring",MISSING,0,,0,,Semantic review: incidental/narrow evidence does not satisfy this generic responsibility; treat as explicit gap.
A15-R06,A15,"Observability, Operations & Delivery",Reliability Operations,"Health, liveness/readiness, startup sequencing and graceful shutdown",MISSING,0,,0,,Semantic review: incidental/narrow evidence does not satisfy this generic responsibility; treat as explicit gap.
A15-R07,A15,"Observability, Operations & Delivery",Reliability Operations,"Capacity, saturation and operational load shedding",PARTIAL,1,architecture.server-resource-saturation,1,architecture.server-resource-saturation,"Reviewed responsibility checklist seeded from Map v3; evidence is conservative current-corpus support, not proof of completeness."
A15-R08,A15,"Observability, Operations & Delivery",Reliability Operations,"Backup/restore, disaster recovery and failover",MISSING,0,,0,,Semantic review: incidental/narrow evidence does not satisfy this generic responsibility; treat as explicit gap.
A15-R09,A15,"Observability, Operations & Delivery",Automation & Operational Configuration,"Operational configuration, validation/versioning, automation and toil reduction",MISSING,0,,0,,Semantic review: incidental/narrow evidence does not satisfy this generic responsibility; treat as explicit gap.
A15-R10,A15,"Observability, Operations & Delivery",Release Engineering & Delivery,"Build pipelines, artifacts and reproducible/hermetic builds",MISSING,0,,0,,Semantic review: incidental/narrow evidence does not satisfy this generic responsibility; treat as explicit gap.
A15-R11,A15,"Observability, Operations & Delivery",Release Engineering & Delivery,"CI/CD, environments, config/secrets injection and database migration deployment",MISSING,0,,1,architecture.server-resource-saturation,Semantic review: incidental/narrow evidence does not satisfy this generic responsibility; treat as explicit gap.
A15-R12,A15,"Observability, Operations & Delivery",Release Engineering & Delivery,"Release strategies, rollback, provenance and production-readiness review",MISSING,0,,0,,Semantic review: incidental/narrow evidence does not satisfy this generic responsibility; treat as explicit gap.
A15-R13,A15,"Observability, Operations & Delivery",Infrastructure & Platform,"Containers, images, registries, orchestration, IaC and cloud/platform models",MISSING,0,,0,,Semantic review: incidental/narrow evidence does not satisfy this generic responsibility; treat as explicit gap.
A15-R14,A15,"Observability, Operations & Delivery",Production Operations,"Incident response, runbooks, on-call, postmortems and production debugging",MISSING,0,,0,,Semantic review: incidental/narrow evidence does not satisfy this generic responsibility; treat as explicit gap.
A15-R15,A15,"Observability, Operations & Delivery",Production Operations,"Operational ownership, cost/capacity and external-dependency readiness",MISSING,0,,0,,Semantic review: incidental/narrow evidence does not satisfy this generic responsibility; treat as explicit gap.
